domain,source
1ngi.gateshead.gov.uk,swh_gov_domains
3bwpoc.westminster.gov.uk,swh_gov_domains
3g.thurrock.gov.uk,swh_gov_domains
a1.manchester.gov.uk,swh_gov_domains
abacus.essexcc.gov.uk,swh_gov_domains
abacusextranet.liverpool.gov.uk,swh_gov_domains
abacustest.essexcc.gov.uk,swh_gov_domains
abacustest.liverpool.gov.uk,swh_gov_domains
abacustraining.liverpool.gov.uk,swh_gov_domains
abca.walsall.gov.uk,swh_gov_domains
abcalculator.bis.gov.uk,swh_gov_domains
aberdeencity.gov.uk,swh_gov_domains
aberdeenshire.gov.uk,swh_gov_domains
abs.bolton.gov.uk,swh_gov_domains
absencereporting.greenwich.gov.uk,swh_gov_domains
academyvisits.bolton.gov.uk,swh_gov_domains
access.armagh.gov.uk,swh_gov_domains
access.babergh.gov.uk,swh_gov_domains
access.derrycity.gov.uk,swh_gov_domains
access.firescotland.gov.uk,swh_gov_domains
access.gateshead.gov.uk,swh_gov_domains
access.halton.gov.uk,swh_gov_domains
access.havering.gov.uk,swh_gov_domains
access.hinckley-bosworth.gov.uk,swh_gov_domains
access.leicester.gov.uk,swh_gov_domains
access.lichfielddc.gov.uk,swh_gov_domains
access.lincoln.gov.uk,swh_gov_domains
access.milton-keynes.gov.uk,swh_gov_domains
access.mole-valley.gov.uk,swh_gov_domains
access.oadby-wigston.gov.uk,swh_gov_domains
access.ofsted.gov.uk,swh_gov_domains
access.shropshire.gov.uk,swh_gov_domains
access.snh.gov.uk,swh_gov_domains
access.tpr.gov.uk,swh_gov_domains
access.westoxon.gov.uk,swh_gov_domains
access.wyreforestdc.gov.uk,swh_gov_domains
access2.shropshire.gov.uk,swh_gov_domains
accessgateway.lincolnshire.gov.uk,swh_gov_domains
accmap.rotherham.gov.uk,swh_gov_domains
accountsonline.camden.gov.uk,swh_gov_domains
activesync.nihe.gov.uk,swh_gov_domains
actoncopenhagen.decc.gov.uk,swh_gov_domains
ad.torridge.gov.uk,swh_gov_domains
adcaccess.adur.gov.uk,swh_gov_domains
addressbook.newham.gov.uk,swh_gov_domains
adelante.chichester.gov.uk,swh_gov_domains
adfs.ealing.gov.uk,swh_gov_domains
admin.armagh.gov.uk,swh_gov_domains
admin.eca.gov.uk,swh_gov_domains
admin.events.businesslink.gov.uk,swh_gov_domains
admin.everychildmatters.gov.uk,swh_gov_domains
admin.kentparishes.gov.uk,swh_gov_domains
admin.legislation.gov.uk,swh_gov_domains
admin.localdirect.gov.uk,swh_gov_domains
admin.open.kent.gov.uk,swh_gov_domains
admin.parentscentre.gov.uk,swh_gov_domains
admin.signon.defra.gov.uk,swh_gov_domains
admin.sns.gov.uk,swh_gov_domains
admin.teachernet.gov.uk,swh_gov_domains
admin.ukti.gov.uk,swh_gov_domains
administration.thepensionsregulator.gov.uk,swh_gov_domains
adminnationalcareersservice.direct.gov.uk,swh_gov_domains
admissions.bury.gov.uk,swh_gov_domains
admissions.eastsussex.gov.uk,swh_gov_domains
admissions.medway.gov.uk,swh_gov_domains
admissions.oxfordshire.gov.uk,swh_gov_domains
admissions.peterborough.gov.uk,swh_gov_domains
admissions.plymouth.gov.uk,swh_gov_domains
admissions.portsmouth.gov.uk,swh_gov_domains
admissions.rotherham.gov.uk,swh_gov_domains
admissions.thurrock.gov.uk,swh_gov_domains
admissions.warwickshire.gov.uk,swh_gov_domains
admissions.wiltshire.gov.uk,swh_gov_domains
admissionsonline.norfolk.gov.uk,swh_gov_domains
adulteducation.cornwall.gov.uk,swh_gov_domains
adulteducation.kingston.gov.uk,swh_gov_domains
adultlearninggrant.lsc.gov.uk,swh_gov_domains
advancedbookings.worcester.gov.uk,swh_gov_domains
advertisingrates.ofmdfmni.gov.uk,swh_gov_domains
ae01.ofsted.gov.uk,swh_gov_domains
aecenrol.westsussex.gov.uk,swh_gov_domains
aeedge.calderdale.gov.uk,swh_gov_domains
ag.hullcc.gov.uk,swh_gov_domains
ag.north-ayrshire.gov.uk,swh_gov_domains
ag.sevenoaks.gov.uk,swh_gov_domains
agate.rochdale.gov.uk,swh_gov_domains
agma.gov.uk,swh_gov_domains
agon.uksport.gov.uk,swh_gov_domains
agw.staffordshire.gov.uk,swh_gov_domains
aic.mhra.gov.uk,swh_gov_domains
aims.buyingsolutions.gov.uk,swh_gov_domains
aims.defra.gov.uk,swh_gov_domains
aimstest.dh.gov.uk,swh_gov_domains
alba.northlan.gov.uk,swh_gov_domains
alert.birminghamprepared.gov.uk,swh_gov_domains
allocations.tda.gov.uk,swh_gov_domains
alope.eastdorsetdc.gov.uk,swh_gov_domains
alpha.shropshirefire.gov.uk,swh_gov_domains
am2010.walsall.gov.uk,swh_gov_domains
amber.carmarthenshire.gov.uk,swh_gov_domains
ambervalley.gov.uk,swh_gov_domains
ames.defra.gov.uk,swh_gov_domains
amestraining.defra.gov.uk,swh_gov_domains
amethyst.gov.uk,swh_gov_domains
ams.uksport.gov.uk,swh_gov_domains
analytics.hse.gov.uk,swh_gov_domains
anglesey.gov.uk,swh_gov_domains
angliarevenues.gov.uk,swh_gov_domains
angus.gov.uk,swh_gov_domains
animalhealthscotland.gov.uk,swh_gov_domains
annual.standardsforengland.gov.uk,swh_gov_domains
antrim.gov.uk,swh_gov_domains
anycomms.centralbedfordshire.gov.uk,swh_gov_domains
anytime.northtyneside.gov.uk,swh_gov_domains
anywhere.bolton.gov.uk,swh_gov_domains
anywhere.dacorum.gov.uk,swh_gov_domains
anywhere.staffordbc.gov.uk,swh_gov_domains
anywhere.sthelens.gov.uk,swh_gov_domains
ap2.niassembly.gov.uk,swh_gov_domains
ap22-0029.nottscc.gov.uk,swh_gov_domains
apd.nelincs.gov.uk,swh_gov_domains
api-portal.tfl.gov.uk,swh_gov_domains
api.swale.gov.uk,swh_gov_domains
apollo.southkesteven.gov.uk,swh_gov_domains
aportal.niassembly.gov.uk,swh_gov_domains
app-sparnet-ext.devon.gov.uk,swh_gov_domains
appealsservicejudiciary.gov.uk,swh_gov_domains
applications.barnsley.gov.uk,swh_gov_domains
applications.dcal-fishingni.gov.uk,swh_gov_domains
applications.drdni.gov.uk,swh_gov_domains
applications.eppingforestdc.gov.uk,swh_gov_domains
applications.historic-scotland.gov.uk,swh_gov_domains
applications.huntsdc.gov.uk,swh_gov_domains
applications.lsc.gov.uk,swh_gov_domains
applications.planningni.gov.uk,swh_gov_domains
applications.redditchbc.gov.uk,swh_gov_domains
applications.roadsni.gov.uk,swh_gov_domains
applications.sthelens.gov.uk,swh_gov_domains
applications.wyreforestdc.gov.uk,swh_gov_domains
apprenticeshipvacancymatchingservice.lsc.gov.uk,swh_gov_domains
apps.aylesburyvaledc.gov.uk,swh_gov_domains
apps.buckscc.gov.uk,swh_gov_domains
apps.cambridge.gov.uk,swh_gov_domains
apps.erewash.gov.uk,swh_gov_domains
apps.lbhf.gov.uk,swh_gov_domains
apps.lincolnshire.gov.uk,swh_gov_domains
apps.luton.gov.uk,swh_gov_domains
apps.oisc.gov.uk,swh_gov_domains
apps.peterborough.gov.uk,swh_gov_domains
apps.preston.gov.uk,swh_gov_domains
apps.salford.gov.uk,swh_gov_domains
apps.southend.gov.uk,swh_gov_domains
apps.wakefield.gov.uk,swh_gov_domains
apps.wrexham.gov.uk,swh_gov_domains
apps02.exeter.gov.uk,swh_gov_domains
apps1.buckscc.gov.uk,swh_gov_domains
apps1.lbhf.gov.uk,swh_gov_domains
apps1.suffolkcoastal.gov.uk,swh_gov_domains
apps2.buckscc.gov.uk,swh_gov_domains
apps2.lbhf.gov.uk,swh_gov_domains
apps2.suffolkcoastal.gov.uk,swh_gov_domains
apps3.lbhf.gov.uk,swh_gov_domains
apps3.suffolkcoastal.gov.uk,swh_gov_domains
appweb.caerphilly.gov.uk,swh_gov_domains
aquadat.gov.uk,swh_gov_domains
arc3.cambridgeshire.gov.uk,swh_gov_domains
archive.tameside.gov.uk,swh_gov_domains
archive.wrexham.gov.uk,swh_gov_domains
archmglisol.bridgend.gov.uk,swh_gov_domains
arlein.wefo.cymru.gov.uk,swh_gov_domains
arolwg.gwynedd.gov.uk,swh_gov_domains
artl.ros.gov.uk,swh_gov_domains
artl.train.ros.gov.uk,swh_gov_domains
arun.gov.uk,swh_gov_domains
as.cwa.salford.gov.uk,swh_gov_domains
as.lincolnshire.gov.uk,swh_gov_domains
asb.portsmouth.gov.uk,swh_gov_domains
asbo.salford.gov.uk,swh_gov_domains
asc.eastsussex.gov.uk,swh_gov_domains
ascrmtrain.skillsfundingagency.bis.gov.uk,swh_gov_domains
ashfield-dc.gov.uk,swh_gov_domains
asjudiciary.gov.uk,swh_gov_domains
ask.bournemouth.gov.uk,swh_gov_domains
aspire.peterborough.gov.uk,swh_gov_domains
assessors.saa.gov.uk,swh_gov_domains
assets.contractsfinder.businesslink.gov.uk,swh_gov_domains
assets.digital.cabinet-office.gov.uk,swh_gov_domains
atas.fco.gov.uk,swh_gov_domains
athenaaccess.lda.gov.uk,swh_gov_domains
athenatransfer.lda.gov.uk,swh_gov_domains
atlasweb.warwickshire.gov.uk,swh_gov_domains
atmsbookings.staffordshire.gov.uk,swh_gov_domains
attachment.redbridge.gov.uk,swh_gov_domains
audit-commission.gov.uk,swh_gov_domains
auth.pnp.ogcbuyingsolutions.gov.uk,swh_gov_domains
authborg-staging.dwp.gov.uk,swh_gov_domains
authborg.dwp.gov.uk,swh_gov_domains
authenticate.fi.gateway.gov.uk,swh_gov_domains
authenticate.gateway.gov.uk,swh_gov_domains
authenticate.publications.teachernet.gov.uk,swh_gov_domains
authenticated.croydon.gov.uk,swh_gov_domains
authority.standardsforengland.gov.uk,swh_gov_domains
autodiscover.ad.torridge.gov.uk,swh_gov_domains
autodiscover.adur-worthing.gov.uk,swh_gov_domains
autodiscover.ballymoney.gov.uk,swh_gov_domains
autodiscover.banbury.gov.uk,swh_gov_domains
autodiscover.bicester.gov.uk,swh_gov_domains
autodiscover.boston.gov.uk,swh_gov_domains
autodiscover.brighton-hove.gov.uk,swh_gov_domains
autodiscover.broads-authority.gov.uk,swh_gov_domains
autodiscover.bury.gov.uk,swh_gov_domains
autodiscover.calderdale.gov.uk,swh_gov_domains
autodiscover.camden.gov.uk,swh_gov_domains
autodiscover.cannockchasedc.gov.uk,swh_gov_domains
autodiscover.castlepoint.gov.uk,swh_gov_domains
autodiscover.ceredigion.gov.uk,swh_gov_domains
autodiscover.cheshirefire.gov.uk,swh_gov_domains
autodiscover.chippenham.gov.uk,swh_gov_domains
autodiscover.chorley.gov.uk,swh_gov_domains
autodiscover.christchurchandeastdorset.gov.uk,swh_gov_domains
autodiscover.consumerdirect-westmidlands.gov.uk,swh_gov_domains
autodiscover.coventry.gcsx.gov.uk,swh_gov_domains
autodiscover.coventry.gov.uk,swh_gov_domains
autodiscover.crawley.gov.uk,swh_gov_domains
autodiscover.dartmoor-npa.gov.uk,swh_gov_domains
autodiscover.dartmoor.gov.uk,swh_gov_domains
autodiscover.derbys-fire.gov.uk,swh_gov_domains
autodiscover.derbyshire.gov.uk,swh_gov_domains
autodiscover.derrycity.gov.uk,swh_gov_domains
autodiscover.devonbuildingcontrol.gov.uk,swh_gov_domains
autodiscover.durham.gov.uk,swh_gov_domains
autodiscover.eastlothian.gov.uk,swh_gov_domains
autodiscover.educ.somerset.gov.uk,swh_gov_domains
autodiscover.education.doncaster.gov.uk,swh_gov_domains
autodiscover.environment-agency.gov.uk,swh_gov_domains
autodiscover.gloscc.gov.uk,swh_gov_domains
autodiscover.gloucestershire.gov.uk,swh_gov_domains
autodiscover.harrogate.gov.uk,swh_gov_domains
autodiscover.highpeak.gov.uk,swh_gov_domains
autodiscover.historic-scotland.gov.uk,swh_gov_domains
autodiscover.hounslow.gov.uk,swh_gov_domains
autodiscover.int.crawley.gov.uk,swh_gov_domains
autodiscover.internal.westminster.gov.uk,swh_gov_domains
autodiscover.lbbd.gov.uk,swh_gov_domains
autodiscover.lbhf.gov.uk,swh_gov_domains
autodiscover.lbwf.gov.uk,swh_gov_domains
autodiscover.leeds.gov.uk,swh_gov_domains
autodiscover.lewisham.gov.uk,swh_gov_domains
autodiscover.liverpool.gov.uk,swh_gov_domains
autodiscover.magherafelt.gov.uk,swh_gov_domains
autodiscover.malvernhills.gov.uk,swh_gov_domains
autodiscover.mansfield.gov.uk,swh_gov_domains
autodiscover.melton.gov.uk,swh_gov_domains
autodiscover.merseytravel.gov.uk,swh_gov_domains
autodiscover.mhs.gov.uk,swh_gov_domains
autodiscover.mpa.gov.uk,swh_gov_domains
autodiscover.nao.gsi.gov.uk,swh_gov_domains
autodiscover.nelincs.gcsx.gov.uk,swh_gov_domains
autodiscover.nelincs.gov.uk,swh_gov_domains
autodiscover.newcastle-staffs.gov.uk,swh_gov_domains
autodiscover.newcastle.gov.uk,swh_gov_domains
autodiscover.northyorksfire.gov.uk,swh_gov_domains
autodiscover.nottinghamcity.gov.uk,swh_gov_domains
autodiscover.nottscc.gov.uk,swh_gov_domains
autodiscover.nwleicestershire.gov.uk,swh_gov_domains
autodiscover.peakdistrict.gov.uk,swh_gov_domains
autodiscover.rbkc.gov.uk,swh_gov_domains
autodiscover.remoteworking.colchester.gov.uk,swh_gov_domains
autodiscover.salford.gov.uk,swh_gov_domains
autodiscover.schools.nottscc.gov.uk,swh_gov_domains
autodiscover.scotborders.gov.uk,swh_gov_domains
autodiscover.secouncils.gov.uk,swh_gov_domains
autodiscover.somerset.gov.uk,swh_gov_domains
autodiscover.south-ayrshire.gov.uk,swh_gov_domains
autodiscover.southsomerset.gov.uk,swh_gov_domains
autodiscover.sstaffs.gov.uk,swh_gov_domains
autodiscover.staffordbc.gov.uk,swh_gov_domains
autodiscover.surreyheath.gov.uk,swh_gov_domains
autodiscover.teignbridge.gcsx.gov.uk,swh_gov_domains
autodiscover.teignbridge.gov.uk,swh_gov_domains
autodiscover.teignmouth-devon.gov.uk,swh_gov_domains
autodiscover.test.rbkc.gov.uk,swh_gov_domains
autodiscover.thurrock.gov.uk,swh_gov_domains
autodiscover.trafficpenaltytribunal.gov.uk,swh_gov_domains
autodiscover.uksport.gov.uk,swh_gov_domains
autodiscover.walthamforest.gov.uk,swh_gov_domains
autodiscover.warrington.gov.uk,swh_gov_domains
autodiscover.west-dunbarton.gov.uk,swh_gov_domains
autodiscover.westminster.gov.uk,swh_gov_domains
autodiscover.westyorksfire.gov.uk,swh_gov_domains
autodiscover.wiltshire.gov.uk,swh_gov_domains
autodiscover.worcester.gov.uk,swh_gov_domains
autodiscover.wrexham.gov.uk,swh_gov_domains
av.armagh.gov.uk,swh_gov_domains
av.audit-scotland.gov.uk,swh_gov_domains
av.buckscc.gov.uk,swh_gov_domains
av.camden.gov.uk,swh_gov_domains
av.ceredigion.gov.uk,swh_gov_domains
av.leicester.gov.uk,swh_gov_domains
av.wakefield.gov.uk,swh_gov_domains
av06xms.mpa.gov.uk,swh_gov_domains
av07xms.mpa.gov.uk,swh_gov_domains
avmedia.walthamforest.gov.uk,swh_gov_domains
avonfrs.gov.uk,swh_gov_domains
awc.reading.gov.uk,swh_gov_domains
awc1.reading.gov.uk,swh_gov_domains
axisinet.wirral.gov.uk,swh_gov_domains
aylesbury.gov.uk,swh_gov_domains
aylesburyvaledc.gov.uk,swh_gov_domains
b1.dmz.manchester.gov.uk,swh_gov_domains
b3.manchester.gov.uk,swh_gov_domains
backup.derrycity.gov.uk,swh_gov_domains
baexch2010.broads-authority.gov.uk,swh_gov_domains
ballymoney2.dalriada.ballymoney.gov.uk,swh_gov_domains
banbury.gov.uk,swh_gov_domains
barking-dagenham.gov.uk,swh_gov_domains
barnet.gov.uk,swh_gov_domains
basingstoke.gov.uk,swh_gov_domains
bassetlaw.gov.uk,swh_gov_domains
bathnes.gov.uk,swh_gov_domains
batransandbareports.voa.gov.uk,swh_gov_domains
bc.newtownabbey.gov.uk,swh_gov_domains
bccremote.birmingham.gov.uk,swh_gov_domains
bccreports.birmingham.gov.uk,swh_gov_domains
bcmsforum.defra.gov.uk,swh_gov_domains
bcp.tpr.gov.uk,swh_gov_domains
becs.reading.gov.uk,swh_gov_domains
bedford.gov.uk,swh_gov_domains
bedscc.gov.uk,swh_gov_domains
benefitforms.merton.gov.uk,swh_gov_domains
benefits.north-ayrshire.gov.uk,swh_gov_domains
benefits.redbridge.gov.uk,swh_gov_domains
benefitsonline.edinburgh.gov.uk,swh_gov_domains
benforms.babergh.gov.uk,swh_gov_domains
beta.companieshouse.gov.uk,swh_gov_domains
beta.shropshirefire.gov.uk,swh_gov_domains
bexley.gov.uk,swh_gov_domains
bexssl.bexley.gov.uk,swh_gov_domains
bfanywhere.bracknell-forest.gov.uk,swh_gov_domains
biapreview.homeoffice.gov.uk,swh_gov_domains
bim.ukti.gov.uk,swh_gov_domains
birmingham.gov.uk,swh_gov_domains
bis.gov.uk,swh_gov_domains
biz.bournemouth.gov.uk,swh_gov_domains
bl.oft-tools.oft.gov.uk,swh_gov_domains
blaby.gov.uk,swh_gov_domains
blackpool.gov.uk,swh_gov_domains
blaenau-gwent.gov.uk,swh_gov_domains
bliss.businesslink.gov.uk,swh_gov_domains
blood.uksport.gov.uk,swh_gov_domains
blpd.gov.uk,swh_gov_domains
bluebadge.buckscc.gov.uk,swh_gov_domains
bluebadge.direct.gov.uk,swh_gov_domains
bluebadge2.direct.gov.uk,swh_gov_domains
bluelight.gov.uk,swh_gov_domains
bms.derby.gov.uk,swh_gov_domains
bobcon.broxbourne.gov.uk,swh_gov_domains
bolsover.gov.uk,swh_gov_domains
bolton.gov.uk,swh_gov_domains
bonavacantia.gov.uk,swh_gov_domains
bookapc.carmarthenshire.gov.uk,swh_gov_domains
bookings.hambleton.gov.uk,swh_gov_domains
bookings.merton.gov.uk,swh_gov_domains
bookings.newtownabbey.gov.uk,swh_gov_domains
bookleisure.sandwell.gov.uk,swh_gov_domains
booklibrarycomputer.derby.gov.uk,swh_gov_domains
books.hse.gov.uk,swh_gov_domains
boroughs.tfl.gov.uk,swh_gov_domains
bournemouth.gov.uk,swh_gov_domains
box.eduwight.iow.gov.uk,swh_gov_domains
boxoffice.npt.gov.uk,swh_gov_domains
boxoffice.renfrewshire.gov.uk,swh_gov_domains
bradmail.bradford.gov.uk,swh_gov_domains
braintree.gov.uk,swh_gov_domains
brand.environment-agency.gov.uk,swh_gov_domains
brand.lsc.gov.uk,swh_gov_domains
brand.skillsfundingagency.bis.gov.uk,swh_gov_domains
brand.ypla.gov.uk,swh_gov_domains
brand2.environment-agency.gov.uk,swh_gov_domains
breckland.gov.uk,swh_gov_domains
brent.gov.uk,swh_gov_domains
bridgend.gov.uk,swh_gov_domains
brindley.halton.gov.uk,swh_gov_domains
bristol.gov.uk,swh_gov_domains
brit.uktradeinvest.gov.uk,swh_gov_domains
bromley.gov.uk,swh_gov_domains
bromsgrove.gov.uk,swh_gov_domains
broxtowe.gov.uk,swh_gov_domains
bsam.dudley.gov.uk,swh_gov_domains
bsmail.intra.salisburycitycouncil.gov.uk,swh_gov_domains
bso.bradford.gov.uk,swh_gov_domains
btw040.telford.gov.uk,swh_gov_domains
buckshomechoice.gov.uk,swh_gov_domains
burnley.gov.uk,swh_gov_domains
bury.gov.uk,swh_gov_domains
business.camden.gov.uk,swh_gov_domains
business.scotland.gov.uk,swh_gov_domains
business.wales.gov.uk,swh_gov_domains
businessadviceday.gov.uk,swh_gov_domains
businessgateway.scotland.gov.uk,swh_gov_domains
businesslink-cis.online.hmrc.gov.uk,swh_gov_domains
businesslink-customs.hmrc.gov.uk,swh_gov_domains
businesslink-online.hmrc.gov.uk,swh_gov_domains
businesslink-paye.online.hmrc.gov.uk,swh_gov_domains
businesslink-st.online.hmrc.gov.uk,swh_gov_domains
businesslink.gov.uk,swh_gov_domains
businessoffers.tfl.gov.uk,swh_gov_domains
businessonline.leeds.gov.uk,swh_gov_domains
businessplan.teesvalleyunlimited.gov.uk,swh_gov_domains
businessportal.southeastiep.gov.uk,swh_gov_domains
buyingsolutions.gov.uk,swh_gov_domains
buywithconfidence.gov.uk,swh_gov_domains
bv06xms.mpa.gov.uk,swh_gov_domains
c1.manchester.gov.uk,swh_gov_domains
caerdydd.gov.uk,swh_gov_domains
cafcass.gov.uk,swh_gov_domains
cag.mansfield.gov.uk,swh_gov_domains
cag.midsussex.gov.uk,swh_gov_domains
cag.rhondda-cynon-taf.gov.uk,swh_gov_domains
cag1.devon.gov.uk,swh_gov_domains
cag1.north-herts.gov.uk,swh_gov_domains
cag2.devon.gov.uk,swh_gov_domains
cagaac01.wiltsfire.gov.uk,swh_gov_domains
calderdale.gov.uk,swh_gov_domains
cals.northamptonshire.gov.uk,swh_gov_domains
cambridgeshire.gov.uk,swh_gov_domains
camden.gov.uk,swh_gov_domains
candidate.faststream.gov.uk,swh_gov_domains
cannockchasedc.gov.uk,swh_gov_domains
cannon.wigan.gov.uk,swh_gov_domains
cannon.wiganmbc.gov.uk,swh_gov_domains
canterbury.gov.uk,swh_gov_domains
capita.slough.gov.uk,swh_gov_domains
capp.westdorset-dc.gov.uk,swh_gov_domains
caradon.gov.uk,swh_gov_domains
cardiff.gov.uk,swh_gov_domains
careers-test.havering.gov.uk,swh_gov_domains
careers.havering.gov.uk,swh_gov_domains
careers.richmond.gov.uk,swh_gov_domains
careers.tfl.gov.uk,swh_gov_domains
careersblog.buckscc.gov.uk,swh_gov_domains
careforms.bristol.gov.uk,swh_gov_domains
careproviders.thurrock.gov.uk,swh_gov_domains
careraware.warwickshire.gov.uk,swh_gov_domains
caretaking.towerhamlets.gov.uk,swh_gov_domains
carshare.warwickshire.gov.uk,swh_gov_domains
cas.dh.gov.uk,swh_gov_domains
cas.lblmain.lewisham.gov.uk,swh_gov_domains
cashint01.oltps.sthelens.gov.uk,swh_gov_domains
casserve.nao.gsi.gov.uk,swh_gov_domains
casserve1.nao.gsi.gov.uk,swh_gov_domains
catseye.seemis.gov.uk,swh_gov_domains
cbcexc01.castlereagh.gov.uk,swh_gov_domains
cbcmailcas.int.crawley.gov.uk,swh_gov_domains
cbfbc.bracknell-forest.gov.uk,swh_gov_domains
cccportal.canterbury.gov.uk,swh_gov_domains
cclf.legalservices.gov.uk,swh_gov_domains
ccmremote.birmingham.gov.uk,swh_gov_domains
ccr.legalservices.gov.uk,swh_gov_domains
ccr.lsc.gov.uk,swh_gov_domains
ccrsvss.legalservices.gov.uk,swh_gov_domains
ccw.gov.uk,swh_gov_domains
cdb.consumerdirect.gov.uk,swh_gov_domains
cdcparisweb.cherwell.gov.uk,swh_gov_domains
cdms.ukti.gov.uk,swh_gov_domains
celc.redbridge.gov.uk,swh_gov_domains
centralbedfordshire.gov.uk,swh_gov_domains
ceop.gov.uk,swh_gov_domains
cep.dh.gov.uk,swh_gov_domains
cert.dundeecity.gov.uk,swh_gov_domains
cesmo.dstl.gov.uk,swh_gov_domains
cfpub.tameside.gov.uk,swh_gov_domains
charitycommission.gov.uk,swh_gov_domains
charnwood.gov.uk,swh_gov_domains
chat.liverpool.gov.uk,swh_gov_domains
chelmsfordbc.gov.uk,swh_gov_domains
cheltenham.gov.uk,swh_gov_domains
cherwell-dc.gov.uk,swh_gov_domains
cherwell.gov.uk,swh_gov_domains
cherwellandsouthnorthants.gov.uk,swh_gov_domains
cheshire.gov.uk,swh_gov_domains
cheshireeast.gov.uk,swh_gov_domains
cheshirefire.gov.uk,swh_gov_domains
cheshirewestandchester.gov.uk,swh_gov_domains
chevening.fco.gov.uk,swh_gov_domains
childcare.milton-keynes.gov.uk,swh_gov_domains
childrencentre.sheffield.gov.uk,swh_gov_domains
childrenscentres.dudley.gov.uk,swh_gov_domains
childrenscommissioner.gov.uk,swh_gov_domains
childtrustfund.gov.uk,swh_gov_domains
chl.ofsted.gov.uk,swh_gov_domains
chwiliadgwaith.direct.gov.uk,swh_gov_domains
cica.gov.uk,swh_gov_domains
cirencester.gov.uk,swh_gov_domains
citizen.brentwood.gov.uk,swh_gov_domains
citrix.angliarevenues.gov.uk,swh_gov_domains
citrix.audit-scotland.gov.uk,swh_gov_domains
citrix.clevelandfire.gov.uk,swh_gov_domains
citrix.dsfire.gov.uk,swh_gov_domains
citrix.eldc.gov.uk,swh_gov_domains
citrix.essexcc.gov.uk,swh_gov_domains
citrix.feta.gov.uk,swh_gov_domains
citrix.forest-heath.gov.uk,swh_gov_domains
citrix.gloucestershire.gov.uk,swh_gov_domains
citrix.havering.gov.uk,swh_gov_domains
citrix.middlesbrough.gov.uk,swh_gov_domains
citrix.socitm.gov.uk,swh_gov_domains
citrix.southnorthants.gov.uk,swh_gov_domains
citrix.stedsbc.gov.uk,swh_gov_domains
citrix.teignbridge.gov.uk,swh_gov_domains
citrix.torbay.gov.uk,swh_gov_domains
citrix.uktradeinvest.gov.uk,swh_gov_domains
citrixagw.east-northamptonshire.gov.uk,swh_gov_domains
citrixgateway.fareham.gov.uk,swh_gov_domains
cityoflondon.gov.uk,swh_gov_domains
civilservice.gov.uk,swh_gov_domains
civilserviceappealboard.gov.uk,swh_gov_domains
civilservicelearning.civilservice.gov.uk,swh_gov_domains
cjb-mgtinfo.scotland.gov.uk,swh_gov_domains
cla.education.gov.uk,swh_gov_domains
claimsregulation.gov.uk,swh_gov_domains
claonlineadvice.justice.gov.uk,swh_gov_domains
clauat.dfes.gov.uk,swh_gov_domains
clientaccess.northamptonshire.gov.uk,swh_gov_domains
clms.gse.gov.uk,swh_gov_domains
clmsqa.gse.gov.uk,swh_gov_domains
clsmobile.chester-le-street.gov.uk,swh_gov_domains
cm.ukti.gov.uk,swh_gov_domains
cmis.derby.gov.uk,swh_gov_domains
cmis.dudley.gov.uk,swh_gov_domains
cms.bis.gov.uk,swh_gov_domains
cms.civilservice.gov.uk,swh_gov_domains
cms.manchester.gov.uk,swh_gov_domains
cms.wiltshire.gov.uk,swh_gov_domains
coi.gov.uk,swh_gov_domains
colchester.gov.uk,swh_gov_domains
colin.suffolkcc.gov.uk,swh_gov_domains
collaboration.culture.gov.uk,swh_gov_domains
collaboration.london.gov.uk,swh_gov_domains
collaboration.pm.culture.gov.uk,swh_gov_domains
collectdata.education.gov.uk,swh_gov_domains
collectdatauat.education.gov.uk,swh_gov_domains
comms.civilservice.gov.uk,swh_gov_domains
communicate.hfea.gov.uk,swh_gov_domains
communicationcentre.dwp.gov.uk,swh_gov_domains
communities.gov.uk,swh_gov_domains
communities.odpm.gov.uk,swh_gov_domains
communitypayback.cjsonline.gov.uk,swh_gov_domains
companieshouse-online.hmrc.gov.uk,swh_gov_domains
compass.hertscc.gov.uk,swh_gov_domains
conf.taysidefire.gov.uk,swh_gov_domains
conference.taysidefire.gov.uk,swh_gov_domains
conference.westyorksfire.gov.uk,swh_gov_domains
confirm.bolton.gov.uk,swh_gov_domains
confirm.derbyshire.gov.uk,swh_gov_domains
confirm.redbridge.gov.uk,swh_gov_domains
confirm.telford.gov.uk,swh_gov_domains
congestioncharging.tfl.gov.uk,swh_gov_domains
connect.allerdale.gov.uk,swh_gov_domains
connect.angus.gov.uk,swh_gov_domains
connect.derby.gov.uk,swh_gov_domains
connect.dsfire.gov.uk,swh_gov_domains
connect.dundeecity.gov.uk,swh_gov_domains
connect.eastleigh.gov.uk,swh_gov_domains
connect.forest-heath.gov.uk,swh_gov_domains
connect.gateshead.gov.uk,swh_gov_domains
connect.haringey.gov.uk,swh_gov_domains
connect.hullcc.gov.uk,swh_gov_domains
connect.manchesterfire.gov.uk,swh_gov_domains
connect.norfolk.gov.uk,swh_gov_domains
connect.plymouth.gov.uk,swh_gov_domains
connect.rctcbc.gov.uk,swh_gov_domains
connect.staffordshire.gov.uk,swh_gov_domains
connect.surreycc.gov.uk,swh_gov_domains
connect.swale.gov.uk,swh_gov_domains
connect.tewkesbury.gov.uk,swh_gov_domains
connect.threerivers.gov.uk,swh_gov_domains
connect.ukti.gov.uk,swh_gov_domains
connect.watford.gov.uk,swh_gov_domains
connect.waveney.gov.uk,swh_gov_domains
connect.westlancs.gov.uk,swh_gov_domains
connect.westlothian.gov.uk,swh_gov_domains
connect.westminster.gov.uk,swh_gov_domains
connect.wolverhampton.gov.uk,swh_gov_domains
connect2.buckscc.gov.uk,swh_gov_domains
connect2.environment-agency.gov.uk,swh_gov_domains
connect2.liverpool.gov.uk,swh_gov_domains
connect2.monitor-nhsft.gov.uk,swh_gov_domains
connect2.swindon.gov.uk,swh_gov_domains
connecta.brent.gov.uk,swh_gov_domains
consult-cy.environment-agency.gov.uk,swh_gov_domains
consult.environment-agency.gov.uk,swh_gov_domains
consult.herefordshire.gov.uk,swh_gov_domains
consult.justice.gov.uk,swh_gov_domains
consult.leeds.gov.uk,swh_gov_domains
consult.legalservices.gov.uk,swh_gov_domains
consult.london.gov.uk,swh_gov_domains
consult.northamptonshire.gov.uk,swh_gov_domains
consult.scotland.gov.uk,swh_gov_domains
consult.sheffield.gov.uk,swh_gov_domains
consult.thanet.gov.uk,swh_gov_domains
consult.thurrock.gov.uk,swh_gov_domains
consultation.colchester.gov.uk,swh_gov_domains
consultation.derbys-fire.gov.uk,swh_gov_domains
consultation.dft.gov.uk,swh_gov_domains
consultation.gateshead.gov.uk,swh_gov_domains
consultation.rbkc.gov.uk,swh_gov_domains
consultation.scottishboundaries.gov.uk,swh_gov_domains
consultations.greenwich.gov.uk,swh_gov_domains
consultations.tfl.gov.uk,swh_gov_domains
consultsheffield.sheffield.gov.uk,swh_gov_domains
consumer-forms.direct.gov.uk,swh_gov_domains
consumer-tools.direct.gov.uk,swh_gov_domains
consumerdirect.gov.uk,swh_gov_domains
contact.camden.gov.uk,swh_gov_domains
contactpoint.herefordshire.gov.uk,swh_gov_domains
contacts.telford.gov.uk,swh_gov_domains
contender.lambeth.gov.uk,swh_gov_domains
content.ukba.homeoffice.gov.uk,swh_gov_domains
contracts.cabinetoffice.gov.uk,swh_gov_domains
contractsfinder.businesslink.gov.uk,swh_gov_domains
control-c.regulatorsdevelopment.hse.gov.uk,swh_gov_domains
copeland.gov.uk,swh_gov_domains
copenhagen.southtyneside.gov.uk,swh_gov_domains
copyright.ukho.gov.uk,swh_gov_domains
corby.gov.uk,swh_gov_domains
core.mhs.gov.uk,swh_gov_domains
core.tameside.gov.uk,swh_gov_domains
coreapps.mhs.gov.uk,swh_gov_domains
cornwall.gov.uk,swh_gov_domains
countybuildings.south-ayrshire.gov.uk,swh_gov_domains
courtfines.direct.gov.uk,swh_gov_domains
courtsandtribunalsni.gov.uk,swh_gov_domains
courtservice.gov.uk,swh_gov_domains
courtsni.gov.uk,swh_gov_domains
coventry.gov.uk,swh_gov_domains
cpadapter.bury.gov.uk,swh_gov_domains
cpas.dh.gov.uk,swh_gov_domains
cpd.dcsf.gov.uk,swh_gov_domains
cpdproviders.bolton.gov.uk,swh_gov_domains
cpfr.bathnes.gov.uk,swh_gov_domains
cpms.teachernet.gov.uk,swh_gov_domains
cpni.gov.uk,swh_gov_domains
cps.gov.uk,swh_gov_domains
cra.monmouthshire.gov.uk,swh_gov_domains
crc.environment-agency.gov.uk,swh_gov_domains
crewing.cambsfire.gov.uk,swh_gov_domains
critical.wychavon.gov.uk,swh_gov_domains
crm.coventry.gov.uk,swh_gov_domains
crm.eastdevon.gov.uk,swh_gov_domains
crm.uktradeinvest.gov.uk,swh_gov_domains
crmplatform.coventry.gov.uk,swh_gov_domains
crmportal.gloucester.gov.uk,swh_gov_domains
crmstaffs.gov.uk,swh_gov_domains
crux.wearvalley.gov.uk,swh_gov_domains
crw.gov.uk,swh_gov_domains
cryptocard.thurrock.gov.uk,swh_gov_domains
cryptshare.cornwall.gov.uk,swh_gov_domains
cs.havering.gov.uk,swh_gov_domains
cs.taysidefire.gov.uk,swh_gov_domains
csaccess.walthamforest.gov.uk,swh_gov_domains
csadmin.walthamforest.gov.uk,swh_gov_domains
csapps.norfolk.gov.uk,swh_gov_domains
csc.calderdale.gov.uk,swh_gov_domains
csc1.leics.gov.uk,swh_gov_domains
csdir01.lbwf.gov.uk,swh_gov_domains
csdwm.kent.gov.uk,swh_gov_domains
csedge.lbwf.gov.uk,swh_gov_domains
csepwin.tfl.gov.uk,swh_gov_domains
csforums.hartlepool.gov.uk,swh_gov_domains
csg.chester.gov.uk,swh_gov_domains
csg.havering.gov.uk,swh_gov_domains
csg.middlesbrough.gov.uk,swh_gov_domains
csg.northyorks.gov.uk,swh_gov_domains
csg.nwleics.gov.uk,swh_gov_domains
csg.sheffield.gov.uk,swh_gov_domains
csg.stoke.gov.uk,swh_gov_domains
csg.westdorset-dc.gov.uk,swh_gov_domains
csg1.wakefield.gov.uk,swh_gov_domains
csg2.wakefield.gov.uk,swh_gov_domains
csg3.ealing.gov.uk,swh_gov_domains
csmeet.walthamforest.gov.uk,swh_gov_domains
css-hx.gra.businesslink.gov.uk,swh_gov_domains
css.sevenoaks.gov.uk,swh_gov_domains
csweb01.walthamforest.gov.uk,swh_gov_domains
cswebconf.walthamforest.gov.uk,swh_gov_domains
ctstatements.bristol.gov.uk,swh_gov_domains
ctx.middevon.gov.uk,swh_gov_domains
ctxgway.nuneatonandbedworth.gov.uk,swh_gov_domains
ctxnfuse1.nuneatonandbedworth.gov.uk,swh_gov_domains
ctxweb.babergh.gov.uk,swh_gov_domains
cumbria.gov.uk,swh_gov_domains
custserv.tfl.gov.uk,swh_gov_domains
cwa.argyll-bute.gov.uk,swh_gov_domains
cwa.salford.gov.uk,swh_gov_domains
cwa.salford.gov.uk.salford.gov.uk,swh_gov_domains
cwa.south-ayrshire.gov.uk,swh_gov_domains
cwi.cityoflondon.gov.uk,swh_gov_domains
cwidr.cityoflondon.gov.uk,swh_gov_domains
cx.bradford.gov.uk,swh_gov_domains
cxcag.bradford.gov.uk,swh_gov_domains
cxcag2.bradford.gov.uk,swh_gov_domains
cymru.gov.uk,swh_gov_domains
cyngor2.gwynedd.gov.uk,swh_gov_domains
cyp.halton.gov.uk,swh_gov_domains
cypu.dfes.gov.uk,swh_gov_domains
czone.eastsussex.gov.uk,swh_gov_domains
da.basingstoke.gov.uk,swh_gov_domains
da.havering.gov.uk,swh_gov_domains
da.manchester.gov.uk,swh_gov_domains
da.swindon.gov.uk,swh_gov_domains
da.wiltshire.gov.uk,swh_gov_domains
dardni.gov.uk,swh_gov_domains
darlington.gov.uk,swh_gov_domains
dashboard.cabinetoffice.gov.uk,swh_gov_domains
data.education.gov.uk,swh_gov_domains
data.gov.uk,swh_gov_domains
data2.dfes.gov.uk,swh_gov_domains
datacollection.dcsf.gov.uk,swh_gov_domains
dataprovision.tda.gov.uk,swh_gov_domains
dataroom.bournemouth.gov.uk,swh_gov_domains
datauat.education.gov.uk,swh_gov_domains
db.cornwall.gov.uk,swh_gov_domains
db.londoncareplacements.gov.uk,swh_gov_domains
dbs-subscriber.homeoffice.gov.uk,swh_gov_domains
dccxpcnfuse.remote.derby.gov.uk,swh_gov_domains
dcsfdata.dcsf.gov.uk,swh_gov_domains
death-tellusonce.direct.gov.uk,swh_gov_domains
decc.gov.uk,swh_gov_domains
decisionmaking.wolverhampton.gov.uk,swh_gov_domains
declaration.uksport.gov.uk,swh_gov_domains
decs.buyingsolutions.gov.uk,swh_gov_domains
defra.gov.uk,swh_gov_domains
defraconnect.defra.gov.uk,swh_gov_domains
democonsultation.coi.gov.uk,swh_gov_domains
democracy.brent.gov.uk,swh_gov_domains
democracy.cheltenham.gov.uk,swh_gov_domains
democracy.peterborough.gov.uk,swh_gov_domains
democratic.warwickshire.gov.uk,swh_gov_domains
denbighshire.gov.uk,swh_gov_domains
derby.gov.uk,swh_gov_domains
derbys-fire.gov.uk,swh_gov_domains
derbyshire.gov.uk,swh_gov_domains
desk.harrow.gov.uk,swh_gov_domains
desktop.edinburgh.gov.uk,swh_gov_domains
desktop.harrow.gov.uk,swh_gov_domains
desktop.lambeth.gov.uk,swh_gov_domains
dev.nfi.gov.uk,swh_gov_domains
dev.york.gov.uk,swh_gov_domains
devapps.uttlesford.gov.uk,swh_gov_domains
devon.gov.uk,swh_gov_domains
devonjobs.gov.uk,swh_gov_domains
devonline.gov.uk,swh_gov_domains
devontenders.gov.uk,swh_gov_domains
dfid.gov.uk,swh_gov_domains
dft.gov.uk,swh_gov_domains
dhreportserver.dh.gov.uk,swh_gov_domains
dialin.audit-scotland.gov.uk,swh_gov_domains
dialin.buckscc.gov.uk,swh_gov_domains
dialin.chichester.gov.uk,swh_gov_domains
dialin.firescotland.gov.uk,swh_gov_domains
dialin.gmpa.gov.uk,swh_gov_domains
dialin.halton.gov.uk,swh_gov_domains
dialin.havering.gov.uk,swh_gov_domains
dialin.ofsted.gov.uk,swh_gov_domains
dialin.salford.gov.uk,swh_gov_domains
dialin.spin.sps.gov.uk,swh_gov_domains
dialin.staffordbc.gov.uk,swh_gov_domains
dialin.westyorksfire.gov.uk,swh_gov_domains
digitv.gov.uk,swh_gov_domains
diogel.siryfflint.gov.uk,swh_gov_domains
direct.companieshouse.gov.uk,swh_gov_domains
direct.gov.uk,swh_gov_domains
directgov-cis.online.hmrc.gov.uk,swh_gov_domains
directgov-customs.hmrc.gov.uk,swh_gov_domains
directgov-online.hmrc.gov.uk,swh_gov_domains
directgov-paye.online.hmrc.gov.uk,swh_gov_domains
directgov-st.online.hmrc.gov.uk,swh_gov_domains
directory.warwickshire.gov.uk,swh_gov_domains
dirweb.ofsted.gov.uk,swh_gov_domains
dirwebfarm01.nottscc.gov.uk,swh_gov_domains
disclosure.copfs.gov.uk,swh_gov_domains
dlcu.homeoffice.gov.uk,swh_gov_domains
dleu.drugs.gov.uk,swh_gov_domains
dleuadmin.drugs.gov.uk,swh_gov_domains
dmt-login.dwp.gov.uk,swh_gov_domains
dmzedgs001.havering.gov.uk,swh_gov_domains
dnpmail.dartmoor-npa.gov.uk,swh_gov_domains
dnpmail.dartmoor.gov.uk,swh_gov_domains
docs.gateway.gov.uk,swh_gov_domains
doitonline.midsussex.gov.uk,swh_gov_domains
dolly.wigan.gov.uk,swh_gov_domains
domweb.renfrewshire.gov.uk,swh_gov_domains
doncaster.gov.uk,swh_gov_domains
dotgovlabs.direct.gov.uk,swh_gov_domains
dover.gov.uk,swh_gov_domains
download.cwa.salford.gov.uk,swh_gov_domains
dpsprojects.kirklees.gov.uk,swh_gov_domains
drain.london.gov.uk,swh_gov_domains
drexcaw2k31.nottinghamcity.gov.uk,swh_gov_domains
drhtsw2k31.nottinghamcity.gov.uk,swh_gov_domains
driverpracticaltest.direct.gov.uk,swh_gov_domains
dro.insolvencydirect.gov.uk,swh_gov_domains
drs.justice.gov.uk,swh_gov_domains
drsslvpn.standardsforengland.gov.uk,swh_gov_domains
dsa.dft.gov.uk,swh_gov_domains
dsa.transportoffice.gov.uk,swh_gov_domains
dsda.walsall.gov.uk,swh_gov_domains
dsfire.gov.uk,swh_gov_domains
dso.uktradeinvest.gov.uk,swh_gov_domains
dstl.gov.uk,swh_gov_domains
dudley.gov.uk,swh_gov_domains
durham.gov.uk,swh_gov_domains
durhamcity.gov.uk,swh_gov_domains
dv1.devon.gov.uk,swh_gov_domains
dvla.gov.uk,swh_gov_domains
dvlaonline.dft.gov.uk,swh_gov_domains
dvtaonlineni.gov.uk,swh_gov_domains
dwpe-services.direct.gov.uk,swh_gov_domains
e-chorley.gov.uk,swh_gov_domains
e-library.eastsussex.gov.uk,swh_gov_domains
e-services.eastherts.gov.uk,swh_gov_domains
e-services.manchester.gov.uk,swh_gov_domains
e1.stockport.gov.uk,swh_gov_domains
ea.fsa.gov.uk,swh_gov_domains
ealing.gov.uk,swh_gov_domains
eas-pilot1-authentication.gateway.gov.uk,swh_gov_domains
eas.warrington.gov.uk,swh_gov_domains
easowa.blackpool.gov.uk,swh_gov_domains
east-ayrshire.gov.uk,swh_gov_domains
east-northamptonshire.gov.uk,swh_gov_domains
eastdevon.gov.uk,swh_gov_domains
eastdunbarton.gov.uk,swh_gov_domains
easthants.gov.uk,swh_gov_domains
eastlothian.gov.uk,swh_gov_domains
eastmidlandsfire-recruitment.gov.uk,swh_gov_domains
eastrenfrewshire.gov.uk,swh_gov_domains
eastriding.gov.uk,swh_gov_domains
eaststaffsbc.gov.uk,swh_gov_domains
eastsussex.gov.uk,swh_gov_domains
easylink.westsomerset.gov.uk,swh_gov_domains
easytide.ukho.gov.uk,swh_gov_domains
ebcremote.elmbridge.gov.uk,swh_gov_domains
ebcvpn.elmbridge.gov.uk,swh_gov_domains
ebenefits.cambridge.gov.uk,swh_gov_domains
ebenefits.north-herts.gov.uk,swh_gov_domains
ebenefits.rotherham.gov.uk,swh_gov_domains
ebill.bathnes.gov.uk,swh_gov_domains
ebill.rushmoor.gov.uk,swh_gov_domains
ebill.tandridge.gov.uk,swh_gov_domains
ebilling.aylesburyvaledc.gov.uk,swh_gov_domains
ebilling.companieshouse.gov.uk,swh_gov_domains
ebiz.bolton.gov.uk,swh_gov_domains
ebooking.horsham.gov.uk,swh_gov_domains
ebooking.north-dorset.gov.uk,swh_gov_domains
ebookings.bedford.gov.uk,swh_gov_domains
ebookings.surreycc.gov.uk,swh_gov_domains
ebr.companieshouse.gov.uk,swh_gov_domains
ebusiness.horsham.gov.uk,swh_gov_domains
ebusiness.lbbd.gov.uk,swh_gov_domains
ebusiness.voa.gov.uk,swh_gov_domains
eca.gov.uk,swh_gov_domains
ecaf-live.redbridge.gov.uk,swh_gov_domains
ecaf-train.redbridge.gov.uk,swh_gov_domains
ecaf.dudley.gov.uk,swh_gov_domains
ecaf.halton.gov.uk,swh_gov_domains
ecaf.reading.gov.uk,swh_gov_domains
ecaf.slough.gov.uk,swh_gov_domains
ecaf.sthelens.gov.uk,swh_gov_domains
ecaflive.n-somerset.gov.uk,swh_gov_domains
ecitizen.bexley.gov.uk,swh_gov_domains
ecitizen.chorley.gov.uk,swh_gov_domains
ecloud.education.gov.uk,swh_gov_domains
ecommunities.dft.gov.uk,swh_gov_domains
econnect.walsall.gov.uk,swh_gov_domains
econsultation.decc.gov.uk,swh_gov_domains
econsultation.planningportal.gov.uk,swh_gov_domains
ecw.hmrc.gov.uk,swh_gov_domains
eden.gov.uk,swh_gov_domains
edenmail.eden.gov.uk,swh_gov_domains
edge-ext.taysidefire.gov.uk,swh_gov_domains
edge.cityoflondon.gov.uk,swh_gov_domains
edge.corpoflondon.gov.uk,swh_gov_domains
edge.hfea.gov.uk,swh_gov_domains
edinburgh.gov.uk,swh_gov_domains
ednet.liverpool.gov.uk,swh_gov_domains
edon.businesslink.gov.uk,swh_gov_domains
edrs.lsc.gov.uk,swh_gov_domains
edu-cas.argyll-bute.gov.uk,swh_gov_domains
edu-fs.argyll-bute.gov.uk,swh_gov_domains
edubase.gov.uk,swh_gov_domains
educas1.education.doncaster.gov.uk,swh_gov_domains
educas2.education.doncaster.gov.uk,swh_gov_domains
education.barnsley.gov.uk,swh_gov_domains
education.doncaster.gov.uk,swh_gov_domains
education.gov.uk,swh_gov_domains
education.hants.gov.uk,swh_gov_domains
education.staffordshire.gov.uk,swh_gov_domains
educationalvisits.essexcc.gov.uk,swh_gov_domains
educnet.gloucestershire.gov.uk,swh_gov_domains
eduinfo.croydon.gov.uk,swh_gov_domains
edulidp01.hants.gov.uk,swh_gov_domains
edulive.blaenau-gwent.gov.uk,swh_gov_domains
eduonline.southwark.gov.uk,swh_gov_domains
eduweb.northamptonshire.gov.uk,swh_gov_domains
eduwight.iow.gov.uk,swh_gov_domains
eficts.norfolk.gov.uk,swh_gov_domains
eforms.barnet.gov.uk,swh_gov_domains
eforms.carlisle.gov.uk,swh_gov_domains
eforms.chichester.gov.uk,swh_gov_domains
eforms.crawley.gov.uk,swh_gov_domains
eforms.eastcambs.gov.uk,swh_gov_domains
eforms.eden.gov.uk,swh_gov_domains
eforms.greenwich.gov.uk,swh_gov_domains
eforms.hambleton.gov.uk,swh_gov_domains
eforms.highland.gov.uk,swh_gov_domains
eforms.hounslow.gov.uk,swh_gov_domains
eforms.lancashire.gov.uk,swh_gov_domains
eforms.legalservices.gov.uk,swh_gov_domains
eforms.lincolnshire.gov.uk,swh_gov_domains
eforms.rbkc.gov.uk,swh_gov_domains
eforms.scotborders.gov.uk,swh_gov_domains
eforms.secure.haringey.gov.uk,swh_gov_domains
eforms.southwark.gov.uk,swh_gov_domains
eforms.stedmundsbury.gov.uk,swh_gov_domains
eforms.stevenage.gov.uk,swh_gov_domains
eforms.teignbridge.gov.uk,swh_gov_domains
eforms.westlothian.gov.uk,swh_gov_domains
eforms.woking.gov.uk,swh_gov_domains
efs.environment-agency.gov.uk,swh_gov_domains
eft.enfield.gov.uk,swh_gov_domains
egft.brent.gov.uk,swh_gov_domains
ehasdocs.cornwall.gov.uk,swh_gov_domains
ehcb.westminster.gov.uk,swh_gov_domains
ehcs.statistics.gov.uk,swh_gov_domains
ehdcmeetings.eastherts.gov.uk,swh_gov_domains
ekhr.selfservice.dover.gov.uk,swh_gov_domains
eldc.gov.uk,swh_gov_domains
elearning.metoffice.gov.uk,swh_gov_domains
elearningregistration.salford.gov.uk,swh_gov_domains
elibrary.harrow.gov.uk,swh_gov_domains
elmbridge.gov.uk,swh_gov_domains
elms.businesslink.gov.uk,swh_gov_domains
email.bexley.gov.uk,swh_gov_domains
email.breckland.gov.uk,swh_gov_domains
email.brent.gov.uk,swh_gov_domains
email.dpm.cabinetoffice.gov.uk,swh_gov_domains
email.havant.gov.uk,swh_gov_domains
email.ipswich.gov.uk,swh_gov_domains
email.leics.gov.uk,swh_gov_domains
email.midbeds.gov.uk,swh_gov_domains
email.nottscc.gov.uk,swh_gov_domains
email.number10.gov.uk,swh_gov_domains
email.nwleicestershire.gov.uk,swh_gov_domains
email.surreyheath.gov.uk,swh_gov_domains
email.winchester.gov.uk,swh_gov_domains
email.wrexham.gov.uk,swh_gov_domains
email2.surreyheath.gov.uk,swh_gov_domains
emaildvla.direct.gov.uk,swh_gov_domains
emasys.dfes.gov.uk,swh_gov_domains
emcouncils.gov.uk,swh_gov_domains
emerge.essexcc.gov.uk,swh_gov_domains
emm.dudley.gov.uk,swh_gov_domains
employees.mhs.gov.uk,swh_gov_domains
ems.bexley.gov.uk,swh_gov_domains
ems.bolton.gov.uk,swh_gov_domains
ems.bromley.gov.uk,swh_gov_domains
ems.calderdale.gov.uk,swh_gov_domains
ems.croydon.gov.uk,swh_gov_domains
ems.durham.gov.uk,swh_gov_domains
ems.leicester.gov.uk,swh_gov_domains
ems.northlincs.gov.uk,swh_gov_domains
ems.nottinghamcity.gov.uk,swh_gov_domains
ems.rochdale.gov.uk,swh_gov_domains
ems.rutland.gov.uk,swh_gov_domains
ems.southampton.gov.uk,swh_gov_domains
ems.staffordshire.gov.uk,swh_gov_domains
ems.swansea.gov.uk,swh_gov_domains
ems.swindon.gov.uk,swh_gov_domains
ems.wandsworth.gov.uk,swh_gov_domains
ems.westberks.gov.uk,swh_gov_domains
ems.westminster.gov.uk,swh_gov_domains
ems.wiganmbc.gov.uk,swh_gov_domains
emsgov.birmingham.gov.uk,swh_gov_domains
emsi.cornwall.gov.uk,swh_gov_domains
emsi.sthelens.gov.uk,swh_gov_domains
emsi.worcestershire.gov.uk,swh_gov_domains
emsonline.blackpool.gov.uk,swh_gov_domains
emsonline.buckscc.gov.uk,swh_gov_domains
emsonline.eastriding.gov.uk,swh_gov_domains
emsonline.essexcc.gov.uk,swh_gov_domains
emsonline.gloucestershire.gov.uk,swh_gov_domains
emsonline.hartlepool.gov.uk,swh_gov_domains
emsonline.hullcc.gov.uk,swh_gov_domains
emsonline.iow.gov.uk,swh_gov_domains
emsonline.kent.gov.uk,swh_gov_domains
emsonline.leics.gov.uk,swh_gov_domains
emsonline.liverpool.gov.uk,swh_gov_domains
emsonline.luton.gov.uk,swh_gov_domains
emsonline.nelincs.gov.uk,swh_gov_domains
emsonline.nottscc.gov.uk,swh_gov_domains
emsonline.somerset.gov.uk,swh_gov_domains
emsonline.stockton.gov.uk,swh_gov_domains
emss.leics.gov.uk,swh_gov_domains
emyr.dataunitwales.gov.uk,swh_gov_domains
enable.eastsussex.gov.uk,swh_gov_domains
enfield.gov.uk,swh_gov_domains
engage.hm-treasury.gov.uk,swh_gov_domains
engage.traintogain.gov.uk,swh_gov_domains
enrol.bournemouth.gov.uk,swh_gov_domains
enrol.herefordshire.gov.uk,swh_gov_domains
enrol.kirklees.gov.uk,swh_gov_domains
enrol.norfolk.gov.uk,swh_gov_domains
enrol.stockton.gov.uk,swh_gov_domains
environment-agency.gov.uk,swh_gov_domains
environment.greenwich.gov.uk,swh_gov_domains
epay.cannockchasedc.gov.uk,swh_gov_domains
epay.carlisle.gov.uk,swh_gov_domains
epay.ealing.gov.uk,swh_gov_domains
epay.forest-heath.gov.uk,swh_gov_domains
epay.lbhf.gov.uk,swh_gov_domains
epay.lichfielddc.gov.uk,swh_gov_domains
epay.newcastle-staffs.gov.uk,swh_gov_domains
epay.southwark.gov.uk,swh_gov_domains
epay.staffordshire.gov.uk,swh_gov_domains
epay.staffsmoorlands.gov.uk,swh_gov_domains
epay1.forest-heath.gov.uk,swh_gov_domains
epayments.aylesburyvaledc.gov.uk,swh_gov_domains
epayments.conwy.gov.uk,swh_gov_domains
epayments.greenwich.gov.uk,swh_gov_domains
epayments.hambleton.gov.uk,swh_gov_domains
epayments.ipswich.gov.uk,swh_gov_domains
epayments.lancashire.gov.uk,swh_gov_domains
epayments.leics.gov.uk,swh_gov_domains
epayments.liverpool.gov.uk,swh_gov_domains
epayments.mendip.gov.uk,swh_gov_domains
epayments.rushcliffe.gov.uk,swh_gov_domains
epayments.west-dunbarton.gov.uk,swh_gov_domains
epayroll.essex.gov.uk,swh_gov_domains
epayrolltest.essex.gov.uk,swh_gov_domains
epep.hullcc.gov.uk,swh_gov_domains
epep.lincolnshire.gov.uk,swh_gov_domains
epims.ogc.gov.uk,swh_gov_domains
epm.ofgem.gov.uk,swh_gov_domains
eprocurement.tfl.gov.uk,swh_gov_domains
epsom-ewell.gov.uk,swh_gov_domains
epublic.carlisle.gov.uk,swh_gov_domains
equipment.staffordshire.gov.uk,swh_gov_domains
ercselfservice.eastrenfrewshire.gov.uk,swh_gov_domains
erdf.communities.gov.uk,swh_gov_domains
ereceipts.scotborders.gov.uk,swh_gov_domains
erecruitment.manchester.gov.uk,swh_gov_domains
ereg.lrni.gov.uk,swh_gov_domains
ereturns.staffordshire.gov.uk,swh_gov_domains
ericom.education.doncaster.gov.uk,swh_gov_domains
ers.north-ayrshire.gov.uk,swh_gov_domains
eryrimail.eryri-npa.gov.uk,swh_gov_domains
esales.eforestry.gov.uk,swh_gov_domains
esap.sthelens.gov.uk,swh_gov_domains
escience.defra.gov.uk,swh_gov_domains
esd.dwp.gov.uk,swh_gov_domains
esd.leics.gov.uk,swh_gov_domains
eserv.rushcliffe.gov.uk,swh_gov_domains
eservice.rushcliffe.gov.uk,swh_gov_domains
eservices.hinckley-bosworth.gov.uk,swh_gov_domains
eservices.ros.gov.uk,swh_gov_domains
eservices.ruralni.gov.uk,swh_gov_domains
eservices.train.ros.gov.uk,swh_gov_domains
eservices1.bradford.gov.uk,swh_gov_domains
esi.essexcc.gov.uk,swh_gov_domains
esi2calculator.hmrc.gov.uk,swh_gov_domains
esinet.norfolk.gov.uk,swh_gov_domains
esourcing.justice.gov.uk,swh_gov_domains
esp.bookings.merton.gov.uk,swh_gov_domains
esp.stirling.gov.uk,swh_gov_domains
esrvs.north-herts.gov.uk,swh_gov_domains
essex.gov.uk,swh_gov_domains
estart.barnet.gov.uk,swh_gov_domains
estart.dudley.gov.uk,swh_gov_domains
estart.manchester.gov.uk,swh_gov_domains
estart.nottscc.gov.uk,swh_gov_domains
estart.portsmouth.gov.uk,swh_gov_domains
estart.shropshire.gov.uk,swh_gov_domains
estart.wokingham.gov.uk,swh_gov_domains
estarttraining.dudley.gov.uk,swh_gov_domains
estates.warwickdc.gov.uk,swh_gov_domains
etendering.barnet.gov.uk,swh_gov_domains
etl.decc.gov.uk,swh_gov_domains
eud.hants.gov.uk,swh_gov_domains
euets.environment-agency.gov.uk,swh_gov_domains
eunet.kent.gov.uk,swh_gov_domains
eurosys.scotland.gov.uk,swh_gov_domains
evapp.fco.gov.uk,swh_gov_domains
events.business.wales.gov.uk,swh_gov_domains
events.businesslink.gov.uk,swh_gov_domains
events.cpni.gov.uk,swh_gov_domains
evolution.sia.homeoffice.gov.uk,swh_gov_domains
ewf.companieshouse.gov.uk,swh_gov_domains
ex-hubcas-had.eastlothian.gov.uk,swh_gov_domains
ex-hubcas-mac.eastlothian.gov.uk,swh_gov_domains
ex01.fdean.gov.uk,swh_gov_domains
ex03.fdean.gov.uk,swh_gov_domains
exca-nlb-01.south-ayrshire.gov.uk,swh_gov_domains
exch-cas1.ad.torridge.gov.uk,swh_gov_domains
exch.derbys-fire.gov.uk,swh_gov_domains
exch01.derbys-fire.gov.uk,swh_gov_domains
exch02.derbys-fire.gov.uk,swh_gov_domains
exch2010cass1.ceredigion.gov.uk,swh_gov_domains
exchange.derbys-fire.gov.uk,swh_gov_domains
exchange.durham.gov.uk,swh_gov_domains
exchange.gov.uk,swh_gov_domains
exchange.gravesham.gov.uk,swh_gov_domains
exchange.malvernhills.gov.uk,swh_gov_domains
exchange.nalc.gov.uk,swh_gov_domains
exchange.thepensionsregulator.gov.uk,swh_gov_domains
exchange1.derbys-fire.gov.uk,swh_gov_domains
exchange2.derbys-fire.gov.uk,swh_gov_domains
exchange2k7.malvernhills.gov.uk,swh_gov_domains
exchange3.derbys-fire.gov.uk,swh_gov_domains
exchangedelegation.westminster.gov.uk,swh_gov_domains
exchsrv.east-northamptonshire.gov.uk,swh_gov_domains
exhu-srv-01.south-ayrshire.gov.uk,swh_gov_domains
exhu-srv-02.south-ayrshire.gov.uk,swh_gov_domains
exmail.brighton-hove.gov.uk,swh_gov_domains
exmail2.brighton-hove.gov.uk,swh_gov_domains
exportcontroldb.berr.gov.uk,swh_gov_domains
exportcontroldb.bis.gov.uk,swh_gov_domains
ext.fconet.fco.gov.uk,swh_gov_domains
ext.wyreforestdc.gov.uk,swh_gov_domains
external.northyorksfire.gov.uk,swh_gov_domains
external.torfaen.gov.uk,swh_gov_domains
external.wyreforestdc.gov.uk,swh_gov_domains
externalappstest.mhra.gov.uk,swh_gov_domains
externalsearch.lsc.gov.uk,swh_gov_domains
extra.nottinghamcity.gov.uk,swh_gov_domains
extranet.bromley.gov.uk,swh_gov_domains
extranet.chester-le-street.gov.uk,swh_gov_domains
extranet.gloucestershire.gov.uk,swh_gov_domains
extranet.herefordshire.gov.uk,swh_gov_domains
extranet.highpeak.gov.uk,swh_gov_domains
extranet.hmprisonservice.gov.uk,swh_gov_domains
extranet.icp.islington.gov.uk,swh_gov_domains
extranet.kingston.gov.uk,swh_gov_domains
extranet.lambeth.gov.uk,swh_gov_domains
extranet.london.gov.uk,swh_gov_domains
extranet.luton.gov.uk,swh_gov_domains
extranet.mendip.gov.uk,swh_gov_domains
extranet.nwra.gov.uk,swh_gov_domains
extranet.orr.gov.uk,swh_gov_domains
extranet.pkc.gov.uk,swh_gov_domains
extranet.southbeds.gov.uk,swh_gov_domains
extranet.staffordshire.gov.uk,swh_gov_domains
extranet.sutton.gov.uk,swh_gov_domains
extranet.tauntondeane.gov.uk,swh_gov_domains
extranet.tfl.gov.uk,swh_gov_domains
extranet.uksport.gov.uk,swh_gov_domains
extranet.uktradeinvest.gov.uk,swh_gov_domains
extranet1.stroud.gov.uk,swh_gov_domains
extranet2.stroud.gov.uk,swh_gov_domains
extweb.ofsted.gov.uk,swh_gov_domains
exwebmail.walsall.gov.uk,swh_gov_domains
exwhel.argyll-bute.gov.uk,swh_gov_domains
exwkil.argyll-bute.gov.uk,swh_gov_domains
exws.scotcourts.gov.uk,swh_gov_domains
exws.southlanarkshire.gov.uk,swh_gov_domains
exws.stockport.gov.uk,swh_gov_domains
exws1.waverley.gov.uk,swh_gov_domains
exwssa01.south-ayrshire.gov.uk,swh_gov_domains
exwssb01.scotborders.gov.uk,swh_gov_domains
eyss.ofsted.gov.uk,swh_gov_domains
falkirk.gov.uk,swh_gov_domains
familyinfoservice.sthelens.gov.uk,swh_gov_domains
fareham.gov.uk,swh_gov_domains
farmsurveys.defra.gov.uk,swh_gov_domains
farrell.wigan.gov.uk,swh_gov_domains
fastweb.welhat.gov.uk,swh_gov_domains
fc4u.falkirk.gov.uk,swh_gov_domains
fco.gov.uk,swh_gov_domains
fconet.fco.gov.uk,swh_gov_domains
fdean.gov.uk,swh_gov_domains
federation.torbay.gov.uk,swh_gov_domains
fedge.salford.gov.uk,swh_gov_domains
fedge10.salford.gov.uk,swh_gov_domains
feedback.coi.gov.uk,swh_gov_domains
feedback.lewisham.gov.uk,swh_gov_domains
feedback.shropshire.gov.uk,swh_gov_domains
fepd.gov.uk,swh_gov_domains
feweb.chichester.gov.uk,swh_gov_domains
fieldservices-scotland.gov.uk,swh_gov_domains
fife.gov.uk,swh_gov_domains
files.coi.gov.uk,swh_gov_domains
files.scotcourts.gov.uk,swh_gov_domains
files.walsall.gov.uk,swh_gov_domains
filmapp.rbkc.gov.uk,swh_gov_domains
financegraduates.civilservice.gov.uk,swh_gov_domains
financialsanctions.hm-treasury.gov.uk,swh_gov_domains
finforms.wigan.gov.uk,swh_gov_domains
firebuy.gov.uk,swh_gov_domains
firepass.charnwood.gov.uk,swh_gov_domains
firepass.pembrokeshire.gov.uk,swh_gov_domains
fireview.derbys-fire.gov.uk,swh_gov_domains
firewall.redditchbc.gov.uk,swh_gov_domains
fis.brent.gov.uk,swh_gov_domains
fishregister.gov.uk,swh_gov_domains
fisonline.lancashire.gov.uk,swh_gov_domains
fixit.stirling.gov.uk,swh_gov_domains
flex.ipswich.gov.uk,swh_gov_domains
flintmap.flintshire.gov.uk,swh_gov_domains
fmdaml1.defra.gov.uk,swh_gov_domains
fms.derby.gov.uk,swh_gov_domains
fmstest.derby.gov.uk,swh_gov_domains
fmstrain.derby.gov.uk,swh_gov_domains
fnp.dh.gov.uk,swh_gov_domains
focusweb.nafn.gov.uk,swh_gov_domains
forestofdean.gov.uk,swh_gov_domains
forestweb.nfdc.gov.uk,swh_gov_domains
form4.doh.gov.uk,swh_gov_domains
form4uat.doh.gov.uk,swh_gov_domains
forms.aberdeencity.gov.uk,swh_gov_domains
forms.adur.gov.uk,swh_gov_domains
forms.babergh.gov.uk,swh_gov_domains
forms.barrowbc.gov.uk,swh_gov_domains
forms.bedford.gov.uk,swh_gov_domains
forms.brent.gov.uk,swh_gov_domains
forms.cambridge.gov.uk,swh_gov_domains
forms.camden.gov.uk,swh_gov_domains
forms.cornwall.gov.uk,swh_gov_domains
forms.direct.gov.uk,swh_gov_domains
forms.dudley.gov.uk,swh_gov_domains
forms.enfield.gov.uk,swh_gov_domains
forms.harlow.gov.uk,swh_gov_domains
forms.hullcc.gov.uk,swh_gov_domains
forms.informationcommissioner.gov.uk,swh_gov_domains
forms.kingston.gov.uk,swh_gov_domains
forms.lancashire.gov.uk,swh_gov_domains
forms.leics.gov.uk,swh_gov_domains
forms.lincoln.gov.uk,swh_gov_domains
forms.maldon.gov.uk,swh_gov_domains
forms.merton.gov.uk,swh_gov_domains
forms.monmouthshire.gov.uk,swh_gov_domains
forms.nwleics.gov.uk,swh_gov_domains
forms.ofsted.gov.uk,swh_gov_domains
forms.portsmouth.gov.uk,swh_gov_domains
forms.preston.gov.uk,swh_gov_domains
forms.redditchbc.gov.uk,swh_gov_domains
forms.salford.gov.uk,swh_gov_domains
forms.sandwell.gov.uk,swh_gov_domains
forms.sheffield.gov.uk,swh_gov_domains
forms.shetland.gov.uk,swh_gov_domains
forms.shropshire.gov.uk,swh_gov_domains
forms.south-norfolk.gov.uk,swh_gov_domains
forms.southbeds.gov.uk,swh_gov_domains
forms.southkesteven.gov.uk,swh_gov_domains
forms.sutton.gov.uk,swh_gov_domains
forms.swindon.gov.uk,swh_gov_domains
forms.thepensionsregulator.gov.uk,swh_gov_domains
forms.wakefield.gov.uk,swh_gov_domains
forms.warwickshire.gov.uk,swh_gov_domains
forms.wiltshire.gov.uk,swh_gov_domains
forms2.camden.gov.uk,swh_gov_domains
forms2.portsmouth.gov.uk,swh_gov_domains
forsbenchmarking.tfl.gov.uk,swh_gov_domains
forsdlc.tfl.gov.uk,swh_gov_domains
forums.lsc.gov.uk,swh_gov_domains
frameworki.derbyshire.gov.uk,swh_gov_domains
freightclpt.tfl.gov.uk,swh_gov_domains
fs.collaboration.pm.culture.gov.uk,swh_gov_domains
fs.swansea-edunet.gov.uk,swh_gov_domains
fsa.gov.uk,swh_gov_domains
fsavets.mhs.gov.uk,swh_gov_domains
fsiavailability.wiltsfire.gov.uk,swh_gov_domains
fsipayroll.derbys-fire.gov.uk,swh_gov_domains
fsm.education.gov.uk,swh_gov_domains
fsm2.education.gov.uk,swh_gov_domains
ftp.basingstoke.gov.uk,swh_gov_domains
ftp.nwleics.gov.uk,swh_gov_domains
ftps.newcastle.gov.uk,swh_gov_domains
fwd.environment-agency.gov.uk,swh_gov_domains
fylde.gov.uk,swh_gov_domains
gad.gov.uk,swh_gov_domains
galaxy.southkesteven.gov.uk,swh_gov_domains
galileo.northumberland.gov.uk,swh_gov_domains
ganymede.spelthorne.gov.uk,swh_gov_domains
gatekeeper.tendringdc.gov.uk,swh_gov_domains
gatekeeper.west-norfolk.gov.uk,swh_gov_domains
gateshead.gov.uk,swh_gov_domains
gateway.adur-worthing.gov.uk,swh_gov_domains
gateway.adur.gov.uk,swh_gov_domains
gateway.bury.gov.uk,swh_gov_domains
gateway.caerphilly.gov.uk,swh_gov_domains
gateway.castlepoint.gov.uk,swh_gov_domains
gateway.centralbedfordshire.gov.uk,swh_gov_domains
gateway.conwy.gov.uk,swh_gov_domains
gateway.ddfire.gov.uk,swh_gov_domains
gateway.derbyshire.gov.uk,swh_gov_domains
gateway.fsa.gov.uk,swh_gov_domains
gateway.halton.gov.uk,swh_gov_domains
gateway.harborough.gov.uk,swh_gov_domains
gateway.harrogate.gov.uk,swh_gov_domains
gateway.hullcc.gov.uk,swh_gov_domains
gateway.ingatestone-fryerningpc.gov.uk,swh_gov_domains
gateway.kirklees.gov.uk,swh_gov_domains
gateway.lancashire.gov.uk,swh_gov_domains
gateway.lsc.gov.uk,swh_gov_domains
gateway.melton.gov.uk,swh_gov_domains
gateway.mhs.gov.uk,swh_gov_domains
gateway.midsussex.gov.uk,swh_gov_domains
gateway.northlanarkshire.gov.uk,swh_gov_domains
gateway.nuneatonandbedworth.gov.uk,swh_gov_domains
gateway.parking-appeals.gov.uk,swh_gov_domains
gateway.rushcliffe.gov.uk,swh_gov_domains
gateway.snh.gov.uk,swh_gov_domains
gateway.southend.gov.uk,swh_gov_domains
gateway.westdorset-dc.gov.uk,swh_gov_domains
gateway.woking.gov.uk,swh_gov_domains
gateway.wrexham.gov.uk,swh_gov_domains
gateway1.birmingham.gov.uk,swh_gov_domains
gateway1.blackpool.gov.uk,swh_gov_domains
gateway1.parking-appeals.gov.uk,swh_gov_domains
gateway1.vpn.ofsted.gov.uk,swh_gov_domains
gateway2.birmingham.gov.uk,swh_gov_domains
gateway2.blackpool.gov.uk,swh_gov_domains
gateway2.bury.gov.uk,swh_gov_domains
gateway2.vpn.ofsted.gov.uk,swh_gov_domains
gateway3.blackpool.gov.uk,swh_gov_domains
gatewayz.fsa.gov.uk,swh_gov_domains
gcn.civilservice.gov.uk,swh_gov_domains
gcsportal.peterborough.gov.uk,swh_gov_domains
geis.lancashire.gov.uk,swh_gov_domains
geohubniservices.osni.gov.uk,swh_gov_domains
geohubniservicesmo.osni.gov.uk,swh_gov_domains
george.redbridge.gov.uk,swh_gov_domains
getonlineweek.myguide.gov.uk,swh_gov_domains
gifts.lambeth.gov.uk,swh_gov_domains
gis.south-ayrshire.gov.uk,swh_gov_domains
gisweb.chichester.gov.uk,swh_gov_domains
gizmo.eastcambs.gov.uk,swh_gov_domains
gla.defra.gov.uk,swh_gov_domains
gla.gov.uk,swh_gov_domains
global.nas.gov.uk,swh_gov_domains
gloucester.gov.uk,swh_gov_domains
gloucestershire.gov.uk,swh_gov_domains
gmpte.gov.uk,swh_gov_domains
gnm.tfl.gov.uk,swh_gov_domains
go.bracknell-forest.gov.uk,swh_gov_domains
go.norfolk.gov.uk,swh_gov_domains
goggins.intra.hambleton.gov.uk,swh_gov_domains
gor.environment-agency.gov.uk,swh_gov_domains
gorititl.environment-agency.gov.uk,swh_gov_domains
gormley.wigan.gov.uk,swh_gov_domains
gortest.environment-agency.gov.uk,swh_gov_domains
gosport.gov.uk,swh_gov_domains
gov.uk,swh_gov_domains
govusers.saa.gov.uk,swh_gov_domains
govx.socitm.gov.uk,swh_gov_domains
gpsesourcing.cabinetoffice.gov.uk,swh_gov_domains
gpsfleetportal.cabinetoffice.gov.uk,swh_gov_domains
gqla.qcda.gov.uk,swh_gov_domains
graduates.tfl.gov.uk,swh_gov_domains
graduatetalentpoolsearch.direct.gov.uk,swh_gov_domains
gravesham.gov.uk,swh_gov_domains
great-yarmouth.gov.uk,swh_gov_domains
gro.gov.uk,swh_gov_domains
groni.gov.uk,swh_gov_domains
group.tfl.gov.uk,swh_gov_domains
groups.communities.gov.uk,swh_gov_domains
gsi.easthants.gov.uk,swh_gov_domains
guildford.gov.uk,swh_gov_domains
gw.stirling.gov.uk,swh_gov_domains
gw1-extranet.hmprisonservice.gov.uk,swh_gov_domains
gw1-portal.hmprisonservice.gov.uk,swh_gov_domains
gw1.lambeth.gov.uk,swh_gov_domains
gw2-extranet.hmprisonservice.gov.uk,swh_gov_domains
gw2-portal.hmprisonservice.gov.uk,swh_gov_domains
gw2.lambeth.gov.uk,swh_gov_domains
gw3-portal.hmprisonservice.gov.uk,swh_gov_domains
gwa.cambridge.gov.uk,swh_gov_domains
gwise.aberdeencity.gov.uk,swh_gov_domains
hackney.gov.uk,swh_gov_domains
halls.bookings.merton.gov.uk,swh_gov_domains
halton.gov.uk,swh_gov_domains
handh.peterborough.gov.uk,swh_gov_domains
handson.hse.gov.uk,swh_gov_domains
hants.gov.uk,swh_gov_domains
harborough.gov.uk,swh_gov_domains
haringey.gov.uk,swh_gov_domains
harpenden.gov.uk,swh_gov_domains
harrogate.gov.uk,swh_gov_domains
harrow.gov.uk,swh_gov_domains
hastings.gov.uk,swh_gov_domains
havering.gov.uk,swh_gov_domains
haw-mail-01.scotborders.gov.uk,swh_gov_domains
hbclaims.newcastle.gov.uk,swh_gov_domains
hbcmail.harrogate.gov.uk,swh_gov_domains
hbeform-web.gedling.gov.uk,swh_gov_domains
hbform.bournemouth.gov.uk,swh_gov_domains
hcsspauth.hants.gov.uk,swh_gov_domains
healthierfoodmark.dh.gov.uk,swh_gov_domains
healthinequalities.london.gov.uk,swh_gov_domains
heartylives.hullcc.gov.uk,swh_gov_domains
helensburghsp.argyll-bute.gov.uk,swh_gov_domains
helpdesk.derbys-fire.gov.uk,swh_gov_domains
helpdesk.dev.gateway.gov.uk,swh_gov_domains
helpdesk.fi.gateway.gov.uk,swh_gov_domains
helpdesk.gateway.gov.uk,swh_gov_domains
helpgydaswyddigwag.businesslink.gov.uk,swh_gov_domains
herefordshire.gov.uk,swh_gov_domains
hermes.northlanarkshire.gov.uk,swh_gov_domains
hfea.gov.uk,swh_gov_domains
hfeacwa01.hfea.gov.uk,swh_gov_domains
hfeaocs01.hfea.gov.uk,swh_gov_domains
hfsv.dsfire.gov.uk,swh_gov_domains
hifrs.highland.gov.uk,swh_gov_domains
highspeedrail.dft.gov.uk,swh_gov_domains
highways.gov.uk,swh_gov_domains
hillingdon.gov.uk,swh_gov_domains
hinckley-bosworth.gov.uk,swh_gov_domains
hint.harborough.gov.uk,swh_gov_domains
historic-scotland.gov.uk,swh_gov_domains
hmce.gov.uk,swh_gov_domains
hmcourts-service.gov.uk,swh_gov_domains
hmic.gov.uk,swh_gov_domains
home.chorley.gov.uk,swh_gov_domains
homecareorders.rbkc.gov.uk,swh_gov_domains
homechoice.northampton.gov.uk,swh_gov_domains
homeoffice.gov.uk,swh_gov_domains
homeofficesurveys.homeoffice.gov.uk,swh_gov_domains
homeseekers.bromley.gov.uk,swh_gov_domains
homespot.falkirk.gov.uk,swh_gov_domains
homeworker.cherwellandsouthnorthants.gov.uk,swh_gov_domains
homeworker2.cherwell.gov.uk,swh_gov_domains
homeworking.barnsley.gov.uk,swh_gov_domains
homeworking.education.doncaster.gov.uk,swh_gov_domains
hop.reading.gov.uk,swh_gov_domains
horizon.halton.gov.uk,swh_gov_domains
host.staffordbc.gov.uk,swh_gov_domains
hosting.secouncils.gov.uk,swh_gov_domains
hotdesk.tynedale.gov.uk,swh_gov_domains
housing.christchurchandeastdorset.gov.uk,swh_gov_domains
housing.voa.gov.uk,swh_gov_domains
housing.wycombe.gov.uk,swh_gov_domains
housingapp.greenwich.gov.uk,swh_gov_domains
housingapplication.lambeth.gov.uk,swh_gov_domains
housingapplications.aberdeencity.gov.uk,swh_gov_domains
housingcos.brighton-hove.gov.uk,swh_gov_domains
housingrepairs.camden.gov.uk,swh_gov_domains
hq-hub-01.scotborders.gov.uk,swh_gov_domains
hq-hub-02.scotborders.gov.uk,swh_gov_domains
hq-hubnlb-01.scotborders.gov.uk,swh_gov_domains
hq.merseyside-probation.gov.uk,swh_gov_domains
hr.bury.gov.uk,swh_gov_domains
hr.calderdale.gov.uk,swh_gov_domains
hr.merseyside-probation.gov.uk,swh_gov_domains
hrb.stockport.gov.uk,swh_gov_domains
hrportal.aylesburyvaledc.gov.uk,swh_gov_domains
hrportal.lsc.gov.uk,swh_gov_domains
hs-training.metoffice.gov.uk,swh_gov_domains
hse.gov.uk,swh_gov_domains
hsgintegrator.towerhamlets.gov.uk,swh_gov_domains
hsgmobile.wrexham.gov.uk,swh_gov_domains
hta.gov.uk,swh_gov_domains
hub.info4local.gov.uk,swh_gov_domains
hub.xml.info4local.gov.uk,swh_gov_domains
hubedit.statistics.gov.uk,swh_gov_domains
hubpreview.statistics.gov.uk,swh_gov_domains
hwys.cctv.hackney.gov.uk,swh_gov_domains
hyfforddiant.arlein.wefo.cymru.gov.uk,swh_gov_domains
iacl.bis.gov.uk,swh_gov_domains
iag.portsmouth.gov.uk,swh_gov_domains
ibistro.cambridgeshire.gov.uk,swh_gov_domains
ibistrotest.cambridgeshire.gov.uk,swh_gov_domains
ibsopenaccess.hullcc.gov.uk,swh_gov_domains
icarus.durham.gov.uk,swh_gov_domains
icasework.sheffield.gov.uk,swh_gov_domains
icm.fdean.gov.uk,swh_gov_domains
icms.peterborough.gov.uk,swh_gov_domains
ico.gov.uk,swh_gov_domains
iconnect.colchester.gov.uk,swh_gov_domains
iconweb.cravendc.gov.uk,swh_gov_domains
ictcareers.justice.gov.uk,swh_gov_domains
ictsupport.staffordshire.gov.uk,swh_gov_domains
ideas.mhra.gov.uk,swh_gov_domains
identity.ukti.gov.uk,swh_gov_domains
identity.uktradeinvest.gov.uk,swh_gov_domains
identitycards.gov.uk,swh_gov_domains
iderby.derby.gov.uk,swh_gov_domains
idp-death-tellusonce.direct.gov.uk,swh_gov_domains
idp.nottscc.gov.uk,swh_gov_domains
ids.mcga.gov.uk,swh_gov_domains
idv.gateway.gov.uk,swh_gov_domains
ilaps.defra.gov.uk,swh_gov_domains
ilatest.saas.gov.uk,swh_gov_domains
imail.lbbd.gov.uk,swh_gov_domains
img-hx.gra.businesslink.gov.uk,swh_gov_domains
immform.dh.gov.uk,swh_gov_domains
immformreportserveruat.dh.gov.uk,swh_gov_domains
immformservices.immform.dh.gov.uk,swh_gov_domains
immformstst.dh.gov.uk,swh_gov_domains
immformuat.dh.gov.uk,swh_gov_domains
immigrationappealsonline.justice.gov.uk,swh_gov_domains
ines.esf.gov.uk,swh_gov_domains
inetgateway.edinburgh.gov.uk,swh_gov_domains
inferno.seemis.gov.uk,swh_gov_domains
info.kentparishes.gov.uk,swh_gov_domains
info4local.gov.uk,swh_gov_domains
infogateway.ofsted.gov.uk,swh_gov_domains
inform.thurrock.gov.uk,swh_gov_domains
innovationlaunchpad.cabinetoffice.gov.uk,swh_gov_domains
insight.dfid.gov.uk,swh_gov_domains
insight.hullcc.gov.uk,swh_gov_domains
insite.northdevon.gov.uk,swh_gov_domains
insolvency.detini.gov.uk,swh_gov_domains
insolvency.gov.uk,swh_gov_domains
insolvencydirect.gov.uk,swh_gov_domains
integrated-regulation-test.environment-agency.gov.uk,swh_gov_domains
integrated-regulation.environment-agency.gov.uk,swh_gov_domains
interactive.dwp.gov.uk,swh_gov_domains
interactive.stockport.gov.uk,swh_gov_domains
interform.communities.gov.uk,swh_gov_domains
interim.connect.ukti.gov.uk,swh_gov_domains
internal.westminster.gov.uk,swh_gov_domains
international.kent.gov.uk,swh_gov_domains
intouch.dfid.gov.uk,swh_gov_domains
intouch2.dfid.gov.uk,swh_gov_domains
intouch3.dfid.gov.uk,swh_gov_domains
intouch5.dfid.gov.uk,swh_gov_domains
intouch6.dfid.gov.uk,swh_gov_domains
intra.staffordshire.gov.uk,swh_gov_domains
intranet.eastlothian.gov.uk,swh_gov_domains
intranet.havant.gov.uk,swh_gov_domains
intranet.havering.gov.uk,swh_gov_domains
intranet.lsc.gov.uk,swh_gov_domains
intranet.nottscc.gov.uk,swh_gov_domains
intranet.shetland.gov.uk,swh_gov_domains
intranet.skillsfundingagency.bis.gov.uk,swh_gov_domains
intranet.ypla.gov.uk,swh_gov_domains
intranet2.shetland.gov.uk,swh_gov_domains
inverclyde.gov.uk,swh_gov_domains
ipas.horsham.gov.uk,swh_gov_domains
ipay.smbc.sandwell.gov.uk,swh_gov_domains
ipo.gov.uk,swh_gov_domains
ips.gov.uk,swh_gov_domains
ipswich.gov.uk,swh_gov_domains
iqc.n-somerset.gov.uk,swh_gov_domains
ir-online.gov.uk,swh_gov_domains
iragentreg.gov.uk,swh_gov_domains
iris.tfl.gov.uk,swh_gov_domains
irs.derbys-fire.gov.uk,swh_gov_domains
irs.fire.gov.uk,swh_gov_domains
irs.xml.fire.gov.uk,swh_gov_domains
irxm.monitor-nhsft.gov.uk,swh_gov_domains
is.stirling.gov.uk,swh_gov_domains
island.barnet.gov.uk,swh_gov_domains
islington.gov.uk,swh_gov_domains
isportal.london.gov.uk,swh_gov_domains
ispwebsites.lsc.gov.uk,swh_gov_domains
isupplier-test.havering.gov.uk,swh_gov_domains
isupplier.havering.gov.uk,swh_gov_domains
it.civilservice.gov.uk,swh_gov_domains
itadmn01a.nottscc.gov.uk,swh_gov_domains
itmail01b.nottscc.gov.uk,swh_gov_domains
itmail01c.nottscc.gov.uk,swh_gov_domains
itportal.decc.gov.uk,swh_gov_domains
its.haringey.gov.uk,swh_gov_domains
itsacr02a.nottscc.gov.uk,swh_gov_domains
itsallaboutme.warrington.gov.uk,swh_gov_domains
itservicedesk.testvalley.gov.uk,swh_gov_domains
itsm.warwickshire.gov.uk,swh_gov_domains
itsopgroups.communities.gov.uk,swh_gov_domains
ive.newport.gov.uk,swh_gov_domains
ive.valeroyal.gov.uk,swh_gov_domains
ix.eastsussex.gov.uk,swh_gov_domains
ix.eastsussexcc.gov.uk,swh_gov_domains
izone.uksport.gov.uk,swh_gov_domains
izonedevl.uksport.gov.uk,swh_gov_domains
jaas.jac.judiciary.gov.uk,swh_gov_domains
jaas.judicialappointments.gov.uk,swh_gov_domains
jadu.derby.gov.uk,swh_gov_domains
jasper.carmarthenshire.gov.uk,swh_gov_domains
jobcentreplus.gov.uk,swh_gov_domains
jobs-test.hounslow.gov.uk,swh_gov_domains
jobs-test.london-fire.gov.uk,swh_gov_domains
jobs-test.peterborough.gov.uk,swh_gov_domains
jobs-train.hounslow.gov.uk,swh_gov_domains
jobs-train.peterborough.gov.uk,swh_gov_domains
jobs.belfastcity.gov.uk,swh_gov_domains
jobs.bournemouth.gov.uk,swh_gov_domains
jobs.brighton-hove.gov.uk,swh_gov_domains
jobs.buckscc.gov.uk,swh_gov_domains
jobs.calderdale.gov.uk,swh_gov_domains
jobs.cardiff.gov.uk,swh_gov_domains
jobs.civilservice.gov.uk,swh_gov_domains
jobs.coi.gov.uk,swh_gov_domains
jobs.coventry.gov.uk,swh_gov_domains
jobs.derby.gov.uk,swh_gov_domains
jobs.enfield.gov.uk,swh_gov_domains
jobs.greenwich.gov.uk,swh_gov_domains
jobs.haringey.gov.uk,swh_gov_domains
jobs.harrogate.gov.uk,swh_gov_domains
jobs.havering.gov.uk,swh_gov_domains
jobs.hillingdon.gov.uk,swh_gov_domains
jobs.hounslow.gov.uk,swh_gov_domains
jobs.kingston.gov.uk,swh_gov_domains
jobs.lbhf.gov.uk,swh_gov_domains
jobs.leeds.gov.uk,swh_gov_domains
jobs.lewisham.gov.uk,swh_gov_domains
jobs.lincolnshire.gov.uk,swh_gov_domains
jobs.london-fire.gov.uk,swh_gov_domains
jobs.luton.gov.uk,swh_gov_domains
jobs.merton.gov.uk,swh_gov_domains
jobs.oxfordshire.gov.uk,swh_gov_domains
jobs.peterborough.gov.uk,swh_gov_domains
jobs.rbkc.gov.uk,swh_gov_domains
jobs.redbridge.gov.uk,swh_gov_domains
jobs.rhondda-cynon-taff.gov.uk,swh_gov_domains
jobs.richmond.gov.uk,swh_gov_domains
jobs.south-norfolk.gov.uk,swh_gov_domains
jobs.southkesteven.gov.uk,swh_gov_domains
jobs.sutton.gov.uk,swh_gov_domains
jobs.telford.gov.uk,swh_gov_domains
jobs.wakefield.gov.uk,swh_gov_domains
jobs.wandsworth.gov.uk,swh_gov_domains
jobs.wiltshire.gov.uk,swh_gov_domains
jobs.wycombe.gov.uk,swh_gov_domains
jobsearch.direct.gov.uk,swh_gov_domains
jobsearch.kent.gov.uk,swh_gov_domains
jobsfiles.civilservice.gov.uk,swh_gov_domains
jobshop.gateshead.gov.uk,swh_gov_domains
jobsstatic.civilservice.gov.uk,swh_gov_domains
jobvacancies.businesslink.gov.uk,swh_gov_domains
jobvacancies.ftp.businesslink.gov.uk,swh_gov_domains
jobvacancies.schemas.businesslink.gov.uk,swh_gov_domains
jobvacancies.services.businesslink.gov.uk,swh_gov_domains
jobvacancieshelp.businesslink.gov.uk,swh_gov_domains
jobwarehouse.businesslink.gov.uk,swh_gov_domains
jools.dfpni.gov.uk,swh_gov_domains
jras-test.cps.gov.uk,swh_gov_domains
jras.cps.gov.uk,swh_gov_domains
js-hx.gra.businesslink.gov.uk,swh_gov_domains
juniper.coi.gov.uk,swh_gov_domains
justice.gov.uk,swh_gov_domains
justiceandcommunities.scotland.gov.uk,swh_gov_domains
k7.liverpool.gov.uk,swh_gov_domains
kendal.welhat.gov.uk,swh_gov_domains
kent.gov.uk,swh_gov_domains
kentparishes.gov.uk,swh_gov_domains
kerrier.gov.uk,swh_gov_domains
keys.northyorks.gov.uk,swh_gov_domains
keys.ogcbs.gov.uk,swh_gov_domains
keys.southtyneside.gov.uk,swh_gov_domains
keyserver.sthelens.gov.uk,swh_gov_domains
keytosuccess.dcsf.gov.uk,swh_gov_domains
keytosuccess.education.gov.uk,swh_gov_domains
kingston.gov.uk,swh_gov_domains
kirklees.gov.uk,swh_gov_domains
knowsley.gov.uk,swh_gov_domains
kohalibrary.halton.gov.uk,swh_gov_domains
kohastaff.halton.gov.uk,swh_gov_domains
ktac.nlawarp.gov.uk,swh_gov_domains
lagan.winchester.gov.uk,swh_gov_domains
lalpac.flintshire.gov.uk,swh_gov_domains
lalpac.sthelens.gov.uk,swh_gov_domains
lalpac.wyrebc.gov.uk,swh_gov_domains
lalpacweb.blackpool.gov.uk,swh_gov_domains
lancaster.gov.uk,swh_gov_domains
landcharges.teignbridge.gov.uk,swh_gov_domains
landlordregistrationscotland.gov.uk,swh_gov_domains
landregistry.gov.uk,swh_gov_domains
landsearches.staffordshire.gov.uk,swh_gov_domains
laportal.ofsted.gov.uk,swh_gov_domains
larissa.spelthorne.gov.uk,swh_gov_domains
las.portsmouth.gov.uk,swh_gov_domains
lass.london.gov.uk,swh_gov_domains
lbbpensions.barnet.gov.uk,swh_gov_domains
lbbstaffmail.bromley.gov.uk,swh_gov_domains
lbh-vmw-p-exc20.lbhf.gov.uk,swh_gov_domains
lbhf.gov.uk,swh_gov_domains
lbhlynv001.havering.gov.uk,swh_gov_domains
lbhlynv002.havering.gov.uk,swh_gov_domains
lbmns.merton.gov.uk,swh_gov_domains
lbmsecure.merton.gov.uk,swh_gov_domains
lbs-remoteaccess.southwark.gov.uk,swh_gov_domains
lcc-euq1.lincolnshire.gov.uk,swh_gov_domains
lcc-euq2.lincolnshire.gov.uk,swh_gov_domains
lcc-euq3.lincolnshire.gov.uk,swh_gov_domains
lcc-securemail1.lincolnshire.gov.uk,swh_gov_domains
lccdataexchange.lincolnshire.gov.uk,swh_gov_domains
lccenurseries.liverpool.gov.uk,swh_gov_domains
lccestart.liverpool.gov.uk,swh_gov_domains
lccpmf.liverpool.gov.uk,swh_gov_domains
lccpoc.leics.gov.uk,swh_gov_domains
lccsecure.lancashire.gov.uk,swh_gov_domains
lccsecure2.lancashire.gov.uk,swh_gov_domains
lccsecure3.lancashire.gov.uk,swh_gov_domains
lccwebaccess.lincolnshire.gov.uk,swh_gov_domains
lcrdc.londoncouncils.gov.uk,swh_gov_domains
lcsa.gateshead.gov.uk,swh_gov_domains
lda.gov.uk,swh_gov_domains
ldcmail.lewes.gov.uk,swh_gov_domains
ldcremote.lewes.gov.uk,swh_gov_domains
ldd.london.gov.uk,swh_gov_domains
ldfconsultation.southwark.gov.uk,swh_gov_domains
ldfweb.whitehorsedc.gov.uk,swh_gov_domains
lea-eas.somerset.gov.uk,swh_gov_domains
lea-owa.somerset.gov.uk,swh_gov_domains
lea.manchester.gov.uk,swh_gov_domains
leadershipandmanagement.lsc.gov.uk,swh_gov_domains
learned.liverpool.gov.uk,swh_gov_domains
learnerportal.oxfordshire.gov.uk,swh_gov_domains
learnerrecord.uklrs.miap.gov.uk,swh_gov_domains
learnersupport.direct.gov.uk,swh_gov_domains
learning.calderdale.gov.uk,swh_gov_domains
learning.environment-agency.gov.uk,swh_gov_domains
learning.myoxfordshire.gov.uk,swh_gov_domains
learningzone.coi.gov.uk,swh_gov_domains
learningzone.eastsussex.gov.uk,swh_gov_domains
leavingcareconsultation.dcsf.gov.uk,swh_gov_domains
leeds.gov.uk,swh_gov_domains
legacy.calderdale.gov.uk,swh_gov_domains
legacy.cherwell-dc.gov.uk,swh_gov_domains
legacy.cheshirefire.gov.uk,swh_gov_domains
legacy.nelincs.gov.uk,swh_gov_domains
legacy.newcastle.gov.uk,swh_gov_domains
legacy.sstaffs.gov.uk,swh_gov_domains
legacy.thurrock.gov.uk,swh_gov_domains
legacy.uksport.gov.uk,swh_gov_domains
legalservices.gov.uk,swh_gov_domains
leicester.gov.uk,swh_gov_domains
leicestershire.gov.uk,swh_gov_domains
leics.gov.uk,swh_gov_domains
leisure-web.gedling.gov.uk,swh_gov_domains
leisure.barking-dagenham.gov.uk,swh_gov_domains
leisure.kennet.gov.uk,swh_gov_domains
leisurebooking.castlepoint.gov.uk,swh_gov_domains
leisurebooking.newcastle-staffs.gov.uk,swh_gov_domains
leisurebooking.secure.haringey.gov.uk,swh_gov_domains
leisurebookings.bedford.gov.uk,swh_gov_domains
leisurebookings.birmingham.gov.uk,swh_gov_domains
leisurebookings.flintshire.gov.uk,swh_gov_domains
leisurebookings.gateshead.gov.uk,swh_gov_domains
leisurebookings.huntsdc.gov.uk,swh_gov_domains
leisurebookings.westoxon.gov.uk,swh_gov_domains
leisurecentres.monmouthshire.gov.uk,swh_gov_domains
leisurelifestylebookings.caerphilly.gov.uk,swh_gov_domains
lestotal.gateshead.gov.uk,swh_gov_domains
lewisham.gov.uk,swh_gov_domains
lg.newham.gov.uk,swh_gov_domains
lha-direct.voa.gov.uk,swh_gov_domains
lhc.gov.uk,swh_gov_domains
lib.argyll-bute.gov.uk,swh_gov_domains
libcat.kent.gov.uk,swh_gov_domains
libcat.oxfordshire.gov.uk,swh_gov_domains
libcat.renfrewshire.gov.uk,swh_gov_domains
libcat.walsall.gov.uk,swh_gov_domains
libraries.midlothian.gov.uk,swh_gov_domains
libraries.redcar-cleveland.gov.uk,swh_gov_domains
libraries.torbay.gov.uk,swh_gov_domains
libraries.wiltshire.gov.uk,swh_gov_domains
library.bury.gov.uk,swh_gov_domains
library.eastriding.gov.uk,swh_gov_domains
library.newcastle.gov.uk,swh_gov_domains
library.south-ayrshire.gov.uk,swh_gov_domains
library.warwickshire.gov.uk,swh_gov_domains
librarycatalogue.manchester.gov.uk,swh_gov_domains
librarysearch.scotborders.gov.uk,swh_gov_domains
lic.south-norfolk.gov.uk,swh_gov_domains
licences.westdevon.gov.uk,swh_gov_domains
licensing.allerdale.gov.uk,swh_gov_domains
licensing.barrowbc.gov.uk,swh_gov_domains
licensing.bolton.gov.uk,swh_gov_domains
licensing.breckland.gov.uk,swh_gov_domains
licensing.burnley.gov.uk,swh_gov_domains
licensing.carlisle.gov.uk,swh_gov_domains
licensing.castlepoint.gov.uk,swh_gov_domains
licensing.conwy.gov.uk,swh_gov_domains
licensing.easthants.gov.uk,swh_gov_domains
licensing.exeter.gov.uk,swh_gov_domains
licensing.fylde.gov.uk,swh_gov_domains
licensing.havant.gov.uk,swh_gov_domains
licensing.kennet.gov.uk,swh_gov_domains
licensing.lancaster.gov.uk,swh_gov_domains
licensing.liverpool.gov.uk,swh_gov_domains
licensing.manchester.gov.uk,swh_gov_domains
licensing.newcastle-staffs.gov.uk,swh_gov_domains
licensing.north-dorset.gov.uk,swh_gov_domains
licensing.northampton.gov.uk,swh_gov_domains
licensing.northdevon.gov.uk,swh_gov_domains
licensing.pendle.gov.uk,swh_gov_domains
licensing.plymouth.gov.uk,swh_gov_domains
licensing.ribblevalley.gov.uk,swh_gov_domains
licensing.rochdale.gov.uk,swh_gov_domains
licensing.rossendalebc.gov.uk,swh_gov_domains
licensing.rushcliffe.gov.uk,swh_gov_domains
licensing.scambs.gov.uk,swh_gov_domains
licensing.scarborough.gov.uk,swh_gov_domains
licensing.shropshire.gov.uk,swh_gov_domains
licensing.southribble.gov.uk,swh_gov_domains
licensing.sstaffs.gov.uk,swh_gov_domains
licensing.suffolkcoastal.gov.uk,swh_gov_domains
licensing.teignbridge.gov.uk,swh_gov_domains
licensing.torridge.gov.uk,swh_gov_domains
licensing.uttlesford.gov.uk,swh_gov_domains
licensing.wakefield.gov.uk,swh_gov_domains
licensing.warrington.gov.uk,swh_gov_domains
licensing.west-lindsey.gov.uk,swh_gov_domains
licensing.westdorset-dc.gov.uk,swh_gov_domains
licensing.wigan.gov.uk,swh_gov_domains
licensingportal.warrington.gov.uk,swh_gov_domains
lichfielddc.gov.uk,swh_gov_domains
lilo.leeds.gov.uk,swh_gov_domains
lincoln.gov.uk,swh_gov_domains
lincolnshire.gov.uk,swh_gov_domains
linets.gov.uk,swh_gov_domains
link.seemis.gov.uk,swh_gov_domains
linkuplinkin.hmg.gov.uk,swh_gov_domains
lists.mi5.gov.uk,swh_gov_domains
live-events.coi.gov.uk,swh_gov_domains
live.ofsted.gov.uk,swh_gov_domains
llagnet.gov.uk,swh_gov_domains
llpgport.oltps.sthelens.gov.uk,swh_gov_domains
lm.audit-scotland.gov.uk,swh_gov_domains
lms.consumerdirect.gov.uk,swh_gov_domains
lms.warwickshire.gov.uk,swh_gov_domains
lmtraining.lsc.gov.uk,swh_gov_domains
local.n-kesteven.gov.uk,swh_gov_domains
localview.birmingham.gov.uk,swh_gov_domains
localview.lancaster.gov.uk,swh_gov_domains
localview.staffordshire.gov.uk,swh_gov_domains
locate.fco.gov.uk,swh_gov_domains
logasnet.communities.gov.uk,swh_gov_domains
logasnet.communities.gsi.gov.uk,swh_gov_domains
login.cookstown.gov.uk,swh_gov_domains
login.dwpe-services.direct.gov.uk,swh_gov_domains
login.hmrc.gov.uk,swh_gov_domains
login.metoffice.gov.uk,swh_gov_domains
login.nottscc.gov.uk,swh_gov_domains
login.s-norfolk.gov.uk,swh_gov_domains
login.thepensionsregulator.gov.uk,swh_gov_domains
login.ukti.gov.uk,swh_gov_domains
logon.csvacs.gov.uk,swh_gov_domains
logon.metoffice.gov.uk,swh_gov_domains
logonpre.metoffice.gov.uk,swh_gov_domains
london-fire.gov.uk,swh_gov_domains
london.gov.uk,swh_gov_domains
londoncareplacements.gov.uk,swh_gov_domains
londonlibraries.gov.uk,swh_gov_domains
londonloop.tfl.gov.uk,swh_gov_domains
londonsummit.gov.uk,swh_gov_domains
lookinglocal.gov.uk,swh_gov_domains
lowemissionzone.tfl.gov.uk,swh_gov_domains
lp-advance.buckscc.gov.uk,swh_gov_domains
lpe.bury.gov.uk,swh_gov_domains
lpe.n-kesteven.gov.uk,swh_gov_domains
lrc.businesslink.gov.uk,swh_gov_domains
lrni.gov.uk,swh_gov_domains
ls-av.uksport.gov.uk,swh_gov_domains
ls-wc.uksport.gov.uk,swh_gov_domains
ls-ws.uksport.gov.uk,swh_gov_domains
lsc.gov.uk,swh_gov_domains
lscrecruitment.lsc.gov.uk,swh_gov_domains
lucas.tfl.gov.uk,swh_gov_domains
lvproperty.staffordshire.gov.uk,swh_gov_domains
lws.stockport.gov.uk,swh_gov_domains
lync.antrim.gov.uk,swh_gov_domains
lync.buckscc.gov.uk,swh_gov_domains
lync.camden.gov.uk,swh_gov_domains
lync.sps.gov.uk,swh_gov_domains
lync.uksport.gov.uk,swh_gov_domains
lyncdiscover.argyll-bute.gov.uk,swh_gov_domains
lyncdiscover.armagh.gov.uk,swh_gov_domains
lyncdiscover.audit-scotland.gov.uk,swh_gov_domains
lyncdiscover.camden.gov.uk,swh_gov_domains
lyncdiscover.chichester.gov.uk,swh_gov_domains
lyncdiscover.gmpa.gov.uk,swh_gov_domains
lyncdiscover.nottscc.gov.uk,swh_gov_domains
lyncdiscover.salford.gov.uk,swh_gov_domains
lyncdiscover.scotcourts.gov.uk,swh_gov_domains
lyncdiscover.south-ayrshire.gov.uk,swh_gov_domains
lyncdiscover.stockport.gov.uk,swh_gov_domains
lyncdiscover.taysidefire.gov.uk,swh_gov_domains
lyncdiscoverinternal.scotcourts.gov.uk,swh_gov_domains
lyncexternal.audit-scotland.gov.uk,swh_gov_domains
lyncexternal.halton.gov.uk,swh_gov_domains
lyncws.sps.gov.uk,swh_gov_domains
lynx2.lbhf.gov.uk,swh_gov_domains
lysolbryntirion.bridgend.gov.uk,swh_gov_domains
m2012.uksport.gov.uk,swh_gov_domains
m3.walsall.gov.uk,swh_gov_domains
magnum.gmpte.gov.uk,swh_gov_domains
maidstone.gov.uk,swh_gov_domains
mail.aaib.gov.uk,swh_gov_domains
mail.armagh.gov.uk,swh_gov_domains
mail.banbridge.gov.uk,swh_gov_domains
mail.beacons-npa.gov.uk,swh_gov_domains
mail.bicester.gov.uk,swh_gov_domains
mail.birmingham.gov.uk,swh_gov_domains
mail.blackburn.gov.uk,swh_gov_domains
mail.bude-stratton.gov.uk,swh_gov_domains
mail.bury.gov.uk,swh_gov_domains
mail.campbell-park.gov.uk,swh_gov_domains
mail.castlepoint.gov.uk,swh_gov_domains
mail.chippenham.gov.uk,swh_gov_domains
mail.cookstown.gov.uk,swh_gov_domains
mail.croydon.gov.uk,swh_gov_domains
mail.derbyshire.gov.uk,swh_gov_domains
mail.durhamcity.gov.uk,swh_gov_domains
mail.eastlothian.gov.uk,swh_gov_domains
mail.edinburgh.gov.uk,swh_gov_domains
mail.environment-agency.gov.uk,swh_gov_domains
mail.envirowise.gov.uk,swh_gov_domains
mail.erewash.gov.uk,swh_gov_domains
mail.falkirk.gov.uk,swh_gov_domains
mail.firescotland.gov.uk,swh_gov_domains
mail.fscc.gov.uk,swh_gov_domains
mail.gateshead.gov.uk,swh_gov_domains
mail.gloucestershire.gov.uk,swh_gov_domains
mail.harrogate.gov.uk,swh_gov_domains
mail.historic-scotland.gov.uk,swh_gov_domains
mail.larne.gov.uk,swh_gov_domains
mail.lbwf.gov.uk,swh_gov_domains
mail.lichfielddc.gov.uk,swh_gov_domains
mail.liverpool.gov.uk,swh_gov_domains
mail.magherafelt.gov.uk,swh_gov_domains
mail.mansfield.gov.uk,swh_gov_domains
mail.mawwfire.gov.uk,swh_gov_domains
mail.melton.gov.uk,swh_gov_domains
mail.mhs.gov.uk,swh_gov_domains
mail.middevon.gov.uk,swh_gov_domains
mail.midlothian.gov.uk,swh_gov_domains
mail.n-somerset.gov.uk,swh_gov_domains
mail.nafn.gov.uk,swh_gov_domains
mail.nereo.gov.uk,swh_gov_domains
mail.newcastle.gov.uk,swh_gov_domains
mail.north-dorset.gov.uk,swh_gov_domains
mail.northdevon.gov.uk,swh_gov_domains
mail.northyorksfire.gov.uk,swh_gov_domains
mail.nottscc.gov.uk,swh_gov_domains
mail.ofgem.gov.uk,swh_gov_domains
mail.ofsted.gov.uk,swh_gov_domains
mail.peakdistrict.gov.uk,swh_gov_domains
mail.remoteworking.colchester.gov.uk,swh_gov_domains
mail.schools.nottscc.gov.uk,swh_gov_domains
mail.secouncils.gov.uk,swh_gov_domains
mail.sedgefield.gov.uk,swh_gov_domains
mail.sestran.gov.uk,swh_gov_domains
mail.smbc.sandwell.gov.uk,swh_gov_domains
mail.somerset.gov.uk,swh_gov_domains
mail.south-ayrshire.gov.uk,swh_gov_domains
mail.staffordshire.gov.uk,swh_gov_domains
mail.stneots-tc.gov.uk,swh_gov_domains
mail.swcouncils.gov.uk,swh_gov_domains
mail.teignmouth-devon.gov.uk,swh_gov_domains
mail.telford.gov.uk,swh_gov_domains
mail.thurrock.gov.uk,swh_gov_domains
mail.towerhamlets.gov.uk,swh_gov_domains
mail.uksport.gov.uk,swh_gov_domains
mail.walthamforest.gov.uk,swh_gov_domains
mail.warrington.gov.uk,swh_gov_domains
mail.westdorset-dc.gov.uk,swh_gov_domains
mail.wiltsfire.gov.uk,swh_gov_domains
mail.wiltshire.gov.uk,swh_gov_domains
mail1.barclayscyclehire.tfl.gov.uk,swh_gov_domains
mail1.gloucester.gov.uk,swh_gov_domains
mailbackup.warrington.gov.uk,swh_gov_domains
mailgate.chelmsfordbc.gov.uk,swh_gov_domains
mailgate.lbwf.gov.uk,swh_gov_domains
mailgate.redcar-cleveland.gov.uk,swh_gov_domains
mailgate.sevenoakstown.gov.uk,swh_gov_domains
mailhost.carmarthenshire.gov.uk,swh_gov_domains
mailserv.parking-adjudication.gov.uk,swh_gov_domains
mailserv.parking-appeals.gov.uk,swh_gov_domains
mailserv.trafficpenaltytribunal.gov.uk,swh_gov_domains
mailworking.barnsley.gov.uk,swh_gov_domains
malvernhills.gov.uk,swh_gov_domains
manage.ukba.homeoffice.gov.uk,swh_gov_domains
mansfield.gov.uk,swh_gov_domains
map.westminster.gov.uk,swh_gov_domains
mapit2.nottscc.gov.uk,swh_gov_domains
maps.aylesburyvaledc.gov.uk,swh_gov_domains
maps.bracknell-forest.gov.uk,swh_gov_domains
maps.osni.gov.uk,swh_gov_domains
maps.salford.gov.uk,swh_gov_domains
maps.telford.gov.uk,swh_gov_domains
maypole.wigan.gov.uk,swh_gov_domains
mbcmsx001.internal.melton.gov.uk,swh_gov_domains
mbg.reading.gov.uk,swh_gov_domains
mcc-exch01.parking-adjudication.gov.uk,swh_gov_domains
mcga.gov.uk,swh_gov_domains
mcr.eaststaffsbc.gov.uk,swh_gov_domains
mcrgateway.salford.gov.uk,swh_gov_domains
mcs.tfl.gov.uk,swh_gov_domains
mdm.peterborough.gov.uk,swh_gov_domains
me.nottscc.gov.uk,swh_gov_domains
me.reading.gov.uk,swh_gov_domains
media.gra.businesslink.gov.uk,swh_gov_domains
media.number10.gov.uk,swh_gov_domains
mediastore.portsmouth.gov.uk,swh_gov_domains
medway.gov.uk,swh_gov_domains
meet.audit-scotland.gov.uk,swh_gov_domains
meet.buckscc.gov.uk,swh_gov_domains
meet.cannockchasedc.gov.uk,swh_gov_domains
meet.chichester.gov.uk,swh_gov_domains
meet.firescotland.gov.uk,swh_gov_domains
meet.gmpa.gov.uk,swh_gov_domains
meet.halton.gov.uk,swh_gov_domains
meet.havering.gov.uk,swh_gov_domains
meet.ofsted.gov.uk,swh_gov_domains
meet.salford.gov.uk,swh_gov_domains
meet.spin.sps.gov.uk,swh_gov_domains
meet.staffordbc.gov.uk,swh_gov_domains
meet.westyorksfire.gov.uk,swh_gov_domains
meetings.brighton-hove.gov.uk,swh_gov_domains
meetings.gmpa.gov.uk,swh_gov_domains
melton.gov.uk,swh_gov_domains
members.blackpool.gov.uk,swh_gov_domains
members.brentwood.gov.uk,swh_gov_domains
members.historic-scotland.gov.uk,swh_gov_domains
members.newcastle-staffs.gov.uk,swh_gov_domains
members.surreyheath-online.gov.uk,swh_gov_domains
members.westminster.gov.uk,swh_gov_domains
members.wycombe.gov.uk,swh_gov_domains
membersportal.basingstoke.gov.uk,swh_gov_domains
merton.gov.uk,swh_gov_domains
mesals.bromley.gov.uk,swh_gov_domains
messaging.herefordshire.gov.uk,swh_gov_domains
metoffice.gov.uk,swh_gov_domains
mgi.fsa.gov.uk,swh_gov_domains
mgipre.fsa.gov.uk,swh_gov_domains
mhdc-ex2010.malvernhills.gov.uk,swh_gov_domains
mhs.gov.uk,swh_gov_domains
mhtscotland.gov.uk,swh_gov_domains
mi-vsp.maidstone.gov.uk,swh_gov_domains
mi.derby.gov.uk,swh_gov_domains
mi5.gov.uk,swh_gov_domains
mi5careers.gov.uk,swh_gov_domains
mias.derby.gov.uk,swh_gov_domains
midlothian.gov.uk,swh_gov_domains
milton-keynes.gov.uk,swh_gov_domains
ministers.culture.gov.uk,swh_gov_domains
mis.fi.gateway.gov.uk,swh_gov_domains
mis.gateway.gov.uk,swh_gov_domains
mksmartconnect.milton-keynes.gov.uk,swh_gov_domains
mla.gov.uk,swh_gov_domains
mm.hinckley-bosworth.gov.uk,swh_gov_domains
mmail.wirral.gov.uk,swh_gov_domains
mmu.cabinetoffice.gov.uk,swh_gov_domains
mmu.coi.gov.uk,swh_gov_domains
mo.lsc.gov.uk,swh_gov_domains
mobile.birmingham.gov.uk,swh_gov_domains
mobile.bolsover.gov.uk,swh_gov_domains
mobile.bolton.gov.uk,swh_gov_domains
mobile.bournemouth.gov.uk,swh_gov_domains
mobile.colchester.gov.uk,swh_gov_domains
mobile.confirm.haringey.gov.uk,swh_gov_domains
mobile.durham.gov.uk,swh_gov_domains
mobile.edinburgh.gov.uk,swh_gov_domains
mobile.harrow.gov.uk,swh_gov_domains
mobile.lgiu.gov.uk,swh_gov_domains
mobile.northamptonshire.gov.uk,swh_gov_domains
mobile.northyorksfire.gov.uk,swh_gov_domains
mobile.ryedale.gov.uk,swh_gov_domains
mobile.sandwell.gov.uk,swh_gov_domains
mobile.selby.gov.uk,swh_gov_domains
mobile.southribble.gov.uk,swh_gov_domains
mobile.staffordshire.gov.uk,swh_gov_domains
mobile.stockton.gov.uk,swh_gov_domains
mobile.stroud.gov.uk,swh_gov_domains
mobile.swale.gov.uk,swh_gov_domains
mobile.swansea-edunet.gov.uk,swh_gov_domains
mobile.swansea.gov.uk,swh_gov_domains
mobile.telford.gov.uk,swh_gov_domains
mobile.trafford.gov.uk,swh_gov_domains
mobile.ukhoftp.gov.uk,swh_gov_domains
mobile.uttlesford.gov.uk,swh_gov_domains
mobile.west-norfolk.gov.uk,swh_gov_domains
mobile.winchester.gov.uk,swh_gov_domains
mobile.worcester.gov.uk,swh_gov_domains
mobilebc.croydon.gov.uk,swh_gov_domains
mobiledevices.harrow.gov.uk,swh_gov_domains
mobilestreetscene.croydon.gov.uk,swh_gov_domains
mobileworking.gateshead.gov.uk,swh_gov_domains
mobmail.aylesburyvaledc.gov.uk,swh_gov_domains
moderngov.cheshireeast.gov.uk,swh_gov_domains
moderngov.newcastle-staffs.gov.uk,swh_gov_domains
moderngov.sthelens.gov.uk,swh_gov_domains
modipunit.ukti.gov.uk,swh_gov_domains
mole-valley.gov.uk,swh_gov_domains
moneyclaim.gov.uk,swh_gov_domains
moodle.dudley.gov.uk,swh_gov_domains
moodle.sthelens.gov.uk,swh_gov_domains
moodle.surreycc.gov.uk,swh_gov_domains
moowa.cheltenham.gov.uk,swh_gov_domains
mopw.cheltenham.gov.uk,swh_gov_domains
morganite.carmarthenshire.gov.uk,swh_gov_domains
mortgagesupport-mi.communities.gov.uk,swh_gov_domains
moss.derby.gov.uk,swh_gov_domains
motoring.direct.gov.uk,swh_gov_domains
moveit.copfs.gov.uk,swh_gov_domains
mpa-cas.mpa.gov.uk,swh_gov_domains
mplus.warwickshire.gov.uk,swh_gov_domains
ms.fs4b.wales.gov.uk,swh_gov_domains
mutuals.fsa.gov.uk,swh_gov_domains
mutualsadmin.fsa.gov.uk,swh_gov_domains
my.bracknell-forest.gov.uk,swh_gov_domains
my.civilservice.gov.uk,swh_gov_domains
my.corby.gov.uk,swh_gov_domains
my.croydon.gov.uk,swh_gov_domains
my.tfl.gov.uk,swh_gov_domains
my.towerhamlets.gov.uk,swh_gov_domains
myaccount.aylesburyvaledc.gov.uk,swh_gov_domains
myaccount.cheshireeast.gov.uk,swh_gov_domains
myaccount.croydon.gov.uk,swh_gov_domains
myaccount.edinburgh.gov.uk,swh_gov_domains
myaccount.fi.gateway.gov.uk,swh_gov_domains
myaccount.gateway.gov.uk,swh_gov_domains
myaccount.hackney.gov.uk,swh_gov_domains
myaccount.lbbd.gov.uk,swh_gov_domains
myaccount.lewisham.gov.uk,swh_gov_domains
myaccount.n-somerset.gov.uk,swh_gov_domains
myaccount.newham.gov.uk,swh_gov_domains
myaccount.richmond.gov.uk,swh_gov_domains
myaccount.runnymede.gov.uk,swh_gov_domains
myaccount.southwark.gov.uk,swh_gov_domains
myaccount.stoke.gov.uk,swh_gov_domains
myaccount.sutton.gov.uk,swh_gov_domains
myaccount.testvalley.gov.uk,swh_gov_domains
myaccount.west-lindsey.gov.uk,swh_gov_domains
myaccounts.northampton.gov.uk,swh_gov_domains
myaccounts.scambs.gov.uk,swh_gov_domains
myaccounts.towerhamlets.gov.uk,swh_gov_domains
myapps.centralbedfordshire.gov.uk,swh_gov_domains
myapps.oxfordshire.gov.uk,swh_gov_domains
myapps2.centralbedfordshire.gov.uk,swh_gov_domains
myattachments.oxfordshire.gov.uk,swh_gov_domains
mychildcare.tfl.gov.uk,swh_gov_domains
mycitrix.harrow.gov.uk,swh_gov_domains
mycommittee.oxfordshire.gov.uk,swh_gov_domains
myconnections.oxfordshire.gov.uk,swh_gov_domains
myconsultations.oxfordshire.gov.uk,swh_gov_domains
mycouncil.surreycc.gov.uk,swh_gov_domains
mydesktop.southsomerset.gov.uk,swh_gov_domains
mydocs.oxfordshire.gov.uk,swh_gov_domains
myeaccount.islington.gov.uk,swh_gov_domains
myestart.oxfordshire.gov.uk,swh_gov_domains
myfiles.oxfordshire.gov.uk,swh_gov_domains
myharrowaccount.harrow.gov.uk,swh_gov_domains
myjobscotland.gov.uk,swh_gov_domains
mylo.dcsf.gov.uk,swh_gov_domains
mymail.brighton-hove.gov.uk,swh_gov_domains
mymail.leeds.gov.uk,swh_gov_domains
mymail.midbeds.gov.uk,swh_gov_domains
mymail.oxfordshire.gov.uk,swh_gov_domains
mymail.preston.gov.uk,swh_gov_domains
mymail.southsomerset.gov.uk,swh_gov_domains
mymail.torridge.gov.uk,swh_gov_domains
mymail2.brighton-hove.gov.uk,swh_gov_domains
mymailarchive.oxfordshire.gov.uk,swh_gov_domains
mymodus.oxfordshire.gov.uk,swh_gov_domains
myoffice.huntsdc.gov.uk,swh_gov_domains
myopac.oxfordshire.gov.uk,swh_gov_domains
mypension.sppa.gov.uk,swh_gov_domains
myperfplus.oxfordshire.gov.uk,swh_gov_domains
myportal.westberks.gov.uk,swh_gov_domains
mysay.torfaen.gov.uk,swh_gov_domains
myservice.gateshead.gov.uk,swh_gov_domains
mysite.derbys-fire.gov.uk,swh_gov_domains
mysite.lsc.gov.uk,swh_gov_domains
mysite.somerset.gov.uk,swh_gov_domains
mysites.bournemouth.gov.uk,swh_gov_domains
mysites.monitor-nhsft.gov.uk,swh_gov_domains
myview.cne-siar.gov.uk,swh_gov_domains
myview.leicester.gov.uk,swh_gov_domains
myvirtualdesk.westlothian.gov.uk,swh_gov_domains
mywork.oxfordshire.gov.uk,swh_gov_domains
mywork.torridge.gov.uk,swh_gov_domains
myworkspace.eastriding.gov.uk,swh_gov_domains
mywsus.oxfordshire.gov.uk,swh_gov_domains
n-kesteven.gov.uk,swh_gov_domains
n-somerset.gov.uk,swh_gov_domains
n3portal.essexcc.gov.uk,swh_gov_domains
naomail.nao.gsi.gov.uk,swh_gov_domains
nationalarchives.gov.uk,swh_gov_domains
nationalcareersservice.direct.gov.uk,swh_gov_domains
nationalcitizenservice.direct.gov.uk,swh_gov_domains
nationalparks.gov.uk,swh_gov_domains
nca-aa.qcda.gov.uk,swh_gov_domains
nca-pr.qcda.gov.uk,swh_gov_domains
ncatools.qcda.gov.uk,swh_gov_domains
nccexmail.nottinghamcity.gov.uk,swh_gov_domains
nccsec.newport.gov.uk,swh_gov_domains
ncdc.gov.uk,swh_gov_domains
ncis.gov.uk,swh_gov_domains
nda.gov.uk,swh_gov_domains
nddc-bla-mxs-01.north-dorset.gov.uk,swh_gov_domains
ndms.derby.gov.uk,swh_gov_domains
ndo.hmrc.gov.uk,swh_gov_domains
nds.coi.gov.uk,swh_gov_domains
nelcaa1.nelincs.gov.uk,swh_gov_domains
nelcaa2.nelincs.gov.uk,swh_gov_domains
nelhubcas01.nelincs.gov.uk,swh_gov_domains
nelhubcas02.nelincs.gov.uk,swh_gov_domains
nelhubcas03.nelincs.gov.uk,swh_gov_domains
nelhubcas04.nelincs.gov.uk,swh_gov_domains
nelincs.gov.uk,swh_gov_domains
neoteris.durham.gov.uk,swh_gov_domains
neoteris.gad.gov.uk,swh_gov_domains
netilla.southsomerset.gov.uk,swh_gov_domains
netilla.staffordbc.gov.uk,swh_gov_domains
neuadddewisant.caerdydd.gov.uk,swh_gov_domains
new.hmce.gov.uk,swh_gov_domains
newark-sherwooddc.gov.uk,swh_gov_domains
newcastle-staffs.gov.uk,swh_gov_domains
newcastle.gov.uk,swh_gov_domains
newforest.gov.uk,swh_gov_domains
newham.gov.uk,swh_gov_domains
newintranet.lsc.gov.uk,swh_gov_domains
news.nottscc.gov.uk,swh_gov_domains
news.warwickshire.gov.uk,swh_gov_domains
newsearch.lsc.gov.uk,swh_gov_domains
newsroom.uktradeinvest.gov.uk,swh_gov_domains
newtheatre.caerdydd.gov.uk,swh_gov_domains
newtheatre.cardiff.gov.uk,swh_gov_domains
newwaytoplan.tfl.gov.uk,swh_gov_domains
nextstep.direct.gov.uk,swh_gov_domains
nfcdd.environment-agency.gov.uk,swh_gov_domains
nfcddtraining.environment-agency.gov.uk,swh_gov_domains
nfi.gov.uk,swh_gov_domains
nfuse.lbbd.gov.uk,swh_gov_domains
nfuse.leeds.gov.uk,swh_gov_domains
nfuse.stoke.gov.uk,swh_gov_domains
nfuse2.leeds.gov.uk,swh_gov_domains
nhsaccea.dh.gov.uk,swh_gov_domains
nhspa.gov.uk,swh_gov_domains
nicsrecruitment.gov.uk,swh_gov_domains
nio.gov.uk,swh_gov_domains
nisranet.gov.uk,swh_gov_domains
nlbp-b4-dc-fw01.barnet.gov.uk,swh_gov_domains
nme.bolton.gov.uk,swh_gov_domains
noms.gov.uk,swh_gov_domains
norfolkrevenuespartnership.gov.uk,swh_gov_domains
norlink.norfolk.gov.uk,swh_gov_domains
north-dorset.gov.uk,swh_gov_domains
north-herts.gov.uk,swh_gov_domains
northamptonshire.gov.uk,swh_gov_domains
northdown.gov.uk,swh_gov_domains
northlan.gov.uk,swh_gov_domains
northlanarkshire.gov.uk,swh_gov_domains
northtyneside.gov.uk,swh_gov_domains
northyorks.gov.uk,swh_gov_domains
northyorksfire.gov.uk,swh_gov_domains
nossl.businesslink.gov.uk,swh_gov_domains
nottinghamshire.gov.uk,swh_gov_domains
nottscc.gov.uk,swh_gov_domains
npslba.teachernet.gov.uk,swh_gov_domains
npt.gov.uk,swh_gov_domains
npwd.environment-agency.gov.uk,swh_gov_domains
ns.wyreforestdc.gov.uk,swh_gov_domains
nscag.north-herts.gov.uk,swh_gov_domains
nservices.salford.gov.uk,swh_gov_domains
nsp1.cambridgeshire.gov.uk,swh_gov_domains
nsp1.dundeecity.gov.uk,swh_gov_domains
nsp1.stockton.gov.uk,swh_gov_domains
nsp2.cambridgeshire.gov.uk,swh_gov_domains
nsp2.dundeecity.gov.uk,swh_gov_domains
nsp2.stockton.gov.uk,swh_gov_domains
nsp3.cambridgeshire.gov.uk,swh_gov_domains
nuneatonandbedworth.gov.uk,swh_gov_domains
nwhoit.gwynedd.gov.uk,swh_gov_domains
nwtra.gwynedd.gov.uk,swh_gov_domains
nyfra-exc-dr02.northyorksfire.gov.uk,swh_gov_domains
nyfra-exc07-01.northyorksfire.gov.uk,swh_gov_domains
nyfra-exc07-02.northyorksfire.gov.uk,swh_gov_domains
nyfra-exc10-01.northyorksfire.gov.uk,swh_gov_domains
nyfra-exc10-02.northyorksfire.gov.uk,swh_gov_domains
nyfra-exc10-dag.northyorksfire.gov.uk,swh_gov_domains
nyfra-exc10-dr1.northyorksfire.gov.uk,swh_gov_domains
nyfra-exc10-dr2.northyorksfire.gov.uk,swh_gov_domains
oab.hounslow.gov.uk,swh_gov_domains
oac.chorley.gov.uk,swh_gov_domains
oadby-wigston.gov.uk,swh_gov_domains
occ.sthelens.gov.uk,swh_gov_domains
ocs.argyll-bute.gov.uk,swh_gov_domains
ocs.audit-scotland.gov.uk,swh_gov_domains
ocs.cheshirefire.gov.uk,swh_gov_domains
ocs.conwy.gov.uk,swh_gov_domains
ocs.hfea.gov.uk,swh_gov_domains
ocs.mhra.gov.uk,swh_gov_domains
ocs.south-ayrshire.gov.uk,swh_gov_domains
ocs.telford.gov.uk,swh_gov_domains
ocs2.salford.gov.uk.salford.gov.uk,swh_gov_domains
ocs2010webext.taysidefire.gov.uk,swh_gov_domains
ocsproxy.corpoflondon.gov.uk,swh_gov_domains
ocsweb.corpoflondon.gov.uk,swh_gov_domains
ocsweb.ofsted.gov.uk,swh_gov_domains
ocsweb.telford.gov.uk,swh_gov_domains
odx.hounslow.gov.uk,swh_gov_domains
oelas.mla.gov.uk,swh_gov_domains
officelink.sefton.gov.uk,swh_gov_domains
ofgem.gov.uk,swh_gov_domains
ofqual.gov.uk,swh_gov_domains
ofsted.gov.uk,swh_gov_domains
oft-tools.oft.gov.uk,swh_gov_domains
ofwat.gov.uk,swh_gov_domains
og.berr.gov.uk,swh_gov_domains
og.decc.gov.uk,swh_gov_domains
ogc.gov.uk,swh_gov_domains
ojc.judicialcomplaints.gov.uk,swh_gov_domains
ojc.judiciary.gov.uk,swh_gov_domains
ola.kent.gov.uk,swh_gov_domains
oldham.gov.uk,swh_gov_domains
oldlcp.londoncareplacements.gov.uk,swh_gov_domains
olf.ipo.gov.uk,swh_gov_domains
oma.lichfielddc.gov.uk,swh_gov_domains
oma.melton.gov.uk,swh_gov_domains
omis.uktradeinvest.gov.uk,swh_gov_domains
oncore.cornwall.gov.uk,swh_gov_domains
one.croydon.gov.uk,swh_gov_domains
one.southend.gov.uk,swh_gov_domains
oneonline.monmouthshire.gov.uk,swh_gov_domains
onespace.tfl.gov.uk,swh_gov_domains
onetoonetuitiondata.dcsf.gov.uk,swh_gov_domains
onetoonetuitiondata.education.gov.uk,swh_gov_domains
online-services.lincoln.gov.uk,swh_gov_domains
online.basildon.gov.uk,swh_gov_domains
online.birmingham.gov.uk,swh_gov_domains
online.bradford.gov.uk,swh_gov_domains
online.businesslink.gov.uk,swh_gov_domains
online.carmarthenshire.gov.uk,swh_gov_domains
online.contractsfinder.businesslink.gov.uk,swh_gov_domains
online.dudley.gov.uk,swh_gov_domains
online.gateshead.gov.uk,swh_gov_domains
online.havering.gov.uk,swh_gov_domains
online.hmrc.gov.uk,swh_gov_domains
online.lbbd.gov.uk,swh_gov_domains
online.norfolk.gov.uk,swh_gov_domains
online.norwich.gov.uk,swh_gov_domains
online.ofsted.gov.uk,swh_gov_domains
online.ogcbuyingsolutions.gov.uk,swh_gov_domains
online.rochdale.gov.uk,swh_gov_domains
online.surreycc.gov.uk,swh_gov_domains
online.ukwelcomes.businesslink.gov.uk,swh_gov_domains
online.wefo.wales.gov.uk,swh_gov_domains
onlineadmissions.leics.gov.uk,swh_gov_domains
onlineappeals.patas.gov.uk,swh_gov_domains
onlinebenefitclaim.basildon.gov.uk,swh_gov_domains
onlineforms.sthelens.gov.uk,swh_gov_domains
onlinerepairs.birmingham.gov.uk,swh_gov_domains
onlineservices.courtsni.gov.uk,swh_gov_domains
onlineservices.leeds.gov.uk,swh_gov_domains
onlineservices.milton-keynes.gov.uk,swh_gov_domains
opac-lib.smbc.sandwell.gov.uk,swh_gov_domains
opac-sls.smbc.sandwell.gov.uk,swh_gov_domains
opac.newport.gov.uk,swh_gov_domains
open.gedling.gov.uk,swh_gov_domains
open.kent.gov.uk,swh_gov_domains
open.voa.gov.uk,swh_gov_domains
openaccess.babergh.gov.uk,swh_gov_domains
opengov.ambervalley.gov.uk,swh_gov_domains
openmobile.midsuffolk.gov.uk,swh_gov_domains
opsi.gov.uk,swh_gov_domains
opss.statistics.gov.uk,swh_gov_domains
orderline.dh.gov.uk,swh_gov_domains
orderline.qcda.gov.uk,swh_gov_domains
organicimports.defra.gov.uk,swh_gov_domains
organicimportsmaster.defra.gov.uk,swh_gov_domains
orrdat.orr.gov.uk,swh_gov_domains
oss.lancashire.gov.uk,swh_gov_domains
otleytowncouncil.gov.uk,swh_gov_domains
outlook.adur-worthing.gov.uk,swh_gov_domains
outlook.adur.gov.uk,swh_gov_domains
outlook.brbr.gov.uk,swh_gov_domains
outlook.broads-authority.gov.uk,swh_gov_domains
outlook.christchurchandeastdorset.gov.uk,swh_gov_domains
outlook.derbys-fire.gov.uk,swh_gov_domains
outlook.lincolnshire.gov.uk,swh_gov_domains
outlook.liverpool.gov.uk,swh_gov_domains
outlook.oxford.gov.uk,swh_gov_domains
outlook.worthing.gov.uk,swh_gov_domains
outreach.hullcc.gov.uk,swh_gov_domains
owa-1.lambeth.gov.uk,swh_gov_domains
owa.ambervalley.gov.uk,swh_gov_domains
owa.ballymoney.gov.uk,swh_gov_domains
owa.bolton.gov.uk,swh_gov_domains
owa.boston.gov.uk,swh_gov_domains
owa.bury.gov.uk,swh_gov_domains
owa.carlisle.gov.uk,swh_gov_domains
owa.castlepoint.gov.uk,swh_gov_domains
owa.ceop.gov.uk,swh_gov_domains
owa.colerainebc.gov.uk,swh_gov_domains
owa.cravendc.gov.uk,swh_gov_domains
owa.ddfire.gov.uk,swh_gov_domains
owa.doncaster.gov.uk,swh_gov_domains
owa.dsfire.gov.uk,swh_gov_domains
owa.eastleigh.gov.uk,swh_gov_domains
owa.environment-agency.gov.uk,swh_gov_domains
owa.fareham.gov.uk,swh_gov_domains
owa.fdean.gov.uk,swh_gov_domains
owa.gedling.gov.uk,swh_gov_domains
owa.hants.gov.uk,swh_gov_domains
owa.harrogate.gov.uk,swh_gov_domains
owa.historic-scotland.gov.uk,swh_gov_domains
owa.hounslow.gov.uk,swh_gov_domains
owa.improvementeast.gov.uk,swh_gov_domains
owa.lbbd.gov.uk,swh_gov_domains
owa.linets.gov.uk,swh_gov_domains
owa.londoncouncils.gov.uk,swh_gov_domains
owa.lsc.gov.uk,swh_gov_domains
owa.mansfield.gov.uk,swh_gov_domains
owa.melton.gov.uk,swh_gov_domains
owa.merton.gov.uk,swh_gov_domains
owa.midsussex.gov.uk,swh_gov_domains
owa.milton-keynes.gov.uk,swh_gov_domains
owa.nelincs.gov.uk,swh_gov_domains
owa.newcastle-staffs.gov.uk,swh_gov_domains
owa.newham.gov.uk,swh_gov_domains
owa.newtownabbey.gov.uk,swh_gov_domains
owa.northyorksfire.gov.uk,swh_gov_domains
owa.redbridge.gov.uk,swh_gov_domains
owa.remotenetworking.colchester.gov.uk,swh_gov_domains
owa.rochford.gov.uk,swh_gov_domains
owa.rushmoor.gov.uk,swh_gov_domains
owa.schools.nottscc.gov.uk,swh_gov_domains
owa.scotborders.gov.uk,swh_gov_domains
owa.scotcourts.gov.uk,swh_gov_domains
owa.selby.gov.uk,swh_gov_domains
owa.staffordbc.gov.uk,swh_gov_domains
owa.tameside.gov.uk,swh_gov_domains
owa.tcfl.gov.uk,swh_gov_domains
owa.teignbridge.gov.uk,swh_gov_domains
owa.teignmouth-devon.gov.uk,swh_gov_domains
owa.testvalley.gov.uk,swh_gov_domains
owa.westdevon.gov.uk,swh_gov_domains
owa.westyorksfire.gov.uk,swh_gov_domains
owa.woking.gov.uk,swh_gov_domains
owa.worcestershire.gov.uk,swh_gov_domains
owa2.lbbd.gov.uk,swh_gov_domains
owa2007.westminster.gov.uk,swh_gov_domains
oxfordshire.gov.uk,swh_gov_domains
oyster.tfl.gov.uk,swh_gov_domains
p1.manchester.gov.uk,swh_gov_domains
p11-servcent.nottscc.gov.uk,swh_gov_domains
pa.chichester.gov.uk,swh_gov_domains
pages.civilservice.gov.uk,swh_gov_domains
palbase.torfaen.gov.uk,swh_gov_domains
pam.merton.gov.uk,swh_gov_domains
pandemicflu.direct.gov.uk,swh_gov_domains
pandemicflu.mhra.gov.uk,swh_gov_domains
parking-appeals.gov.uk,swh_gov_domains
parking.bournemouth.gov.uk,swh_gov_domains
parking.calderdale.gov.uk,swh_gov_domains
parking.cheltenham.gov.uk,swh_gov_domains
parking.chichester.gov.uk,swh_gov_domains
parking.ealing.gov.uk,swh_gov_domains
parking.hastings.gov.uk,swh_gov_domains
parking.northdevon.gov.uk,swh_gov_domains
parking.reading.gov.uk,swh_gov_domains
parking.sevenoaks.gov.uk,swh_gov_domains
parking.stockton.gov.uk,swh_gov_domains
parking.tmbc.gov.uk,swh_gov_domains
parking.york.gov.uk,swh_gov_domains
parkingpermit.hackney.gov.uk,swh_gov_domains
pars.sheffield.gov.uk,swh_gov_domains
partner.edinburgh.gov.uk,swh_gov_domains
partner.highland.gov.uk,swh_gov_domains
partner.wyreforestdc.gov.uk,swh_gov_domains
partnerportal.dwp.gov.uk,swh_gov_domains
partnerremote.birmingham.gov.uk,swh_gov_domains
partners.basingstoke.gov.uk,swh_gov_domains
partners.knowsley.gov.uk,swh_gov_domains
partners.mhs.gov.uk,swh_gov_domains
partners.torfaen.gov.uk,swh_gov_domains
partnerteams.lsc.gov.uk,swh_gov_domains
partnerweb.westminster.gov.uk,swh_gov_domains
passport-application.gov.uk,swh_gov_domains
passport.hart.gov.uk,swh_gov_domains
passports.ips.gov.uk,swh_gov_domains
pathway.brighton-hove.gov.uk,swh_gov_domains
pay.cornwall.gov.uk,swh_gov_domains
pay.eastcambs.gov.uk,swh_gov_domains
pay.exeter.gov.uk,swh_gov_domains
pay.kingston.gov.uk,swh_gov_domains
pay.tandridge.gov.uk,swh_gov_domains
pay.thurrock.gov.uk,swh_gov_domains
payandworkrights.direct.gov.uk,swh_gov_domains
paye.online.hmrc.gov.uk,swh_gov_domains
paylink.merton.gov.uk,swh_gov_domains
paylinkxml.carmarthenshire.gov.uk,swh_gov_domains
payment.brentwood.gov.uk,swh_gov_domains
payment.secure.haringey.gov.uk,swh_gov_domains
payment.secure.test.haringey.gov.uk,swh_gov_domains
payments.allerdale.gov.uk,swh_gov_domains
payments.barking-dagenham.gov.uk,swh_gov_domains
payments.bolton.gov.uk,swh_gov_domains
payments.camden.gov.uk,swh_gov_domains
payments.crawley.gov.uk,swh_gov_domains
payments.dudley.gov.uk,swh_gov_domains
payments.edinburgh.gov.uk,swh_gov_domains
payments.gateway.gov.uk,swh_gov_domains
payments.gloucestershire.gov.uk,swh_gov_domains
payments.havering.gov.uk,swh_gov_domains
payments.leeds.gov.uk,swh_gov_domains
payments.merthyr.gov.uk,swh_gov_domains
payments.merton.gov.uk,swh_gov_domains
payments.monmouthshire.gov.uk,swh_gov_domains
payments.n-somerset.gov.uk,swh_gov_domains
payments.newcastle.gov.uk,swh_gov_domains
payments.newham.gov.uk,swh_gov_domains
payments.north-ayrshire.gov.uk,swh_gov_domains
payments.northdevon.gov.uk,swh_gov_domains
payments.oxford.gov.uk,swh_gov_domains
payments.reading.gov.uk,swh_gov_domains
payments.redbridge.gov.uk,swh_gov_domains
payments.rhondda-cynon-taff.gov.uk,swh_gov_domains
payments.rotherham.gov.uk,swh_gov_domains
payments.shropshire.gov.uk,swh_gov_domains
payments.south-suffolk.gov.uk,swh_gov_domains
payments.stoke.gov.uk,swh_gov_domains
payments.tewkesbury.gov.uk,swh_gov_domains
payments.waveney.gov.uk,swh_gov_domains
payments.westberks.gov.uk,swh_gov_domains
payments.westminster.gov.uk,swh_gov_domains
payments.wycombe.gov.uk,swh_gov_domains
payments.wyrebc.gov.uk,swh_gov_domains
payments2.castlepoint.gov.uk,swh_gov_domains
payrollss.oltps.sthelens.gov.uk,swh_gov_domains
pbl.chichester.gov.uk,swh_gov_domains
pcbooking.leics.gov.uk,swh_gov_domains
pcbooking.redbridge.gov.uk,swh_gov_domains
pcbooking.staffordshire.gov.uk,swh_gov_domains
pcn.birmingham.gov.uk,swh_gov_domains
pcn.cityoflondon.gov.uk,swh_gov_domains
pcn.testvalley.gov.uk,swh_gov_domains
pcn.winchester.gov.uk,swh_gov_domains
pcs.planningni.gov.uk,swh_gov_domains
pct.ipo.gov.uk,swh_gov_domains
pda.kent.gov.uk,swh_gov_domains
pdimsen01.leeds.gov.uk,swh_gov_domains
pegasus.durham.gov.uk,swh_gov_domains
pembrokeshire.gov.uk,swh_gov_domains
penaltynotice.direct.gov.uk,swh_gov_domains
pendle.gov.uk,swh_gov_domains
pensions.rbkc.gov.uk,swh_gov_domains
pensions.southwark.gov.uk,swh_gov_domains
pensions.staffordshire.gov.uk,swh_gov_domains
pensionschemes.hmrc.gov.uk,swh_gov_domains
pensionsmemberservice.tfl.gov.uk,swh_gov_domains
pensionsonline.gloucestershire.gov.uk,swh_gov_domains
pensionwise.tpr.gov.uk,swh_gov_domains
peoinside.reading.gov.uk,swh_gov_domains
performance-plus.sandwell.gov.uk,swh_gov_domains
performancemanager.dorsetcc.gov.uk,swh_gov_domains
perfplus.rotherham.gov.uk,swh_gov_domains
permits.bexley.gov.uk,swh_gov_domains
personaltravelsolutions.tfl.gov.uk,swh_gov_domains
peterborough.gov.uk,swh_gov_domains
petscarriers.defra.gov.uk,swh_gov_domains
pfms.london.gov.uk,swh_gov_domains
pgpmail.dumgal.gov.uk,swh_gov_domains
pharmacopoeia.gov.uk,swh_gov_domains
phobos.durham.gov.uk,swh_gov_domains
phoenix.darlington.gov.uk,swh_gov_domains
phoenix.wigan.gov.uk,swh_gov_domains
photocard.tfl.gov.uk,swh_gov_domains
photolibrary.tfl.gov.uk,swh_gov_domains
pifec01.leeds.gov.uk,swh_gov_domains
pifec02.leeds.gov.uk,swh_gov_domains
pimsweb.tameside.gov.uk,swh_gov_domains
pitches.bookings.merton.gov.uk,swh_gov_domains
pkc.gov.uk,swh_gov_domains
placemap.planningni.gov.uk,swh_gov_domains
planaccess.oltps.sthelens.gov.uk,swh_gov_domains
planning-applications.midlothian.gov.uk,swh_gov_domains
planning.broads-authority.gov.uk,swh_gov_domains
planning.telford.gov.uk,swh_gov_domains
planning.warwickshire.gov.uk,swh_gov_domains
planningni.gov.uk,swh_gov_domains
planningpublicaccess.hullcc.gov.uk,swh_gov_domains
planningtogether.torfaen.gov.uk,swh_gov_domains
pltasdfg.merton.gov.uk,swh_gov_domains
plugincargrant.dft.gov.uk,swh_gov_domains
pnp.ogcbuyingsolutions.gov.uk,swh_gov_domains
points.homeoffice.gov.uk,swh_gov_domains
politics.leics.gov.uk,swh_gov_domains
portal.angus.gov.uk,swh_gov_domains
portal.armagh.gov.uk,swh_gov_domains
portal.aylesburyvaledc.gov.uk,swh_gov_domains
portal.bedford.gov.uk,swh_gov_domains
portal.bedscc.gov.uk,swh_gov_domains
portal.breckland.gov.uk,swh_gov_domains
portal.brent.gov.uk,swh_gov_domains
portal.brighton-hove.gov.uk,swh_gov_domains
portal.castlepoint.gov.uk,swh_gov_domains
portal.collaboration.pm.culture.gov.uk,swh_gov_domains
portal.crewe-nantwich.gov.uk,swh_gov_domains
portal.crm.sandwell.gov.uk,swh_gov_domains
portal.denbighshire.gov.uk,swh_gov_domains
portal.derbys-fire.gov.uk,swh_gov_domains
portal.derbyshire.gov.uk,swh_gov_domains
portal.doncaster.gov.uk,swh_gov_domains
portal.east-ayrshire.gov.uk,swh_gov_domains
portal.eastsussex.gov.uk,swh_gov_domains
portal.estate.fco.gov.uk,swh_gov_domains
portal.exeter.gov.uk,swh_gov_domains
portal.gloucestershire.gov.uk,swh_gov_domains
portal.halton.gov.uk,swh_gov_domains
portal.hfea.gov.uk,swh_gov_domains
portal.hmprisonservice.gov.uk,swh_gov_domains
portal.immform.dh.gov.uk,swh_gov_domains
portal.kent.gov.uk,swh_gov_domains
portal.leicester.gov.uk,swh_gov_domains
portal.limavady.gov.uk,swh_gov_domains
portal.liverpool.gov.uk,swh_gov_domains
portal.mhra.gov.uk,swh_gov_domains
portal.middlesbrough.gov.uk,swh_gov_domains
portal.midlothian.gov.uk,swh_gov_domains
portal.monitor-nhsft.gov.uk,swh_gov_domains
portal.n-somerset.gov.uk,swh_gov_domains
portal.newcastle-staffs.gov.uk,swh_gov_domains
portal.newtownabbey.gov.uk,swh_gov_domains
portal.norwich.gov.uk,swh_gov_domains
portal.nottscc.gov.uk,swh_gov_domains
portal.ofsted.gov.uk,swh_gov_domains
portal.oldham.gov.uk,swh_gov_domains
portal.omagh.gov.uk,swh_gov_domains
portal.orkney.gov.uk,swh_gov_domains
portal.powys.gov.uk,swh_gov_domains
portal.purbeck-dc.gov.uk,swh_gov_domains
portal.redbridge.gov.uk,swh_gov_domains
portal.rimnet.gov.uk,swh_gov_domains
portal.sandwell.gov.uk,swh_gov_domains
portal.scotborders.gov.uk,swh_gov_domains
portal.sevenoaks.gov.uk,swh_gov_domains
portal.sfo.gov.uk,swh_gov_domains
portal.sholland.gov.uk,swh_gov_domains
portal.solihull.gov.uk,swh_gov_domains
portal.south-derbys.gov.uk,swh_gov_domains
portal.southend.gov.uk,swh_gov_domains
portal.southtyneside.gov.uk,swh_gov_domains
portal.southwest-ra.gov.uk,swh_gov_domains
portal.stevenage.gov.uk,swh_gov_domains
portal.stoke.gov.uk,swh_gov_domains
portal.testvalley.gov.uk,swh_gov_domains
portal.training.noms.gov.uk,swh_gov_domains
portal.ukba.homeoffice.gov.uk,swh_gov_domains
portal.uksport.gov.uk,swh_gov_domains
portal.westdevon.gov.uk,swh_gov_domains
portal.westminster.gov.uk,swh_gov_domains
portal.winchester.gov.uk,swh_gov_domains
portal.worcestershire.gov.uk,swh_gov_domains
portal.wyreforestdc.gov.uk,swh_gov_domains
portal1.ne-derbyshire.gov.uk,swh_gov_domains
portal1.npt.gov.uk,swh_gov_domains
portal1.teignbridge.gov.uk,swh_gov_domains
portal2.basingstoke.gov.uk,swh_gov_domains
porth.rctcbc.gov.uk,swh_gov_domains
portsmouth.gov.uk,swh_gov_domains
possessionclaim.gov.uk,swh_gov_domains
postbox.hullcc.gov.uk,swh_gov_domains
postman.rushcliffe.gov.uk,swh_gov_domains
poultryregister.defra.gov.uk,swh_gov_domains
powysid.powys.gov.uk,swh_gov_domains
powysmail.powys.gov.uk,swh_gov_domains
ppms.angus.gov.uk,swh_gov_domains
pportal.cjsonline.gov.uk,swh_gov_domains
pprweb.north-dorset.gov.uk,swh_gov_domains
pra.pkc.gov.uk,swh_gov_domains
prap-staging.dwp.gov.uk,swh_gov_domains
prap.dwp.gov.uk,swh_gov_domains
premises.brighton-hove.gov.uk,swh_gov_domains
prerelease.statistics.gov.uk,swh_gov_domains
pressoffice.statistics.gov.uk,swh_gov_domains
princeofwales.gov.uk,swh_gov_domains
printdesign.walsall.gov.uk,swh_gov_domains
prism.dfes.gov.uk,swh_gov_domains
prism.manchester.gov.uk,swh_gov_domains
prismplus.dfes.gov.uk,swh_gov_domains
processmaps.scotland.gov.uk,swh_gov_domains
procure4london.gov.uk,swh_gov_domains
procurement.bristol.gov.uk,swh_gov_domains
procurementgraduates.civilservice.gov.uk,swh_gov_domains
procurementtendering.secure.haringey.gov.uk,swh_gov_domains
proffiliausgiliauysgolionyngnghymru.gov.uk,swh_gov_domains
projectnuts.uksport.gov.uk,swh_gov_domains
projects.dfid.gov.uk,swh_gov_domains
projects.manchester.gov.uk,swh_gov_domains
projects.qcda.gov.uk,swh_gov_domains
propertysearch.bury.gov.uk,swh_gov_domains
protect.cpni.gov.uk,swh_gov_domains
protectedemail.hants.gov.uk,swh_gov_domains
protectinginfo.nationalschool.gov.uk,swh_gov_domains
protocoltraining.coventry.gov.uk,swh_gov_domains
providers.lsc.gov.uk,swh_gov_domains
psgateway.eden.gov.uk,swh_gov_domains
psremote.birmingham.gov.uk,swh_gov_domains
pt.dsa.gov.uk,swh_gov_domains
ptweb.norfolk.gov.uk,swh_gov_domains
pub.exeter.gov.uk,swh_gov_domains
public.derbys-fire.gov.uk,swh_gov_domains
public.surreyheath-online.gov.uk,swh_gov_domains
public01.milton-keynes.gov.uk,swh_gov_domains
public02.milton-keynes.gov.uk,swh_gov_domains
public2.redcar-cleveland.gov.uk,swh_gov_domains
publicaccess.glasgow.gov.uk,swh_gov_domains
publicaccess.redditchbc.gov.uk,swh_gov_domains
publications.dcsf.gov.uk,swh_gov_domains
publications.dfes.gov.uk,swh_gov_domains
publications.environment-agency.gov.uk,swh_gov_domains
publications.everychildmatters.gov.uk,swh_gov_domains
publications.teachernet.gov.uk,swh_gov_domains
publiccontractsscotland.gov.uk,swh_gov_domains
publicityregister.coi.gov.uk,swh_gov_domains
publictendersscotland.publiccontractsscotland.gov.uk,swh_gov_domains
pubmaps.ceredigion.gov.uk,swh_gov_domains
pupil-tracking.sandwell.gov.uk,swh_gov_domains
pupilmail.northumberland.gov.uk,swh_gov_domains
push.chorley.gov.uk,swh_gov_domains
px.eastriding.gov.uk,swh_gov_domains
px.warrington.gov.uk,swh_gov_domains
pyramid.tfl.gov.uk,swh_gov_domains
pyramiddr.fco.gov.uk,swh_gov_domains
qavs.direct.gov.uk,swh_gov_domains
qcda.gov.uk,swh_gov_domains
qttender.bury.gov.uk,swh_gov_domains
queensawards.bis.gov.uk,swh_gov_domains
quickplace.birmingham.gov.uk,swh_gov_domains
quickr.bradford.gov.uk,swh_gov_domains
quickr.renfrewshire.gov.uk,swh_gov_domains
quickrplaces.dh.gov.uk,swh_gov_domains
quickserver03.westsussex.gov.uk,swh_gov_domains
r-custserv.tfl.gov.uk,swh_gov_domains
r1.manchester.gov.uk,swh_gov_domains
ra.gateway.gov.uk,swh_gov_domains
ra.tameside.gov.uk,swh_gov_domains
ra1.dumgal.gov.uk,swh_gov_domains
ra1.north-ayrshire.gov.uk,swh_gov_domains
ra2.dumgal.gov.uk,swh_gov_domains
ra2.north-ayrshire.gov.uk,swh_gov_domains
radiuswebpublic.bromsgrove.gov.uk,swh_gov_domains
rail-reg.gov.uk,swh_gov_domains
raildata.orr.gov.uk,swh_gov_domains
raise.bury.gov.uk,swh_gov_domains
raphael.seemis.gov.uk,swh_gov_domains
ras.angus.gov.uk,swh_gov_domains
ras.brent.gov.uk,swh_gov_domains
ras.cravendc.gov.uk,swh_gov_domains
ras.kent.gov.uk,swh_gov_domains
ras.selby.gov.uk,swh_gov_domains
ras.sheffield.gov.uk,swh_gov_domains
rashq.wyreforestdc.gov.uk,swh_gov_domains
ratingsportal.food.gov.uk,swh_gov_domains
rb1.stockport.gov.uk,swh_gov_domains
rba3.hertscc.gov.uk,swh_gov_domains
rbcnsp1.redditchbc.gov.uk,swh_gov_domains
rbcnsp2.redditchbc.gov.uk,swh_gov_domains
rbcweb2.redditchbc.gov.uk,swh_gov_domains
rbhaccess.rochdale.gov.uk,swh_gov_domains
rbkc-exch3b.rbkc.gov.uk,swh_gov_domains
rbkc.gov.uk,swh_gov_domains
rbkesn.kingston.gov.uk,swh_gov_domains
rbservices.n-kesteven.gov.uk,swh_gov_domains
rbwm.gov.uk,swh_gov_domains
rca.recruit.tda.gov.uk,swh_gov_domains
rctgate.rhondda-cynon-taf.gov.uk,swh_gov_domains
rctsctraining.rctcbc.gov.uk,swh_gov_domains
rds.derbys-fire.gov.uk,swh_gov_domains
rds.eppingforestdc.gov.uk,swh_gov_domains
rdsgateway.derbys-fire.gov.uk,swh_gov_domains
rduevent.dfpni.gov.uk,swh_gov_domains
reader.ukti.gov.uk,swh_gov_domains
reading.gov.uk,swh_gov_domains
recoverysite.orr.gov.uk,swh_gov_domains
recruitment.carmarthenshire.gov.uk,swh_gov_domains
recruitment.edinburgh.gov.uk,swh_gov_domains
recruitment.hse.gov.uk,swh_gov_domains
recruitment.london.gov.uk,swh_gov_domains
recruittest.barnet.gov.uk,swh_gov_domains
recruittrain.barnet.gov.uk,swh_gov_domains
redbridge.gov.uk,swh_gov_domains
redcar-cleveland.gov.uk,swh_gov_domains
redditchbc.gov.uk,swh_gov_domains
redkite.derbys-fire.gov.uk,swh_gov_domains
redroutepayments.tfl.gov.uk,swh_gov_domains
redundancyni.gov.uk,swh_gov_domains
refit.hse.gov.uk,swh_gov_domains
refocus.princeofwales.gov.uk,swh_gov_domains
reg.monitor-nhsft.gov.uk,swh_gov_domains
register.hm-treasury.gov.uk,swh_gov_domains
register.metoffice.gov.uk,swh_gov_domains
registeradeath.bournemouth.gov.uk,swh_gov_domains
registerpre.metoffice.gov.uk,swh_gov_domains
registrar.bookings.merton.gov.uk,swh_gov_domains
registrars.bracknell-forest.gov.uk,swh_gov_domains
registrars.essexcc.gov.uk,swh_gov_domains
registrationbooking.oxfordshire.gov.uk,swh_gov_domains
registrationbookings.warwickshire.gov.uk,swh_gov_domains
regulatorsdevelopment.hse.gov.uk,swh_gov_domains
reigate-banstead.gov.uk,swh_gov_domains
release.planningportal.gov.uk,swh_gov_domains
rem.whitehorsedc.gov.uk,swh_gov_domains
remote-access.croydon.gov.uk,swh_gov_domains
remote-dr.essex-fire.gov.uk,swh_gov_domains
remote-working.islington.gov.uk,swh_gov_domains
remote.ambervalley.gov.uk,swh_gov_domains
remote.antrim.gov.uk,swh_gov_domains
remote.ashford.gov.uk,swh_gov_domains
remote.banbridge.gov.uk,swh_gov_domains
remote.banbury.gov.uk,swh_gov_domains
remote.bicester.gov.uk,swh_gov_domains
remote.blacksluiceidb.gov.uk,swh_gov_domains
remote.bradford.gov.uk,swh_gov_domains
remote.braintree.gov.uk,swh_gov_domains
remote.brbr.gov.uk,swh_gov_domains
remote.breckland.gov.uk,swh_gov_domains
remote.cherwellandsouthnorthants.gov.uk,swh_gov_domains
remote.cheshire.gov.uk,swh_gov_domains
remote.christchurch.gov.uk,swh_gov_domains
remote.cityofworcester.gov.uk,swh_gov_domains
remote.cornwall.gov.uk,swh_gov_domains
remote.crawley.gov.uk,swh_gov_domains
remote.crowboroughtowncouncil.gov.uk,swh_gov_domains
remote.derby.gov.uk,swh_gov_domains
remote.dudley.gov.uk,swh_gov_domains
remote.eastlothian.gov.uk,swh_gov_domains
remote.edinburgh.gov.uk,swh_gov_domains
remote.education.doncaster.gov.uk,swh_gov_domains
remote.essex-fire.gov.uk,swh_gov_domains
remote.essexcc.gov.uk,swh_gov_domains
remote.firebuy.gov.uk,swh_gov_domains
remote.folkestone-tc.gov.uk,swh_gov_domains
remote.gedling.gov.uk,swh_gov_domains
remote.harrow.gov.uk,swh_gov_domains
remote.havering.gov.uk,swh_gov_domains
remote.herefordshire.gov.uk,swh_gov_domains
remote.hertsmere.gov.uk,swh_gov_domains
remote.hullcc.gov.uk,swh_gov_domains
remote.kent.gov.uk,swh_gov_domains
remote.knowsley.gov.uk,swh_gov_domains
remote.lake-district.gov.uk,swh_gov_domains
remote.lancaster.gov.uk,swh_gov_domains
remote.leicester.gov.uk,swh_gov_domains
remote.mendip.gov.uk,swh_gov_domains
remote.merseytravel.gov.uk,swh_gov_domains
remote.middlesbrough.gov.uk,swh_gov_domains
remote.midsussex.gov.uk,swh_gov_domains
remote.monmouthshire.gov.uk,swh_gov_domains
remote.nationalarchives.gov.uk,swh_gov_domains
remote.newcastle.gov.uk,swh_gov_domains
remote.newforestnpa.gov.uk,swh_gov_domains
remote.northamptonshire.gov.uk,swh_gov_domains
remote.northyorksfire.gov.uk,swh_gov_domains
remote.nottscc.gov.uk,swh_gov_domains
remote.nuneatonandbedworth.gov.uk,swh_gov_domains
remote.nwleicestershire.gov.uk,swh_gov_domains
remote.otleytowncouncil.gov.uk,swh_gov_domains
remote.oxford.gov.uk,swh_gov_domains
remote.portsmouth.gov.uk,swh_gov_domains
remote.psc.gov.uk,swh_gov_domains
remote.rbkc.gov.uk,swh_gov_domains
remote.redbridge.gov.uk,swh_gov_domains
remote.redcar-cleveland.gov.uk,swh_gov_domains
remote.redditchbc.gov.uk,swh_gov_domains
remote.ringwood.gov.uk,swh_gov_domains
remote.rushcliffe.gov.uk,swh_gov_domains
remote.rushmoor.gov.uk,swh_gov_domains
remote.rutland.gov.uk,swh_gov_domains
remote.schools.nottscc.gov.uk,swh_gov_domains
remote.scotcourts.gov.uk,swh_gov_domains
remote.selseytowncouncil.gov.uk,swh_gov_domains
remote.solihull.gov.uk,swh_gov_domains
remote.somerset.gov.uk,swh_gov_domains
remote.spelthorne.gov.uk,swh_gov_domains
remote.stevenage.gov.uk,swh_gov_domains
remote.sussex-ifca.gov.uk,swh_gov_domains
remote.thurrock.gov.uk,swh_gov_domains
remote.truro.gov.uk,swh_gov_domains
remote.tunbridgewells.gov.uk,swh_gov_domains
remote.uttlesford.gov.uk,swh_gov_domains
remote.wealden.gov.uk,swh_gov_domains
remote.wellingborough.gov.uk,swh_gov_domains
remote.westminster.gov.uk,swh_gov_domains
remote.wlga.gov.uk,swh_gov_domains
remote.wrwa.gov.uk,swh_gov_domains
remote.wyreforestdc.gov.uk,swh_gov_domains
remote1.fenland.gov.uk,swh_gov_domains
remote1.hertsmere.gov.uk,swh_gov_domains
remote1.leicester.gov.uk,swh_gov_domains
remote2.birmingham.gov.uk,swh_gov_domains
remote2.leicester.gov.uk,swh_gov_domains
remote2.rugby.gov.uk,swh_gov_domains
remote2.scotcourts.gov.uk,swh_gov_domains
remoteaccess.cambsfire.gov.uk,swh_gov_domains
remoteaccess.horsham.gov.uk,swh_gov_domains
remoteaccess.northwarks.gov.uk,swh_gov_domains
remoteedu.falkirk.gov.uk,swh_gov_domains
remoteoffice.barnet.gov.uk,swh_gov_domains
remotepartnerweb.westminster.gov.uk,swh_gov_domains
remotesupport.basingstoke.gov.uk,swh_gov_domains
remotevpn.northamptonshire.gov.uk,swh_gov_domains
remoteworking.colchester.gov.uk,swh_gov_domains
remoteworking.falkirk.gov.uk,swh_gov_domains
renewablesandchp.ofgem.gov.uk,swh_gov_domains
renewals.merseytravel.gov.uk,swh_gov_domains
report.sfo.gov.uk,swh_gov_domains
reporting.cabinetoffice.gov.uk,swh_gov_domains
reporting.defra.gov.uk,swh_gov_domains
reporting.direct.gov.uk,swh_gov_domains
reports.defra.gov.uk,swh_gov_domains
reports.fsa.gov.uk,swh_gov_domains
reports.gateway.lsc.gov.uk,swh_gov_domains
reports.london.gov.uk,swh_gov_domains
reports.telford.gov.uk,swh_gov_domains
reports.uksport.gov.uk,swh_gov_domains
reps.luton.gov.uk,swh_gov_domains
research.coi.gov.uk,swh_gov_domains
research.mla.gov.uk,swh_gov_domains
resexcaw2k31.nottinghamcity.gov.uk,swh_gov_domains
resexcaw2k32.nottinghamcity.gov.uk,swh_gov_domains
resexcaw2k33.nottinghamcity.gov.uk,swh_gov_domains
resexhtsw2k31.nottinghamcity.gov.uk,swh_gov_domains
resexhtsw2k32.nottinghamcity.gov.uk,swh_gov_domains
resilience-extranet.gov.uk,swh_gov_domains
resourcelink.coventry.gov.uk,swh_gov_domains
responsecp.calderdale.gov.uk,swh_gov_domains
restats.decc.gov.uk,swh_gov_domains
rev.south-norfolk.gov.uk,swh_gov_domains
revben.oltps.sthelens.gov.uk,swh_gov_domains
revbens.manchester.gov.uk,swh_gov_domains
revenues.castlepoint.gov.uk,swh_gov_domains
revenues.christchurch.gov.uk,swh_gov_domains
revenues.eastdorsetdc.gov.uk,swh_gov_domains
revenues.rugby.gov.uk,swh_gov_domains
reverse.westyorksfire.gov.uk,swh_gov_domains
revsandbens.merton.gov.uk,swh_gov_domains
ribblevalley.gov.uk,swh_gov_domains
richmond.gov.uk,swh_gov_domains
richmondshire.gov.uk,swh_gov_domains
rimnet.gov.uk,swh_gov_domains
ripa.homeoffice.gov.uk,swh_gov_domains
risk.croydon.gov.uk,swh_gov_domains
rite.berr.gov.uk,swh_gov_domains
rite.bis.gov.uk,swh_gov_domains
riteplus.berr.gov.uk,swh_gov_domains
riteplus.bis.gov.uk,swh_gov_domains
rits.ofqual.gov.uk,swh_gov_domains
river.barnet.gov.uk,swh_gov_domains
rms.collaboration.pm.culture.gov.uk,swh_gov_domains
rms.hantsfire.gov.uk,swh_gov_domains
rmsmobile.newham.gov.uk,swh_gov_domains
rmt.trafford.gov.uk,swh_gov_domains
rnn.cabinetoffice.gov.uk,swh_gov_domains
roadcasualtiesonline.dft.gov.uk,swh_gov_domains
roam.dcsf.gov.uk,swh_gov_domains
roam.dfes.gov.uk,swh_gov_domains
rochford.gov.uk,swh_gov_domains
rocp.salford.gov.uk,swh_gov_domains
rocp10.salford.gov.uk,swh_gov_domains
rohs.bis.gov.uk,swh_gov_domains
rohs.gov.uk,swh_gov_domains
roi.aib.gov.uk,swh_gov_domains
ronimg.gro.gov.uk,swh_gov_domains
rontest.gro.gov.uk,swh_gov_domains
rontranet.gro.gov.uk,swh_gov_domains
rossendale.gov.uk,swh_gov_domains
rother.gov.uk,swh_gov_domains
rotherham.gov.uk,swh_gov_domains
rover.daventrydc.gov.uk,swh_gov_domains
rover.northamptonshire.gov.uk,swh_gov_domains
royal.gov.uk,swh_gov_domains
rp.chichester.gov.uk,swh_gov_domains
rp01.firescotland.gov.uk,swh_gov_domains
rpa.gov.uk,swh_gov_domains
rpc.coventry.gov.uk,swh_gov_domains
rpc2.coventry.gov.uk,swh_gov_domains
rsa.niassembly.gov.uk,swh_gov_domains
rsr-portal.sepa.gov.uk,swh_gov_domains
ru.ukho.gov.uk,swh_gov_domains
rugby.gov.uk,swh_gov_domains
runnymede.gov.uk,swh_gov_domains
rushmoor.gov.uk,swh_gov_domains
rutherford.gmpte.gov.uk,swh_gov_domains
rw.qcda.gov.uk,swh_gov_domains
rws.education.gov.uk,swh_gov_domains
ryedale.gov.uk,swh_gov_domains
s1.stockport.gov.uk,swh_gov_domains
sa.dover.gov.uk,swh_gov_domains
sa.education.gov.uk,swh_gov_domains
sa.lancashire.gov.uk,swh_gov_domains
saas.gov.uk,swh_gov_domains
saferderbyshire.gov.uk,swh_gov_domains
sag.fera.defra.gov.uk,swh_gov_domains
salford.gov.uk,swh_gov_domains
sam.barnet.gov.uk,swh_gov_domains
sam.bournemouth.gov.uk,swh_gov_domains
sandbox.londoncareplacements.gov.uk,swh_gov_domains
sandwell.gov.uk,swh_gov_domains
sbc-asa.ad.slough.gov.uk,swh_gov_domains
sbc-excas.staffordbc.gov.uk,swh_gov_domains
sbc.wellingborough.gov.uk,swh_gov_domains
sbcmobile.horsham.gov.uk,swh_gov_domains
sbcvo.staffordbc.gov.uk,swh_gov_domains
sbmobile.birmingham.gov.uk,swh_gov_domains
sbremote.birmingham.gov.uk,swh_gov_domains
sbs.firebuy.gov.uk,swh_gov_domains
scca.surreycc.gov.uk,swh_gov_domains
sccasavpn01.sheffield.gov.uk,swh_gov_domains
sccgateway.southampton.gov.uk,swh_gov_domains
sccgateway2.southampton.gov.uk,swh_gov_domains
sccmail.southampton.gov.uk,swh_gov_domains
sccpartner.southampton.gov.uk,swh_gov_domains
schadm.northumberland.gov.uk,swh_gov_domains
school.eastsussex.gov.uk,swh_gov_domains
schooladmissions.northtyneside.gov.uk,swh_gov_domains
schoolapplications.kirklees.gov.uk,swh_gov_domains
schoolextranet.stockton.gov.uk,swh_gov_domains
schoolmail.torfaen.gov.uk,swh_gov_domains
schoolparty.tfl.gov.uk,swh_gov_domains
schoolprofile.teachernet.gov.uk,swh_gov_domains
schools.angus.gov.uk,swh_gov_domains
schools.carmarthenshire.gov.uk,swh_gov_domains
schools.northtyneside.gov.uk,swh_gov_domains
schools.nottscc.gov.uk,swh_gov_domains
schools.sefton.gov.uk,swh_gov_domains
schoolshr.birmingham.gov.uk,swh_gov_domains
schoolsmail.southglos.gov.uk,swh_gov_domains
schoolsmail.suffolk.gov.uk,swh_gov_domains
schoolsonline.wokingham.gov.uk,swh_gov_domains
schoolsrecruitment.dcsf.gov.uk,swh_gov_domains
schoolsrecruitment.education.gov.uk,swh_gov_domains
schoolssla.cornwall.gov.uk,swh_gov_domains
schoolsurf.suffolkcc.gov.uk,swh_gov_domains
schoolsweb.buckscc.gov.uk,swh_gov_domains
schoolvisitsystem.brighton-hove.gov.uk,swh_gov_domains
sci.walsall.gov.uk,swh_gov_domains
science.vla.gov.uk,swh_gov_domains
scilly.gov.uk,swh_gov_domains
scm.bristol.gov.uk,swh_gov_domains
scncag.stockport.gov.uk,swh_gov_domains
scncsg.stockport.gov.uk,swh_gov_domains
scnowa1.stockport.gov.uk,swh_gov_domains
scords.gov.uk,swh_gov_domains
scotborders.gov.uk,swh_gov_domains
scotcourts.gov.uk,swh_gov_domains
scotland.gov.uk,swh_gov_domains
scottish-rural-priorities.gov.uk,swh_gov_domains
scottishchildcare.gov.uk,swh_gov_domains
scottishcitizen.gov.uk,swh_gov_domains
scpp.manchester.gov.uk,swh_gov_domains
scrappy2.cms.nics.gov.uk,swh_gov_domains
scripts.historic-scotland.gov.uk,swh_gov_domains
scsslvpn.stirling.gov.uk,swh_gov_domains
scwd.stockport.gov.uk,swh_gov_domains
sdc.webtrends.nics.gov.uk,swh_gov_domains
sdt.fi.gateway.gov.uk,swh_gov_domains
sdt.gateway.gov.uk,swh_gov_domains
search.mi5.gov.uk,swh_gov_domains
search.telford.gov.uk,swh_gov_domains
secmail.lewisham.gov.uk,swh_gov_domains
secure-access.cne-siar.gov.uk,swh_gov_domains
secure-auth.croydon.gov.uk,swh_gov_domains
secure-mail.cne-siar.gov.uk,swh_gov_domains
secure-transfer.sandwell.gov.uk,swh_gov_domains
secure-transfer.statistics.gov.uk,swh_gov_domains
secure.aberdeencity.gov.uk,swh_gov_domains
secure.ace.gov.uk,swh_gov_domains
secure.adur-worthing.gov.uk,swh_gov_domains
secure.alsf.defra.gov.uk,swh_gov_domains
secure.amls.defra.gov.uk,swh_gov_domains
secure.apptest1.defra.gov.uk,swh_gov_domains
secure.apptest2.defra.gov.uk,swh_gov_domains
secure.apptest3.defra.gov.uk,swh_gov_domains
secure.apptest4.defra.gov.uk,swh_gov_domains
secure.apptest5.defra.gov.uk,swh_gov_domains
secure.apptest6.defra.gov.uk,swh_gov_domains
secure.apptest7.defra.gov.uk,swh_gov_domains
secure.ashford.gov.uk,swh_gov_domains
secure.babergh.gov.uk,swh_gov_domains
secure.better-regs-hampton.defra.gov.uk,swh_gov_domains
secure.breedsatrisk.defra.gov.uk,swh_gov_domains
secure.bridgend.gov.uk,swh_gov_domains
secure.broadland.gov.uk,swh_gov_domains
secure.broxbourne.gov.uk,swh_gov_domains
secure.broxtowe.gov.uk,swh_gov_domains
secure.carlisle.gov.uk,swh_gov_domains
secure.chas.gov.uk,swh_gov_domains
secure.chelmsford.gov.uk,swh_gov_domains
secure.chester.gov.uk,swh_gov_domains
secure.chesterfield.gov.uk,swh_gov_domains
secure.colchester.gov.uk,swh_gov_domains
secure.consumerdirect.gov.uk,swh_gov_domains
secure.corpdir.defra.gov.uk,swh_gov_domains
secure.crbonline.gov.uk,swh_gov_domains
secure.croydon.gov.uk,swh_gov_domains
secure.csl.gov.uk,swh_gov_domains
secure.cw.defra.gov.uk,swh_gov_domains
secure.cwr.defra.gov.uk,swh_gov_domains
secure.darlington.gov.uk,swh_gov_domains
secure.dartmoor-npa.gov.uk,swh_gov_domains
secure.dartmoor.gov.uk,swh_gov_domains
secure.dcsf.gov.uk,swh_gov_domains
secure.delparley.defra.gov.uk,swh_gov_domains
secure.derby.gov.uk,swh_gov_domains
secure.dev.gateway.gov.uk,swh_gov_domains
secure.dfes.gov.uk,swh_gov_domains
secure.disinfectants.defra.gov.uk,swh_gov_domains
secure.dover.gov.uk,swh_gov_domains
secure.dundeecity.gov.uk,swh_gov_domains
secure.durham.gov.uk,swh_gov_domains
secure.dvlaregistrations.direct.gov.uk,swh_gov_domains
secure.dwp.gov.uk,swh_gov_domains
secure.eastbourne.gov.uk,swh_gov_domains
secure.eastdevon.gov.uk,swh_gov_domains
secure.eastdorsetdc.gov.uk,swh_gov_domains
secure.easthants.gov.uk,swh_gov_domains
secure.edomero.defra.gov.uk,swh_gov_domains
secure.ehmi.defra.gov.uk,swh_gov_domains
secure.ehmipeach.defra.gov.uk,swh_gov_domains
secure.eln.defra.gov.uk,swh_gov_domains
secure.emissionsregistry.environment-agency.gov.uk,swh_gov_domains
secure.eol.defra.gov.uk,swh_gov_domains
secure.escience.defra.gov.uk,swh_gov_domains
secure.essexcc.gov.uk,swh_gov_domains
secure.etr.defra.gov.uk,swh_gov_domains
secure.fera.defra.gov.uk,swh_gov_domains
secure.fi.gateway.gov.uk,swh_gov_domains
secure.flintshire.gov.uk,swh_gov_domains
secure.gamblingcommission.gov.uk,swh_gov_domains
secure.gateway.gov.uk,swh_gov_domains
secure.gravesham.gov.uk,swh_gov_domains
secure.guildford.gov.uk,swh_gov_domains
secure.hackney.gov.uk,swh_gov_domains
secure.haringey.gov.uk,swh_gov_domains
secure.harrogate.gov.uk,swh_gov_domains
secure.hartlepool.gov.uk,swh_gov_domains
secure.highpeak.gov.uk,swh_gov_domains
secure.hmce.gov.uk,swh_gov_domains
secure.hseni.gov.uk,swh_gov_domains
secure.islington.gov.uk,swh_gov_domains
secure.kettering.gov.uk,swh_gov_domains
secure.knowsley.gov.uk,swh_gov_domains
secure.lambeth.gov.uk,swh_gov_domains
secure.lasupport.defra.gov.uk,swh_gov_domains
secure.lats.defra.gov.uk,swh_gov_domains
secure.laws.gla.gov.uk,swh_gov_domains
secure.leeds.gov.uk,swh_gov_domains
secure.leicester.gov.uk,swh_gov_domains
secure.lewisham.gov.uk,swh_gov_domains
secure.limavady.gov.uk,swh_gov_domains
secure.london.gov.uk,swh_gov_domains
secure.maidstone.gov.uk,swh_gov_domains
secure.manchester.gov.uk,swh_gov_domains
secure.mendip.gov.uk,swh_gov_domains
secure.metoffice.gov.uk,swh_gov_domains
secure.midlothian.gov.uk,swh_gov_domains
secure.midsussex.gov.uk,swh_gov_domains
secure.millennium.gov.uk,swh_gov_domains
secure.monmouthshire.gov.uk,swh_gov_domains
secure.moray.gov.uk,swh_gov_domains
secure.mpa.gov.uk,swh_gov_domains
secure.nationalparks.gov.uk,swh_gov_domains
secure.net.countryside.gov.uk,swh_gov_domains
secure.north-dorset.gov.uk,swh_gov_domains
secure.northampton.gov.uk,swh_gov_domains
secure.northdown.gov.uk,swh_gov_domains
secure.northwarks.gov.uk,swh_gov_domains
secure.nottinghamcity.gov.uk,swh_gov_domains
secure.nottinghamshire.gov.uk,swh_gov_domains
secure.payments.gateway.gov.uk,swh_gov_domains
secure.pesticides.gov.uk,swh_gov_domains
secure.planningportal.gov.uk,swh_gov_domains
secure.plymouth.gov.uk,swh_gov_domains
secure.portal.defra.gov.uk,swh_gov_domains
secure.poultry.defra.gov.uk,swh_gov_domains
secure.poultryregister.defra.gov.uk,swh_gov_domains
secure.pp.defra.gov.uk,swh_gov_domains
secure.preview.bcms.gov.uk,swh_gov_domains
secure.projrep.defra.gov.uk,swh_gov_domains
secure.rbkc.gov.uk,swh_gov_domains
secure.rds.defra.gov.uk,swh_gov_domains
secure.reh.defra.gov.uk,swh_gov_domains
secure.rochford.gov.uk,swh_gov_domains
secure.salford.gov.uk,swh_gov_domains
secure.scarborough.gov.uk,swh_gov_domains
secure.sdeforms.defra.gov.uk,swh_gov_domains
secure.seedcert.defra.gov.uk,swh_gov_domains
secure.services.defra.gov.uk,swh_gov_domains
secure.southampton.gov.uk,swh_gov_domains
secure.staffordshireprepared.gov.uk,swh_gov_domains
secure.sthelens.gov.uk,swh_gov_domains
secure.studentfinance.direct.gov.uk,swh_gov_domains
secure.suffolkcc.gov.uk,swh_gov_domains
secure.tameside.gov.uk,swh_gov_domains
secure.telford.gov.uk,swh_gov_domains
secure.tes.dwp.gov.uk,swh_gov_domains
secure.testalsf.defra.gov.uk,swh_gov_domains
secure.testbar.defra.gov.uk,swh_gov_domains
secure.testdelparley.defra.gov.uk,swh_gov_domains
secure.testehmi.defra.gov.uk,swh_gov_domains
secure.testehmipeach.defra.gov.uk,swh_gov_domains
secure.testeln.defra.gov.uk,swh_gov_domains
secure.testlats.defra.gov.uk,swh_gov_domains
secure.testlaws.gla.gov.uk,swh_gov_domains
secure.testpeach.defra.gov.uk,swh_gov_domains
secure.testreh.defra.gov.uk,swh_gov_domains
secure.testsdforum.defra.gov.uk,swh_gov_domains
secure.testvebus.defra.gov.uk,swh_gov_domains
secure.testwfaweb.defra.gov.uk,swh_gov_domains
secure.testwiisol.defra.gov.uk,swh_gov_domains
secure.thanet.gov.uk,swh_gov_domains
secure.thepensionservice.gov.uk,swh_gov_domains
secure.thepensionsregulator.gov.uk,swh_gov_domains
secure.torbay.gov.uk,swh_gov_domains
secure.torridge.gov.uk,swh_gov_domains
secure.tunbridgewells.gov.uk,swh_gov_domains
secure.vebus.defra.gov.uk,swh_gov_domains
secure.wandsworth.gov.uk,swh_gov_domains
secure.warrington.gov.uk,swh_gov_domains
secure.waveney.gov.uk,swh_gov_domains
secure.wcrd.defra.gov.uk,swh_gov_domains
secure.webservice.defra.gov.uk,swh_gov_domains
secure.west-norfolk.gov.uk,swh_gov_domains
secure.westlancs.gov.uk,swh_gov_domains
secure.westlancsdc.gov.uk,swh_gov_domains
secure.westminster.gov.uk,swh_gov_domains
secure.wfa.webservice.defra.gov.uk,swh_gov_domains
secure.wfaweb12.defra.gov.uk,swh_gov_domains
secure.wholefarm.defra.gov.uk,swh_gov_domains
secure.wiisol.defra.gov.uk,swh_gov_domains
secure.wms.defra.gov.uk,swh_gov_domains
secure.wokingham.gov.uk,swh_gov_domains
secure.wolverhampton.gov.uk,swh_gov_domains
secure.worcester.gov.uk,swh_gov_domains
secure.worthing.gov.uk,swh_gov_domains
secure.wyreforestdc.gov.uk,swh_gov_domains
secure1.hyndburnbc.gov.uk,swh_gov_domains
secure2.colchester.gov.uk,swh_gov_domains
secure2.derby.gov.uk,swh_gov_domains
secure2.devon.gov.uk,swh_gov_domains
secure2.fera.defra.gov.uk,swh_gov_domains
secure2.hyndburnbc.gov.uk,swh_gov_domains
secure2.mpa.gov.uk,swh_gov_domains
secure3.cumbria.gov.uk,swh_gov_domains
secureaccess.defra.gov.uk,swh_gov_domains
secureapps.staffordshire.gov.uk,swh_gov_domains
securecommunities.hse.gov.uk,swh_gov_domains
securedatatransfer.teachernet.gov.uk,swh_gov_domains
securedev.dwp.gov.uk,swh_gov_domains
securegsmail.reading.gov.uk,swh_gov_domains
secureies.dwp.gov.uk,swh_gov_domains
secureiestest.dwp.gov.uk,swh_gov_domains
secureleisurebooking.northwarks.gov.uk,swh_gov_domains
securemail.bedford.gov.uk,swh_gov_domains
securemail.cheshiresharedservices.gov.uk,swh_gov_domains
securemail.dudley.gov.uk,swh_gov_domains
securemail.gateshead.gov.uk,swh_gov_domains
securemail.lancashire.gov.uk,swh_gov_domains
securemail.plymouth.gov.uk,swh_gov_domains
securemail.portsmouthcc.gov.uk,swh_gov_domains
securemail.powys.gov.uk,swh_gov_domains
securemail.southbeds.gov.uk,swh_gov_domains
securemail.tpr.gov.uk,swh_gov_domains
securemail.westberks.gov.uk,swh_gov_domains
securemail.york.gov.uk,swh_gov_domains
securemessaging.eastriding.gov.uk,swh_gov_domains
securemobile.tmbc.gov.uk,swh_gov_domains
securenafn2.nafn.gov.uk,swh_gov_domains
secureonline.dwp.gov.uk,swh_gov_domains
secureportal.edu.clacks.gov.uk,swh_gov_domains
secureselfservice.northwarks.gov.uk,swh_gov_domains
secureservices.iow.gov.uk,swh_gov_domains
securessl.dwp.gov.uk,swh_gov_domains
securetest.tes.dwp.gov.uk,swh_gov_domains
securetest.thepensionservice.gov.uk,swh_gov_domains
securetransfer.rutland.gov.uk,swh_gov_domains
securetst.devon.gov.uk,swh_gov_domains
secureupdate.dwp.gov.uk,swh_gov_domains
secureupdate1.dwp.gov.uk,swh_gov_domains
secureweb.ribblevalley.gov.uk,swh_gov_domains
secureweb1.essexcc.gov.uk,swh_gov_domains
secureweb2.essexcc.gov.uk,swh_gov_domains
secureweb3.essexcc.gov.uk,swh_gov_domains
security.redditchbc.gov.uk,swh_gov_domains
securityservice.gov.uk,swh_gov_domains
sedgemoor.gov.uk,swh_gov_domains
sedsh04.sedsh.gov.uk,swh_gov_domains
seemis.gov.uk,swh_gov_domains
sefton.gov.uk,swh_gov_domains
selfserv.cornwall.gov.uk,swh_gov_domains
selfserv.newcastle-staffs.gov.uk,swh_gov_domains
selfserve.bolton.gov.uk,swh_gov_domains
selfserve.canterbury.gov.uk,swh_gov_domains
selfserve.eastleigh.gov.uk,swh_gov_domains
selfserve.melton.gov.uk,swh_gov_domains
selfserve.n-kesteven.gov.uk,swh_gov_domains
selfserve.sefton.gov.uk,swh_gov_domains
selfserve.southbeds.gov.uk,swh_gov_domains
selfserve.sutton.gov.uk,swh_gov_domains
selfserve.swale.gov.uk,swh_gov_domains
selfserve.testvalley.gov.uk,swh_gov_domains
selfserve.wycombe.gov.uk,swh_gov_domains
selfservetest.testvalley.gov.uk,swh_gov_domains
selfservice.blackpool.gov.uk,swh_gov_domains
selfservice.centralsussex.gov.uk,swh_gov_domains
selfservice.cherwell.gov.uk,swh_gov_domains
selfservice.colchester.gov.uk,swh_gov_domains
selfservice.derbyshiredales.gov.uk,swh_gov_domains
selfservice.gateshead.gov.uk,swh_gov_domains
selfservice.hackney.gov.uk,swh_gov_domains
selfservice.kettering.gov.uk,swh_gov_domains
selfservice.ne-derbyshire.gov.uk,swh_gov_domains
selfservice.northyorks.gov.uk,swh_gov_domains
selfservice.preston.gov.uk,swh_gov_domains
selfservice.welhat.gov.uk,swh_gov_domains
selfservice.woking.gov.uk,swh_gov_domains
selseytowncouncil.gov.uk,swh_gov_domains
sentry.ipo.gov.uk,swh_gov_domains
servicedesk.coventry.gov.uk,swh_gov_domains
servicereview.argyll-bute.gov.uk,swh_gov_domains
services.businesslink.gov.uk,swh_gov_domains
services.eastsussex.gov.uk,swh_gov_domains
services.edrs.lsc.gov.uk,swh_gov_domains
services.metoffice.gov.uk,swh_gov_domains
services.mhra.gov.uk,swh_gov_domains
services.newport.gov.uk,swh_gov_domains
services.salford.gov.uk,swh_gov_domains
services.sstaffs.gov.uk,swh_gov_domains
services.wiltshire.gov.uk,swh_gov_domains
sevenoaks.gov.uk,swh_gov_domains
sewconsortium.caerphilly.gov.uk,swh_gov_domains
sfb.teachernet.gov.uk,swh_gov_domains
sflg.gov.uk,swh_gov_domains
sfo.gov.uk,swh_gov_domains
sfs.lewisham.gov.uk,swh_gov_domains
sftp.dvani.gov.uk,swh_gov_domains
sftp.essex-fire.gov.uk,swh_gov_domains
sftp.northumberland.gov.uk,swh_gov_domains
sg.reading.gov.uk,swh_gov_domains
sgd.ealing.gov.uk,swh_gov_domains
sgd1.ealing.gov.uk,swh_gov_domains
sgd2.ealing.gov.uk,swh_gov_domains
sgs.gloucestershire.gov.uk,swh_gov_domains
sgs.merseyfire.gov.uk,swh_gov_domains
sharepoint.lewisham.gov.uk,swh_gov_domains
sharepoint.stedsbc.gov.uk,swh_gov_domains
sharp.direct.gov.uk,swh_gov_domains
shc.lsc.gov.uk,swh_gov_domains
sheffield.gov.uk,swh_gov_domains
shepway.gov.uk,swh_gov_domains
shibb.ws.seemis.gov.uk,swh_gov_domains
sholland.gov.uk,swh_gov_domains
shop.dft.gov.uk,swh_gov_domains
shop.tfl.gov.uk,swh_gov_domains
shop.windsor.gov.uk,swh_gov_domains
showa.dh.gov.uk,swh_gov_domains
shrewsbury.shropshirefire.gov.uk,swh_gov_domains
shropshire.gov.uk,swh_gov_domains
shropshirefire.gov.uk,swh_gov_domains
sia.homeoffice.gov.uk,swh_gov_domains
sict.bolton.gov.uk,swh_gov_domains
sid.southsomerset.gov.uk,swh_gov_domains
sidem.hackney.gov.uk,swh_gov_domains
sidem.portsmouth.gov.uk,swh_gov_domains
signon.defra.gov.uk,swh_gov_domains
sihpilot.leics.gov.uk,swh_gov_domains
silvan.eforestry.gov.uk,swh_gov_domains
silvan.forestry.gov.uk,swh_gov_domains
sims.somerset.gov.uk,swh_gov_domains
simscloud.eastriding.gov.uk,swh_gov_domains
singleview.sthelens.gov.uk,swh_gov_domains
sip.argyll-bute.gov.uk,swh_gov_domains
sip.armagh.gov.uk,swh_gov_domains
sip.audit-scotland.gov.uk,swh_gov_domains
sip.basingstoke.gov.uk,swh_gov_domains
sip.bolton.gov.uk,swh_gov_domains
sip.brighton-hove.gov.uk,swh_gov_domains
sip.buckscc.gov.uk,swh_gov_domains
sip.camden.gov.uk,swh_gov_domains
sip.cannockchasedc.gov.uk,swh_gov_domains
sip.ceredigion.gov.uk,swh_gov_domains
sip.chichester.gov.uk,swh_gov_domains
sip.cityoflondon.gov.uk,swh_gov_domains
sip.corpoflondon.gov.uk,swh_gov_domains
sip.firescotland.gov.uk,swh_gov_domains
sip.gmpa.gov.uk,swh_gov_domains
sip.havering.gov.uk,swh_gov_domains
sip.hfea.gov.uk,swh_gov_domains
sip.lbwf.gov.uk,swh_gov_domains
sip.leicester.gov.uk,swh_gov_domains
sip.leicesterpublichealth.gov.uk,swh_gov_domains
sip.ofsted.gov.uk,swh_gov_domains
sip.ofsteded.ofsted.gov.uk,swh_gov_domains
sip.rctcbc.gov.uk,swh_gov_domains
sip.salford.gov.uk,swh_gov_domains
sip.scotborders.gov.uk,swh_gov_domains
sip.scotcourts.gov.uk,swh_gov_domains
sip.south-ayrshire.gov.uk,swh_gov_domains
sip.southlanarkshire.gov.uk,swh_gov_domains
sip.spin.sps.gov.uk,swh_gov_domains
sip.staffordbc.gov.uk,swh_gov_domains
sip.stockport.gov.uk,swh_gov_domains
sip.taysidefire.gov.uk,swh_gov_domains
sip.telford.gov.uk,swh_gov_domains
sip.uksport.gov.uk,swh_gov_domains
sip.wakefield.gov.uk,swh_gov_domains
sip.walthamforest.gov.uk,swh_gov_domains
sip.waverley.gov.uk,swh_gov_domains
sip.westyorksfire.gov.uk,swh_gov_domains
sip2.argyll-bute.gov.uk,swh_gov_domains
sip2.scotborders.gov.uk,swh_gov_domains
sipehdc.eastherts.gov.uk,swh_gov_domains
sipexternal.chichester.gov.uk,swh_gov_domains
sivalidation.opsi.gov.uk,swh_gov_domains
sixsecure.somerset.gov.uk,swh_gov_domains
skillsprofilesschoolsinwales.gov.uk,swh_gov_domains
slam.lambeth.gov.uk,swh_gov_domains
slc.milton-keynes.gov.uk,swh_gov_domains
sld.suffolkcc.gov.uk,swh_gov_domains
slgportal.tameside.gov.uk,swh_gov_domains
slough.gov.uk,swh_gov_domains
slp.somerset.gov.uk,swh_gov_domains
slp1.somerset.gov.uk,swh_gov_domains
slp2.somerset.gov.uk,swh_gov_domains
slp3.somerset.gov.uk,swh_gov_domains
slp4.somerset.gov.uk,swh_gov_domains
sm.dover.gov.uk,swh_gov_domains
smail.landregistry.gov.uk,swh_gov_domains
smallsteps4life.direct.gov.uk,swh_gov_domains
smartcard.caerphilly.gov.uk,swh_gov_domains
smartsignup.bolton.gov.uk,swh_gov_domains
smm.swindon.gov.uk,swh_gov_domains
smms.coi.gov.uk,swh_gov_domains
smtp.west-dunbarton.gov.uk,swh_gov_domains
smurf.orkney.gov.uk,swh_gov_domains
snaponline.derbys-fire.gov.uk,swh_gov_domains
snaponline.warwickshire.gov.uk,swh_gov_domains
socialmarketingportal.dh.gov.uk,swh_gov_domains
socitm.gov.uk,swh_gov_domains
sol.eservices.ros.gov.uk,swh_gov_domains
sol.sssi.ros.gov.uk,swh_gov_domains
somerset.gov.uk,swh_gov_domains
sophosmail.renfrewshire.gov.uk,swh_gov_domains
sor.ofgem.gov.uk,swh_gov_domains
sourcing.hmrc.gov.uk,swh_gov_domains
sourcing.homeoffice.gov.uk,swh_gov_domains
south-ayrshire.gov.uk,swh_gov_domains
southampton.gov.uk,swh_gov_domains
southeastiep.gov.uk,swh_gov_domains
southend.gov.uk,swh_gov_domains
southglos.gov.uk,swh_gov_domains
southhams.gov.uk,swh_gov_domains
southkesteven.gov.uk,swh_gov_domains
southlakeland.gov.uk,swh_gov_domains
southlanarkshire.gov.uk,swh_gov_domains
southoxon.gov.uk,swh_gov_domains
southtyneside.gov.uk,swh_gov_domains
southwark.gov.uk,swh_gov_domains
southwest-ra.gov.uk,swh_gov_domains
southyorks.101.gov.uk,swh_gov_domains
southyorks.gov.uk,swh_gov_domains
sp-test.birmingham.gov.uk,swh_gov_domains
sp.birmingham.gov.uk,swh_gov_domains
sp.bournemouth.gov.uk,swh_gov_domains
sp.calderdale.gov.uk,swh_gov_domains
sp1.northeastiep.gov.uk,swh_gov_domains
sp2.northeastiep.gov.uk,swh_gov_domains
spelnet.spelthorne.gov.uk,swh_gov_domains
spire.berr.gov.uk,swh_gov_domains
spire.bis.gov.uk,swh_gov_domains
spire.defra.gov.uk,swh_gov_domains
spireuat.bis.gov.uk,swh_gov_domains
spm.southwark.gov.uk,swh_gov_domains
spmail.lewisham.gov.uk,swh_gov_domains
spocc.stockton.gov.uk,swh_gov_domains
spocc.sutton.gov.uk,swh_gov_domains
spoccnet.camden.gov.uk,swh_gov_domains
spoccnet.lambeth.gov.uk,swh_gov_domains
spoccnet.reading.gov.uk,swh_gov_domains
spoccnet.wokingham.gov.uk,swh_gov_domains
spook.eldc.gov.uk,swh_gov_domains
sport.chelmsford.gov.uk,swh_gov_domains
sportsprojects.uktradeinvest.gov.uk,swh_gov_domains
spreturns.eastsussex.gov.uk,swh_gov_domains
sps2ksrv.towerhamlets.gov.uk,swh_gov_domains
spsonline.rpa.gov.uk,swh_gov_domains
sqwmbc.walsall.gov.uk,swh_gov_domains
sra.derbyshire.gov.uk,swh_gov_domains
sra1.walthamforest.gov.uk,swh_gov_domains
sra2.cjsrascotland.gov.uk,swh_gov_domains
sscportal.sstaffs.gov.uk,swh_gov_domains
sscvexchcas01.sstaffs.gov.uk,swh_gov_domains
ssdatabase.dfes.gov.uk,swh_gov_domains
ssdonline.nottscc.gov.uk,swh_gov_domains
ssl.aberdeencity.gov.uk,swh_gov_domains
ssl.belfastcity.gov.uk,swh_gov_domains
ssl.enfield.gov.uk,swh_gov_domains
ssl.maldon.gov.uk,swh_gov_domains
ssl.preston.gov.uk,swh_gov_domains
ssl.southribble.gov.uk,swh_gov_domains
sslvpn.bournemouth.gov.uk,swh_gov_domains
sslvpn.luton.gov.uk,swh_gov_domains
sslvpn.northumberland.gov.uk,swh_gov_domains
sslvpn.rushmoor.gov.uk,swh_gov_domains
sslvpn.standardsforengland.gov.uk,swh_gov_domains
sso.nottscc.gov.uk,swh_gov_domains
sspr.leics.gov.uk,swh_gov_domains
ssrpmportal.northumberland.gov.uk,swh_gov_domains
sssi.ros.gov.uk,swh_gov_domains
sst.kirklees.gov.uk,swh_gov_domains
sst.nottscc.gov.uk,swh_gov_domains
sstisa.nottscc.gov.uk,swh_gov_domains
st.courtsni.gov.uk,swh_gov_domains
st.online.hmrc.gov.uk,swh_gov_domains
staff.blackpool.gov.uk,swh_gov_domains
staff.croydon.gov.uk,swh_gov_domains
staff.devon.gov.uk,swh_gov_domains
staff.hounslow.gov.uk,swh_gov_domains
staff.rossendale.gov.uk,swh_gov_domains
staff.shropshire.gov.uk,swh_gov_domains
staff.surreyheath-online.gov.uk,swh_gov_domains
staffmail.warwickdc.gov.uk,swh_gov_domains
staffnet.cotswold.gov.uk,swh_gov_domains
staffordshire.gov.uk,swh_gov_domains
staffportal.surreyheath-online.gov.uk,swh_gov_domains
staffsmoorlands.gov.uk,swh_gov_domains
stage.bonavacantia.gov.uk,swh_gov_domains
staging.cap-payments.defra.gov.uk,swh_gov_domains
staging.faststream.gov.uk,swh_gov_domains
staging.ines.esf.gov.uk,swh_gov_domains
staging.tfl.gov.uk,swh_gov_domains
stagingadmin.eca.gov.uk,swh_gov_domains
standards.dcsf.gov.uk,swh_gov_domains
stargate.derwentside.gov.uk,swh_gov_domains
statement.secure.haringey.gov.uk,swh_gov_domains
statistics.defra.gov.uk,swh_gov_domains
statistics.gov.uk,swh_gov_domains
stats.companieshouse.gov.uk,swh_gov_domains
statsearch.communities.gov.uk,swh_gov_domains
statsearchstaging.communities.gov.uk,swh_gov_domains
statutelaw.gov.uk,swh_gov_domains
stdavidshall.cardiff.gov.uk,swh_gov_domains
stedmundsbury.gov.uk,swh_gov_domains
stockmanagement.dh.gov.uk,swh_gov_domains
stockport.gov.uk,swh_gov_domains
stourvalleypartnership.gov.uk,swh_gov_domains
stowonthewold-tc.gov.uk,swh_gov_domains
strangfordemergencies.roadsni.gov.uk,swh_gov_domains
stratford.gov.uk,swh_gov_domains
stratus.wales.gov.uk,swh_gov_domains
stroud.gov.uk,swh_gov_domains
sts-death-tellusonce.direct.gov.uk,swh_gov_domains
sts.london.gov.uk,swh_gov_domains
sts.niassembly.gov.uk,swh_gov_domains
submissions.epetitions.direct.gov.uk,swh_gov_domains
subscriptions.mhra.gov.uk,swh_gov_domains
suffolkcoastal.gov.uk,swh_gov_domains
sums.nottscc.gov.uk,swh_gov_domains
sunderland.gov.uk,swh_gov_domains
supp.eservices.ros.gov.uk,swh_gov_domains
supp.sssi.ros.gov.uk,swh_gov_domains
supplier.edinburgh.gov.uk,swh_gov_domains
supplier.wyreforestdc.gov.uk,swh_gov_domains
supplierportal.dfid.gov.uk,swh_gov_domains
supply2.gov.uk,swh_gov_domains
supply4london.gov.uk,swh_gov_domains
support.eastlothian.gov.uk,swh_gov_domains
support.gloucestershire.gov.uk,swh_gov_domains
support.havering.gov.uk,swh_gov_domains
support.newcastle-staffs.gov.uk,swh_gov_domains
support.surreyheath-online.gov.uk,swh_gov_domains
support.worcestershire.gov.uk,swh_gov_domains
support1.newcastle-staffs.gov.uk,swh_gov_domains
surreycc.gov.uk,swh_gov_domains
surreyfirst.gov.uk,swh_gov_domains
surreyheath.gov.uk,swh_gov_domains
surreyi.gov.uk,swh_gov_domains
surreymaps.surreycc.gov.uk,swh_gov_domains
surreyportal.surreycc.gov.uk,swh_gov_domains
survey.ccw.gov.uk,swh_gov_domains
survey.chelmsford.gov.uk,swh_gov_domains
survey.legalservices.gov.uk,swh_gov_domains
surveys.carlisle.gov.uk,swh_gov_domains
surveys.merseytravel.gov.uk,swh_gov_domains
surveys.oft.gov.uk,swh_gov_domains
sussex-ifca.gov.uk,swh_gov_domains
sutton.gov.uk,swh_gov_domains
suttonextranet.sutton.gov.uk,swh_gov_domains
svd.eastsussex.gov.uk,swh_gov_domains
svexch.nulbc.newcastle-staffs.gov.uk,swh_gov_domains
svexchtmp.nulbc.newcastle-staffs.gov.uk,swh_gov_domains
svpn.richmondshire.gov.uk,swh_gov_domains
svrshir169.gloscc.gov.uk,swh_gov_domains
svrshir170.gloscc.gov.uk,swh_gov_domains
svrshir171.gloscc.gov.uk,swh_gov_domains
svsportal.south-derbys.gov.uk,swh_gov_domains
swale.gov.uk,swh_gov_domains
swansea-edunet.gov.uk,swh_gov_domains
swd.enfield.gov.uk,swh_gov_domains
swineflu.mhra.gov.uk,swh_gov_domains
switch.phoenix.agma.gov.uk,swh_gov_domains
swmprobation.gov.uk,swh_gov_domains
swyddi.caerdydd.gov.uk,swh_gov_domains
swyddigwag.businesslink.gov.uk,swh_gov_domains
syfireex01.syfire.gov.uk,swh_gov_domains
sync.tfl.gov.uk,swh_gov_domains
synergy.bournemouth.gov.uk,swh_gov_domains
syremote.syfire.gov.uk,swh_gov_domains
systemteams.lsc.gov.uk,swh_gov_domains
t-snap.tfl.gov.uk,swh_gov_domains
t1.admin.signon.defra.gov.uk,swh_gov_domains
t1.manchester.gov.uk,swh_gov_domains
t1.secure.amls.defra.gov.uk,swh_gov_domains
t1.secure.edomero.defra.gov.uk,swh_gov_domains
t1.secure.ehmi.defra.gov.uk,swh_gov_domains
t1.secure.ehmipeach.defra.gov.uk,swh_gov_domains
t1.secure.portal.defra.gov.uk,swh_gov_domains
t1.secure.seedcert.defra.gov.uk,swh_gov_domains
t1.secure.services.defra.gov.uk,swh_gov_domains
t1.secure.vebus.defra.gov.uk,swh_gov_domains
t1.secure.webservice.defra.gov.uk,swh_gov_domains
t1.secure.wholefarm.defra.gov.uk,swh_gov_domains
t1.signon.defra.gov.uk,swh_gov_domains
t1.webservice.genesisdcs.defra.gov.uk,swh_gov_domains
t1.webservice.secure.ddts.defra.gov.uk,swh_gov_domains
t2.reports.defra.gov.uk,swh_gov_domains
t2.secure.portal.defra.gov.uk,swh_gov_domains
t2.secure.services.defra.gov.uk,swh_gov_domains
t2.secure.webservice.defra.gov.uk,swh_gov_domains
t2.secure.wms.defra.gov.uk,swh_gov_domains
talenthealthcheck.uksport.gov.uk,swh_gov_domains
talenttracker.uksport.gov.uk,swh_gov_domains
talklondon.london.gov.uk,swh_gov_domains
tan.gov.uk,swh_gov_domains
tandridge.gov.uk,swh_gov_domains
taphdir.tfl.gov.uk,swh_gov_domains
tariff.business.scotland.gov.uk,swh_gov_domains
tariff.business.wales.gov.uk,swh_gov_domains
tariff.businesslink.gov.uk,swh_gov_domains
tass.gov.uk,swh_gov_domains
tauntondeane.gov.uk,swh_gov_domains
taxandbenefits.bolton.gov.uk,swh_gov_domains
taxation.stockton.gov.uk,swh_gov_domains
taxdisc.direct.gov.uk,swh_gov_domains
taxi-licensing.sefton.gov.uk,swh_gov_domains
tcbcone.torfaen.gov.uk,swh_gov_domains
tcbcsecure.torfaen.gov.uk,swh_gov_domains
tcitrix.aylesburyvaledc.gov.uk,swh_gov_domains
tda.gov.uk,swh_gov_domains
tdc-mg-dmz.thanet.gov.uk,swh_gov_domains
tdcca.thanet.gov.uk,swh_gov_domains
tdccap.thanet.gov.uk,swh_gov_domains
teacher.eastsussex.gov.uk,swh_gov_domains
teamsites.brighton-hove.gov.uk,swh_gov_domains
teamsites.lsc.gov.uk,swh_gov_domains
teamwork.shropshire.gov.uk,swh_gov_domains
techtest.portsmouth.gov.uk,swh_gov_domains
teesvalleyunlimited.gov.uk,swh_gov_domains
teignbridge.gov.uk,swh_gov_domains
teleworking.liverpool.gov.uk,swh_gov_domains
telford.gov.uk,swh_gov_domains
telfordjobs.telford.gov.uk,swh_gov_domains
tellflex.torfaen.gov.uk,swh_gov_domains
tempest.fsa.gov.uk,swh_gov_domains
tendering.coventry.gov.uk,swh_gov_domains
tenders.metoffice.gov.uk,swh_gov_domains
tenders.weymouth.gov.uk,swh_gov_domains
tendringdc.gov.uk,swh_gov_domains
terminal.fco.gov.uk,swh_gov_domains
test-onlineadmissions.leics.gov.uk,swh_gov_domains
test.econsultation.planningportal.gov.uk,swh_gov_domains
test.mobile.confirm.haringey.gov.uk,swh_gov_domains
test.nationalarchives.gov.uk,swh_gov_domains
test.points.homeoffice.gov.uk,swh_gov_domains
test.rbkc.gov.uk,swh_gov_domains
test.voa.gov.uk,swh_gov_domains
test2recruitment.lsc.gov.uk,swh_gov_domains
testadmin.sns.gov.uk,swh_gov_domains
testclaim.possessionclaim.gov.uk,swh_gov_domains
testdb.londoncareplacements.gov.uk,swh_gov_domains
testdis.melton.gov.uk,swh_gov_domains
testebiz.bolton.gov.uk,swh_gov_domains
testfmdaml1.defra.gov.uk,swh_gov_domains
testinfogateway.ofsted.gov.uk,swh_gov_domains
testlandlordportal.liverpool.gov.uk,swh_gov_domains
testonline.ofsted.gov.uk,swh_gov_domains
testportal.ofsted.gov.uk,swh_gov_domains
testrecruitment.lsc.gov.uk,swh_gov_domains
testsystems.wycombe.gov.uk,swh_gov_domains
testvalley.gov.uk,swh_gov_domains
tewkesbury.gov.uk,swh_gov_domains
tf.hounslow.gov.uk,swh_gov_domains
tfl.gov.uk,swh_gov_domains
tflrdp.tfl.gov.uk,swh_gov_domains
thanet.gov.uk,swh_gov_domains
thanetforms.thanet.gov.uk,swh_gov_domains
theatres.worthing.gov.uk,swh_gov_domains
thechest.nwce.gov.uk,swh_gov_domains
theorytest.direct.gov.uk,swh_gov_domains
thesource.lsc.gov.uk,swh_gov_domains
thinclient.peterborough.gov.uk,swh_gov_domains
thinclienthelp.peterborough.gov.uk,swh_gov_domains
thirdpartysupport.defra.gov.uk,swh_gov_domains
thirdsectorfunding.greenwich.gov.uk,swh_gov_domains
thirdsectorinvestment.dh.gov.uk,swh_gov_domains
threerivers.gov.uk,swh_gov_domains
thurrock.gov.uk,swh_gov_domains
thurrockperforms.thurrock.gov.uk,swh_gov_domains
tic.buckscc.gov.uk,swh_gov_domains
tickets-staging.historic-scotland.gov.uk,swh_gov_domains
tickets.historic-scotland.gov.uk,swh_gov_domains
tickets.kirklees.gov.uk,swh_gov_domains
tickets.lisburncity.gov.uk,swh_gov_domains
tickets.medway.gov.uk,swh_gov_domains
tickets.welhat.gov.uk,swh_gov_domains
tira.seemis.gov.uk,swh_gov_domains
tmbc.gov.uk,swh_gov_domains
tnccat01.fsa.gov.uk,swh_gov_domains
token.peterborough.gov.uk,swh_gov_domains
tolls.broads-authority.gov.uk,swh_gov_domains
toplevel.horsham.gov.uk,swh_gov_domains
torbay.gov.uk,swh_gov_domains
torfmail.torfaen.gov.uk,swh_gov_domains
torridge.gov.uk,swh_gov_domains
totalmobile.derby.gov.uk,swh_gov_domains
totalmobile.midlothian.gov.uk,swh_gov_domains
totalmobile.reading.gov.uk,swh_gov_domains
totalweb.lancaster.gov.uk,swh_gov_domains
tpvs.hmrc.gov.uk,swh_gov_domains
trac.dataco.coi.gov.uk,swh_gov_domains
trafficfines.camden.gov.uk,swh_gov_domains
trafficimages.camden.gov.uk,swh_gov_domains
trafford.gov.uk,swh_gov_domains
training.cpni.gov.uk,swh_gov_domains
training.newcastle-staffs.gov.uk,swh_gov_domains
training.noms.gov.uk,swh_gov_domains
training.online.wefo.wales.gov.uk,swh_gov_domains
training.www.defraconnect.defra.gov.uk,swh_gov_domains
training01.possessionclaim.gov.uk,swh_gov_domains
training02.possessionclaim.gov.uk,swh_gov_domains
training03.possessionclaim.gov.uk,swh_gov_domains
training04.possessionclaim.gov.uk,swh_gov_domains
training05.possessionclaim.gov.uk,swh_gov_domains
training06.possessionclaim.gov.uk,swh_gov_domains
training07.possessionclaim.gov.uk,swh_gov_domains
trainingilaps.defra.gov.uk,swh_gov_domains
traintogainbrokers.lsc.gov.uk,swh_gov_domains
transfer.angus.gov.uk,swh_gov_domains
transportoffice.gov.uk,swh_gov_domains
travelpass.gloucestershire.gov.uk,swh_gov_domains
trent.nwml.gov.uk,swh_gov_domains
tribunals.gov.uk,swh_gov_domains
trs.fsa.gov.uk,swh_gov_domains
trsdr.fsa.gov.uk,swh_gov_domains
ts.londoncouncils.gov.uk,swh_gov_domains
tshq.scotcourts.gov.uk,swh_gov_domains
tssplansregistry.dft.gov.uk,swh_gov_domains
twww.hertscc.gov.uk,swh_gov_domains
ua.dvlaonline.gov.uk,swh_gov_domains
uag01.derbys-fire.gov.uk,swh_gov_domains
uag02.derbys-fire.gov.uk,swh_gov_domains
uat-content.ukba.homeoffice.gov.uk,swh_gov_domains
uat-portal.ukba.homeoffice.gov.uk,swh_gov_domains
uat.artl.ros.gov.uk,swh_gov_domains
uat.eservices.ros.gov.uk,swh_gov_domains
uat.interim.connect.ukti.gov.uk,swh_gov_domains
uat.modipunit.ukti.gov.uk,swh_gov_domains
uat.sssi.ros.gov.uk,swh_gov_domains
uat2.artl.ros.gov.uk,swh_gov_domains
uat2.eservices.ros.gov.uk,swh_gov_domains
uatomis.uktradeinvest.gov.uk,swh_gov_domains
uatrenewables.ofgem.gov.uk,swh_gov_domains
ubi.courtfunds.gov.uk,swh_gov_domains
ubp.buckscc.gov.uk,swh_gov_domains
uc.argyll-bute.gov.uk,swh_gov_domains
uc.nottscc.gov.uk,swh_gov_domains
uc.scotborders.gov.uk,swh_gov_domains
uc.scotcourts.gov.uk,swh_gov_domains
uc.south-ayrshire.gov.uk,swh_gov_domains
uc.southlanarkshire.gov.uk,swh_gov_domains
uc.stockport.gov.uk,swh_gov_domains
uc.waverley.gov.uk,swh_gov_domains
ucedge.basingstoke.gov.uk,swh_gov_domains
ucwebfarm01.nottscc.gov.uk,swh_gov_domains
udchome.uttlesford.gov.uk,swh_gov_domains
uds.essex.gov.uk,swh_gov_domains
uh.manchester.gov.uk,swh_gov_domains
ukapis.homeoffice.gov.uk,swh_gov_domains
ukbabooking.homeoffice.gov.uk,swh_gov_domains
ukbars.defra.gov.uk,swh_gov_domains
ukciu.gov.uk,swh_gov_domains
ukfssweb.food.gov.uk,swh_gov_domains
ukho.gov.uk,swh_gov_domains
ukhocontracts.ukho.gov.uk,swh_gov_domains
uklrs.miap.gov.uk,swh_gov_domains
uksexch01.uksport.gov.uk,swh_gov_domains
ukshost.uksport.gov.uk,swh_gov_domains
ukslyncedge01.uksport.gov.uk,swh_gov_domains
ukslyncfe01.uksport.gov.uk,swh_gov_domains
ukslyncmon01.uksport.gov.uk,swh_gov_domains
uksport.gov.uk,swh_gov_domains
ukti.gov.uk,swh_gov_domains
uktradeinvest.gov.uk,swh_gov_domains
ukvisas.gov.uk,swh_gov_domains
ukwelcomes.businesslink.gov.uk,swh_gov_domains
uln.securedatatransfer.teachernet.gov.uk,swh_gov_domains
umbr2.cabinetoffice.gov.uk,swh_gov_domains
umbr3.cabinetoffice.gov.uk,swh_gov_domains
umbr4.cabinetoffice.gov.uk,swh_gov_domains
umbr5.cabinetoffice.gov.uk,swh_gov_domains
umbrella.sthelens.gov.uk,swh_gov_domains
unistats.direct.gov.uk,swh_gov_domains
unitylite.rbkc.gov.uk,swh_gov_domains
update.cabinetoffice.gov.uk,swh_gov_domains
update.dpm.cabinetoffice.gov.uk,swh_gov_domains
updates.buckscc.gov.uk,swh_gov_domains
updates.ukho.gov.uk,swh_gov_domains
upload.legislation.gov.uk,swh_gov_domains
upload.ukwelcomes.businesslink.gov.uk,swh_gov_domains
urbaline.london.gov.uk,swh_gov_domains
urbandesign.tfl.gov.uk,swh_gov_domains
useradmin.cjsonline.gov.uk,swh_gov_domains
uttlesford.gov.uk,swh_gov_domains
v-civiexfe01.salford.gov.uk,swh_gov_domains
v-civiexfe02.salford.gov.uk,swh_gov_domains
v-civiexfe03.salford.gov.uk,swh_gov_domains
v-civiexfe04.salford.gov.uk,swh_gov_domains
v-civiocsweb01.salford.gov.uk,swh_gov_domains
v-civirdsweb01.salford.gov.uk,swh_gov_domains
vacancies.dft.gov.uk,swh_gov_domains
vacancies.swale.gov.uk,swh_gov_domains
vaccinesupply.dh.gov.uk,swh_gov_domains
vaccinesupplyservices.dh.gov.uk,swh_gov_domains
valeofglamorgan.gov.uk,swh_gov_domains
valeroyal.gov.uk,swh_gov_domains
vasis.education.gov.uk,swh_gov_domains
vaxreportserver.dh.gov.uk,swh_gov_domains
vcstest.bolton.gov.uk,swh_gov_domains
vdesktop.tpr.gov.uk,swh_gov_domains
vdi.thurrock.gov.uk,swh_gov_domains
vebustest.defra.gov.uk,swh_gov_domains
vehicleleasing.buyingsolutions.gov.uk,swh_gov_domains
vendors.hounslow.gov.uk,swh_gov_domains
vetting.fco.gov.uk,swh_gov_domains
view-cs.derbys-fire.gov.uk,swh_gov_domains
view.derbys-fire.gov.uk,swh_gov_domains
viewpoint.blackburn.gov.uk,swh_gov_domains
viewpoint.merton.gov.uk,swh_gov_domains
vir.estyn.gov.uk,swh_gov_domains
virtual.estate.fco.gov.uk,swh_gov_domains
virtuallibrary.lincolnshire.gov.uk,swh_gov_domains
visa4uk.fco.gov.uk,swh_gov_domains
visitorshop.tfl.gov.uk,swh_gov_domains
vm.reading.gov.uk,swh_gov_domains
vmail.epsom-ewell.gov.uk,swh_gov_domains
vmcolocs02.corpoflondon.gov.uk,swh_gov_domains
voca.tfl.gov.uk,swh_gov_domains
voffice.merseysidewda.gov.uk,swh_gov_domains
voltage-pp-0000.bracknell-forest.gov.uk,swh_gov_domains
voltage-pp-0000.eastsussex.gov.uk,swh_gov_domains
voltage-pp-0000.islington.gov.uk,swh_gov_domains
voltage-pp-0000.lbbd.gov.uk,swh_gov_domains
voltage-ps-0000.islington.gov.uk,swh_gov_domains
voltage-ps-0000.lbbd.gov.uk,swh_gov_domains
vpn.broadland.gov.uk,swh_gov_domains
vpn.carlisle.gov.uk,swh_gov_domains
vpn.chesterfield.gov.uk,swh_gov_domains
vpn.chichester.gov.uk,swh_gov_domains
vpn.derbys-fire.gov.uk,swh_gov_domains
vpn.doncaster.gov.uk,swh_gov_domains
vpn.enfield.gov.uk,swh_gov_domains
vpn.eppingforestdc.gov.uk,swh_gov_domains
vpn.gmpte.gov.uk,swh_gov_domains
vpn.monitor-nhsft.gov.uk,swh_gov_domains
vpn.pendle.gov.uk,swh_gov_domains
vpn.renfrewshire.gov.uk,swh_gov_domains
vpn.ryedale.gov.uk,swh_gov_domains
vpn.taysidefire.gov.uk,swh_gov_domains
vpn.tsol.gov.uk,swh_gov_domains
vpn.warwickshire.gov.uk,swh_gov_domains
vpn.welhat.gov.uk,swh_gov_domains
vpn.winchester.gov.uk,swh_gov_domains
vpn.wyreforestdc.gov.uk,swh_gov_domains
vpn01.moray.gov.uk,swh_gov_domains
vpn1.nottscc.gov.uk,swh_gov_domains
vpn2.dumgal.gov.uk,swh_gov_domains
vsa.tfl.gov.uk,swh_gov_domains
vsat.nactso.gov.uk,swh_gov_domains
vsp.ipo.gov.uk,swh_gov_domains
vstg.securedatatransfer.teachernet.gov.uk,swh_gov_domains
vstg.uln.securedatatransfer.teachernet.gov.uk,swh_gov_domains
vwg.agma.gov.uk,swh_gov_domains
w4.chelmsford.gov.uk,swh_gov_domains
wakefield.gov.uk,swh_gov_domains
wales.gov.uk,swh_gov_domains
walsall.gov.uk,swh_gov_domains
walthamforest.gov.uk,swh_gov_domains
wam.highland.gov.uk,swh_gov_domains
wandsworth.gov.uk,swh_gov_domains
wao.gov.uk,swh_gov_domains
wap-exch-ch1.admin.brighton-hove.gov.uk,swh_gov_domains
wap-exch-ch2.admin.brighton-hove.gov.uk,swh_gov_domains
wap-ocs-extedge1.brighton-hove.gov.uk,swh_gov_domains
wap-ocs-wc1.brighton-hove.gov.uk,swh_gov_domains
warrington.gov.uk,swh_gov_domains
warringtondirect.warrington.gov.uk,swh_gov_domains
warwickdc.gov.uk,swh_gov_domains
warwickshire.gov.uk,swh_gov_domains
wave-uat.brighton-hove.gov.uk,swh_gov_domains
wave.brighton-hove.gov.uk,swh_gov_domains
wave4schools.brighton-hove.gov.uk,swh_gov_domains
wc.buckscc.gov.uk,swh_gov_domains
wc.leicester.gov.uk,swh_gov_domains
wcbc-cas1.wcbcmad.wrexham.gov.uk,swh_gov_domains
wcbc-cas2.wcbcmad.wrexham.gov.uk,swh_gov_domains
wcedge.calderdale.gov.uk,swh_gov_domains
wcehdc.eastherts.gov.uk,swh_gov_domains
wck2.companieshouse.gov.uk,swh_gov_domains
wcsbc.staffordbc.gov.uk,swh_gov_domains
wdcexchht1.west-dunbarton.gov.uk,swh_gov_domains
wdcexchht2.west-dunbarton.gov.uk,swh_gov_domains
wdcmail.wycombe.gov.uk,swh_gov_domains
wdcmdm.west-dunbarton.gov.uk,swh_gov_domains
wdt.cambridgeshire.gov.uk,swh_gov_domains
we01.ofsted.gov.uk,swh_gov_domains
web.barclayscyclehire.tfl.gov.uk,swh_gov_domains
web.firescotland.gov.uk,swh_gov_domains
web.gravesham.gov.uk,swh_gov_domains
web.tameside.gov.uk,swh_gov_domains
web1.hullcc.gov.uk,swh_gov_domains
web2.hullcc.gov.uk,swh_gov_domains
web2.newforest.gov.uk,swh_gov_domains
web3.blackpool.gov.uk,swh_gov_domains
web3.chelmsfordbc.gov.uk,swh_gov_domains
web3.newforest.gov.uk,swh_gov_domains
web4.newforest.gov.uk,swh_gov_domains
web5.hullcc.gov.uk,swh_gov_domains
webacc.vca.gov.uk,swh_gov_domains
webaccess.lincolnshire.gov.uk,swh_gov_domains
webaccess.rimnet.gov.uk,swh_gov_domains
webaccess.sheffield.gov.uk,swh_gov_domains
webaccess.tamworth.gov.uk,swh_gov_domains
webapp.grampian-vjb.gov.uk,swh_gov_domains
webapp.lanarkshire-vjb.gov.uk,swh_gov_domains
webapp1.fylde.gov.uk,swh_gov_domains
webapp1.somerset.gov.uk,swh_gov_domains
webapps.allerdale.gov.uk,swh_gov_domains
webcafe.tribunals.gov.uk,swh_gov_domains
webcomp.wiltshire.gov.uk,swh_gov_domains
webcon.basingstoke.gov.uk,swh_gov_domains
webcon.havering.gov.uk,swh_gov_domains
webcon.wakefield.gov.uk,swh_gov_domains
webconf.armagh.gov.uk,swh_gov_domains
webconf.audit-scotland.gov.uk,swh_gov_domains
webconf.bolton.gov.uk,swh_gov_domains
webconf.camden.gov.uk,swh_gov_domains
webconf.ceredigion.gov.uk,swh_gov_domains
webconf.firescotland.gov.uk,swh_gov_domains
webconf.halton.gov.uk,swh_gov_domains
webconf.newham.gov.uk,swh_gov_domains
webconf.ofsted.gov.uk,swh_gov_domains
webconf.rctcbc.gov.uk,swh_gov_domains
webconf.walthamforest.gov.uk,swh_gov_domains
webcrm.towerhamlets.gov.uk,swh_gov_domains
webcrmtest.towerhamlets.gov.uk,swh_gov_domains
webdb4.patent.gov.uk,swh_gov_domains
webforms.cherwell.gov.uk,swh_gov_domains
webforms.towerhamlets.gov.uk,swh_gov_domains
webgate.tauntondeane.gov.uk,swh_gov_domains
webgis.derbys-fire.gov.uk,swh_gov_domains
webmail.audit-commission.gov.uk,swh_gov_domains
webmail.aylesburyvaledc.gov.uk,swh_gov_domains
webmail.banbury.gov.uk,swh_gov_domains
webmail.bicester.gov.uk,swh_gov_domains
webmail.bournemouth.gov.uk,swh_gov_domains
webmail.braintree.gov.uk,swh_gov_domains
webmail.broadland.gov.uk,swh_gov_domains
webmail.broads-authority.gov.uk,swh_gov_domains
webmail.broxbourne.gov.uk,swh_gov_domains
webmail.caerphilly.gov.uk,swh_gov_domains
webmail.cannockchasedc.gov.uk,swh_gov_domains
webmail.carmarthenshire.gov.uk,swh_gov_domains
webmail.ceredigion.gov.uk,swh_gov_domains
webmail.cherwell-dc.gov.uk,swh_gov_domains
webmail.cherwellandsouthnorthants.gov.uk,swh_gov_domains
webmail.cheshirefire.gov.uk,swh_gov_domains
webmail.chesterfield.gov.uk,swh_gov_domains
webmail.chichester.gov.uk,swh_gov_domains
webmail.chippenham.gov.uk,swh_gov_domains
webmail.christchurch.gov.uk,swh_gov_domains
webmail.cirencester.gov.uk,swh_gov_domains
webmail.cornwall.gov.uk,swh_gov_domains
webmail.cosla.gov.uk,swh_gov_domains
webmail.cotswold.gov.uk,swh_gov_domains
webmail.coventry.gov.uk,swh_gov_domains
webmail.crawley.gov.uk,swh_gov_domains
webmail.crewe-nantwich.gov.uk,swh_gov_domains
webmail.dataunitwales.gov.uk,swh_gov_domains
webmail.daventrydc.gov.uk,swh_gov_domains
webmail.derbyshire.gov.uk,swh_gov_domains
webmail.dorsetcc.gov.uk,swh_gov_domains
webmail.dungannon.gov.uk,swh_gov_domains
webmail.eastdorsetdc.gov.uk,swh_gov_domains
webmail.eastgrinstead.gov.uk,swh_gov_domains
webmail.edu.clacks.gov.uk,swh_gov_domains
webmail.education.doncaster.gov.uk,swh_gov_domains
webmail.eelga.gov.uk,swh_gov_domains
webmail.essexcc.gov.uk,swh_gov_domains
webmail.greenwich.gov.uk,swh_gov_domains
webmail.halton.gov.uk,swh_gov_domains
webmail.hambleton.gov.uk,swh_gov_domains
webmail.harborough.gov.uk,swh_gov_domains
webmail.haringey.gov.uk,swh_gov_domains
webmail.havering.gov.uk,swh_gov_domains
webmail.herefordshire.gov.uk,swh_gov_domains
webmail.highpeak.gov.uk,swh_gov_domains
webmail.horsham.gov.uk,swh_gov_domains
webmail.hyndburnbc.gov.uk,swh_gov_domains
webmail.kent.gov.uk,swh_gov_domains
webmail.lake-district.gov.uk,swh_gov_domains
webmail.lancaster.gov.uk,swh_gov_domains
webmail.landregistry.gov.uk,swh_gov_domains
webmail.lbwf.gov.uk,swh_gov_domains
webmail.leeds.gov.uk,swh_gov_domains
webmail.leicester.gov.uk,swh_gov_domains
webmail.liverpool.gov.uk,swh_gov_domains
webmail.magherafelt.gov.uk,swh_gov_domains
webmail.malvernhills.gov.uk,swh_gov_domains
webmail.merseyfire.gov.uk,swh_gov_domains
webmail.middlesbrough.gov.uk,swh_gov_domains
webmail.midsussex.gov.uk,swh_gov_domains
webmail.monmouthshire.gov.uk,swh_gov_domains
webmail.mpa.gov.uk,swh_gov_domains
webmail.newcastle.gov.uk,swh_gov_domains
webmail.northumberland.gov.uk,swh_gov_domains
webmail.northyorksfire.gov.uk,swh_gov_domains
webmail.notts-fire.gov.uk,swh_gov_domains
webmail.nw-ifca.gov.uk,swh_gov_domains
webmail.oldham.gov.uk,swh_gov_domains
webmail.pendle.gov.uk,swh_gov_domains
webmail.psc.gov.uk,swh_gov_domains
webmail.richmondshire.gov.uk,swh_gov_domains
webmail.rother.gov.uk,swh_gov_domains
webmail.salford.gov.uk,swh_gov_domains
webmail.scarborough.gov.uk,swh_gov_domains
webmail.shetland.gov.uk,swh_gov_domains
webmail.south-ayrshire.gov.uk,swh_gov_domains
webmail.southampton.gov.uk,swh_gov_domains
webmail.southlanarkshire.gov.uk,swh_gov_domains
webmail.southsomerset.gov.uk,swh_gov_domains
webmail.staffordbc.gov.uk,swh_gov_domains
webmail.staffsmoorlands.gov.uk,swh_gov_domains
webmail.stevenage.gov.uk,swh_gov_domains
webmail.tamworth.gov.uk,swh_gov_domains
webmail.teignbridge.gov.uk,swh_gov_domains
webmail.telford.gov.uk,swh_gov_domains
webmail.test.rbkc.gov.uk,swh_gov_domains
webmail.tfl.gov.uk,swh_gov_domains
webmail.thurrock.gov.uk,swh_gov_domains
webmail.trafficpenaltytribunal.gov.uk,swh_gov_domains
webmail.walsall.gov.uk,swh_gov_domains
webmail.walthamforest.gov.uk,swh_gov_domains
webmail.wcbcmad.wrexham.gov.uk,swh_gov_domains
webmail.welhat.gov.uk,swh_gov_domains
webmail.westberks.gov.uk,swh_gov_domains
webmail.westlothian.gov.uk,swh_gov_domains
webmail.worcestershire.gov.uk,swh_gov_domains
webmail.wrexham.gov.uk,swh_gov_domains
webmail.wyrebc.gov.uk,swh_gov_domains
webmail.wyreforestdc.gov.uk,swh_gov_domains
webmail.york.gov.uk,swh_gov_domains
webmail07.west-dunbarton.gov.uk,swh_gov_domains
webmail1.fylde.gov.uk,swh_gov_domains
webmail1.lancashire.gov.uk,swh_gov_domains
webmail1.leics.gov.uk,swh_gov_domains
webmail2.aylesburyvaledc.gov.uk,swh_gov_domains
webmail2010.coventry.gov.uk,swh_gov_domains
webmail3.lancashire.gov.uk,swh_gov_domains
webmail65.walthamforest.gov.uk,swh_gov_domains
weboutlook.stockton.gov.uk,swh_gov_domains
webpayments.rutland.gov.uk,swh_gov_domains
webpayments.york.gov.uk,swh_gov_domains
webportal.conwy.gov.uk,swh_gov_domains
webportal.slough.gov.uk,swh_gov_domains
webservice.genesisdcs.defra.gov.uk,swh_gov_domains
webservice.lincolnshire.gov.uk,swh_gov_domains
webservice.secure.ddts.defra.gov.uk,swh_gov_domains
webservice.testgenesisdcs.defra.gov.uk,swh_gov_domains
webservice2.ddts.defra.gov.uk,swh_gov_domains
webservice2.secure.ddts.defra.gov.uk,swh_gov_domains
webservice2.testddts.defra.gov.uk,swh_gov_domains
webservice3.ddts.defra.gov.uk,swh_gov_domains
webservice3.secure.ddts.defra.gov.uk,swh_gov_domains
webservice3.testddts.defra.gov.uk,swh_gov_domains
webservices.hmrc.gov.uk,swh_gov_domains
webtop.wyre.gov.uk,swh_gov_domains
webtop.wyrebc.gov.uk,swh_gov_domains
webuser.dorsetcc.gov.uk,swh_gov_domains
webvpn.chester.gov.uk,swh_gov_domains
webvpn.highland.gov.uk,swh_gov_domains
webvpn.luton.gov.uk,swh_gov_domains
webvpn2.highland.gov.uk,swh_gov_domains
webyots.middlesbrough.gov.uk,swh_gov_domains
wedge10.salford.gov.uk,swh_gov_domains
wellingborough.gov.uk,swh_gov_domains
wes.argyll-bute.gov.uk,swh_gov_domains
wes.scotborders.gov.uk,swh_gov_domains
wes.scotcourts.gov.uk,swh_gov_domains
wes.south-ayrshire.gov.uk,swh_gov_domains
wes.southlanarkshire.gov.uk,swh_gov_domains
wes.stockport.gov.uk,swh_gov_domains
wes.waverley.gov.uk,swh_gov_domains
wes2.argyll-bute.gov.uk,swh_gov_domains
wes2.scotborders.gov.uk,swh_gov_domains
west-lindsey.gov.uk,swh_gov_domains
west-norfolk.gov.uk,swh_gov_domains
westberks.gov.uk,swh_gov_domains
westdevon.gov.uk,swh_gov_domains
westgateleisure.chichester.gov.uk,swh_gov_domains
westminster.gov.uk,swh_gov_domains
westoxon.gov.uk,swh_gov_domains
westsussex.gov.uk,swh_gov_domains
westwey.gov.uk,swh_gov_domains
westyorksfire.gov.uk,swh_gov_domains
westyorksprepared.gov.uk,swh_gov_domains
weymouth.gov.uk,swh_gov_domains
wfghcasarray.lbwf.gov.uk,swh_gov_domains
wfghcasht01.lbwf.gov.uk,swh_gov_domains
wfghcasht02.lbwf.gov.uk,swh_gov_domains
wfghly5.lbwf.gov.uk,swh_gov_domains
wfh.scambs.gov.uk,swh_gov_domains
wfrgcasarray.lbwf.gov.uk,swh_gov_domains
wfrgcasht01.lbwf.gov.uk,swh_gov_domains
wfrgcasht02.lbwf.gov.uk,swh_gov_domains
wfrgly3.lbwf.gov.uk,swh_gov_domains
wfrgly4.lbwf.gov.uk,swh_gov_domains
wharfe.nwml.gov.uk,swh_gov_domains
whatson.tameside.gov.uk,swh_gov_domains
whitbytowncouncil.gov.uk,swh_gov_domains
whitehorsedc.gov.uk,swh_gov_domains
whitehouse.suffolk.gov.uk,swh_gov_domains
wi2.nelincs.gov.uk,swh_gov_domains
wide.hants.gov.uk,swh_gov_domains
wifi.bolton.gov.uk,swh_gov_domains
wiltshire.gov.uk,swh_gov_domains
windsor.gov.uk,swh_gov_domains
wirral.gov.uk,swh_gov_domains
wlgaex01.wlga.gov.uk,swh_gov_domains
wlgaowa1.wlga.gov.uk,swh_gov_domains
wm.calderdale.gov.uk,swh_gov_domains
wm.harrow.gov.uk,swh_gov_domains
wme2007.westminster.gov.uk,swh_gov_domains
wmf-commonstandardforequalities.gov.uk,swh_gov_domains
wms.defra.gov.uk,swh_gov_domains
woking.gov.uk,swh_gov_domains
wokingham.gov.uk,swh_gov_domains
wolverhampton.gov.uk,swh_gov_domains
worcestershire.gov.uk,swh_gov_domains
working.islington.gov.uk,swh_gov_domains
workspace.eastriding.gov.uk,swh_gov_domains
workspace.idea.gov.uk,swh_gov_domains
workspace.sece.gov.uk,swh_gov_domains
workspace.westlothian.gov.uk,swh_gov_domains
worktrain.gov.uk,swh_gov_domains
wow.wiltshire.gov.uk,swh_gov_domains
wp.dh.gov.uk,swh_gov_domains
wp.walsall.gov.uk,swh_gov_domains
wrexham.gov.uk,swh_gov_domains
ws.hmrc.gov.uk,swh_gov_domains
wsb.walsall.gov.uk,swh_gov_domains
wsr.theorytest.direct.gov.uk,swh_gov_domains
wsvprd1a.theorytest.direct.gov.uk,swh_gov_domains
wsvprd1b.theorytest.direct.gov.uk,swh_gov_domains
wvmprexcas01.internal.westminster.gov.uk,swh_gov_domains
wvmprexcas01.westminster.gov.uk,swh_gov_domains
ww10.south-ayrshire.gov.uk,swh_gov_domains
ww10.swindon.gov.uk,swh_gov_domains
ww2.brighton-hove.gov.uk,swh_gov_domains
ww2.durham.gov.uk,swh_gov_domains
ww2.rossendale.gov.uk,swh_gov_domains
ww2.southsomerset.gov.uk,swh_gov_domains
ww2.swindon.gov.uk,swh_gov_domains
ww2.watford.gov.uk,swh_gov_domains
ww2.westberks.gov.uk,swh_gov_domains
ww3.swindon.gov.uk,swh_gov_domains
ww4.runnymede.gov.uk,swh_gov_domains
ww5.swindon.gov.uk,swh_gov_domains
ww6.south-ayrshire.gov.uk,swh_gov_domains
ww6.swindon.gov.uk,swh_gov_domains
ww7.south-ayrshire.gov.uk,swh_gov_domains
ww7.swindon.gov.uk,swh_gov_domains
www1.redbridge.gov.uk,swh_gov_domains
www1.scottishcitizen.gov.uk,swh_gov_domains
www1.secure-transfer.statistics.gov.uk,swh_gov_domains
www1.tauntondeane.gov.uk,swh_gov_domains
www1.walthamforest.gov.uk,swh_gov_domains
www2.basildon.gov.uk,swh_gov_domains
www2.basingstoke.gov.uk,swh_gov_domains
www2.bridgnorth-dc.gov.uk,swh_gov_domains
www2.crw.gov.uk,swh_gov_domains
www2.dudley.gov.uk,swh_gov_domains
www2.dwp.gov.uk,swh_gov_domains
www2.elmbridge.gov.uk,swh_gov_domains
www2.guildford.gov.uk,swh_gov_domains
www2.hertsmere.gov.uk,swh_gov_domains
www2.mansfield.gov.uk,swh_gov_domains
www2.northamptonshire.gov.uk,swh_gov_domains
www2.points.homeoffice.gov.uk,swh_gov_domains
www2.ryedale.gov.uk,swh_gov_domains
www2.secure-transfer.statistics.gov.uk,swh_gov_domains
www2.sedgefield.gov.uk,swh_gov_domains
www2.staffordbc.gov.uk,swh_gov_domains
www2.surreycc.gov.uk,swh_gov_domains
www2.walsall.gov.uk,swh_gov_domains
www3.camden.gov.uk,swh_gov_domains
www3.harrow.gov.uk,swh_gov_domains
www3.hertsmere.gov.uk,swh_gov_domains
www3.kingston.gov.uk,swh_gov_domains
www3.northamptonshire.gov.uk,swh_gov_domains
www3.points.homeoffice.gov.uk,swh_gov_domains
www3.swansea.gov.uk,swh_gov_domains
www4.devon.gov.uk,swh_gov_domains
www4.dudley.gov.uk,swh_gov_domains
www4.hertsmere.gov.uk,swh_gov_domains
www4.shropshire-cc.gov.uk,swh_gov_domains
www4.staffordbc.gov.uk,swh_gov_domains
www5.shropshire-cc.gov.uk,swh_gov_domains
www6.northyorks.gov.uk,swh_gov_domains
www6.theorytest.direct.gov.uk,swh_gov_domains
www7.theorytest.direct.gov.uk,swh_gov_domains
www8.theorytest.direct.gov.uk,swh_gov_domains
www9.theorytest.direct.gov.uk,swh_gov_domains
wyrebc.gov.uk,swh_gov_domains
wyreforest.gov.uk,swh_gov_domains
wyreforestdc.gov.uk,swh_gov_domains
xda.merseytravel.gov.uk,swh_gov_domains
xen.gmpte.gov.uk,swh_gov_domains
xmail.tmc.independent.gov.uk,swh_gov_domains
xmlbeta.companieshouse.gov.uk,swh_gov_domains
xmlgw.companieshouse.gov.uk,swh_gov_domains
xnet1.rbkc.gov.uk,swh_gov_domains
xnet2.rbkc.gov.uk,swh_gov_domains
xtranet.hambleton.gov.uk,swh_gov_domains
yjb.gov.uk,swh_gov_domains
york.gov.uk,swh_gov_domains
your.caerphilly.gov.uk,swh_gov_domains
yourcareyourchoice.bury.gov.uk,swh_gov_domains
yourcareyourway.lambeth.gov.uk,swh_gov_domains
youthzone.warwickshire.gov.uk,swh_gov_domains
zipapps.lincolnshire.gov.uk,swh_gov_domains
