domain,source
2d.geo.admin.ch,swh_gov_domains
3d.geo.admin.ch,swh_gov_domains
4d.geo.admin.ch,swh_gov_domains
a-vortex.ssz.admin.ch,swh_gov_domains
a01vortex.admin.ch,swh_gov_domains
a01vortex.bit.admin.ch,swh_gov_domains
a02vortex.bit.admin.ch,swh_gov_domains
aaa-a.ssltest.admin.ch,swh_gov_domains
aaa-t.ssltest.admin.ch,swh_gov_domains
aaa.isos.bak.admin.ch,swh_gov_domains
aaa2-a.ssltest.admin.ch,swh_gov_domains
abk-i.vbs.admin.ch,swh_gov_domains
abk.vbs.admin.ch,swh_gov_domains
acc.admin.ch,swh_gov_domains
acc.caz.admin.ch,swh_gov_domains
acc.ssz.admin.ch,swh_gov_domains
acc2.admin.ch,swh_gov_domains
acc4.admin.ch,swh_gov_domains
acc4.caz.admin.ch,swh_gov_domains
acc4a.caz.admin.ch,swh_gov_domains
acc4test.caz.admin.ch,swh_gov_domains
acc5-preprod-vs8.caz.admin.ch,swh_gov_domains
acc5-preprod-vs9.caz.admin.ch,swh_gov_domains
accb.ssz.admin.ch,swh_gov_domains
access-a.eiam.admin.ch,swh_gov_domains
access-r.eiam.admin.ch,swh_gov_domains
access.eiam.admin.ch,swh_gov_domains
accessibilityteststandardmandant.admin.ch,swh_gov_domains
account.idm.eda.admin.ch,swh_gov_domains
acctest.caz.admin.ch,swh_gov_domains
acctestsso.caz.admin.ch,swh_gov_domains
accv.caz.admin.ch,swh_gov_domains
accwebdav.caz.admin.ch,swh_gov_domains
acsam.zas.admin.ch,swh_gov_domains
adbgst-c2-prod-i.vbs.admin.ch,swh_gov_domains
adbgst-c2-prod-t.vbs.admin.ch,swh_gov_domains
adbgst-c2-prod.vbs.admin.ch,swh_gov_domains
adfs-poc.rastest.admin.ch,swh_gov_domains
adfs.eda.admin.ch,swh_gov_domains
adfs.idm.eda.admin.ch,swh_gov_domains
adfsint.eda.admin.ch,swh_gov_domains
admin.ch,swh_gov_domains
adminsrv6.admin.ch,swh_gov_domains
ads-v.vegate.admin.ch,swh_gov_domains
adura.blv.admin.ch,swh_gov_domains
advent-avent.bfs.admin.ch,swh_gov_domains
aekk.bag.admin.ch,swh_gov_domains
aerialimages.geo.admin.ch,swh_gov_domains
aerialimages0.geo.admin.ch,swh_gov_domains
aerialimages1.geo.admin.ch,swh_gov_domains
aerialimages2.geo.admin.ch,swh_gov_domains
aerialimages3.geo.admin.ch,swh_gov_domains
aerialimages4.geo.admin.ch,swh_gov_domains
aev14online-2fa.ssltest.admin.ch,swh_gov_domains
aev14online.ssl.admin.ch,swh_gov_domains
afaria.exonaut.admin.ch,swh_gov_domains
afd-temp.admin.ch,swh_gov_domains
afd-var.admin.ch,swh_gov_domains
afd.admin.ch,swh_gov_domains
agrarforschungschweiz.admin.ch,swh_gov_domains
agri-gis.admin.ch,swh_gov_domains
agroscope.admin.ch,swh_gov_domains
ags-ctrx.ras.admin.ch,swh_gov_domains
ags-ctrx.rastest.admin.ch,swh_gov_domains
ags-rasts.ras.admin.ch,swh_gov_domains
ags-rasts.rastest.admin.ch,swh_gov_domains
aidesocialeasl.bfs.admin.ch,swh_gov_domains
airstat.bazl.admin.ch,swh_gov_domains
aiutosocialeisl.bfs.admin.ch,swh_gov_domains
alco-dec.eav.admin.ch,swh_gov_domains
alis-en.admin.ch,swh_gov_domains
alis-es.admin.ch,swh_gov_domains
alis-in.admin.ch,swh_gov_domains
alis-vp.admin.ch,swh_gov_domains
alis.admin.ch,swh_gov_domains
alps-a.bsv.admin.ch,swh_gov_domains
alps-r.bsv.admin.ch,swh_gov_domains
alps.bsv.admin.ch,swh_gov_domains
alsvaportal.ezv.admin.ch,swh_gov_domains
alvph-en.blv.admin.ch,swh_gov_domains
alvph-in.blv.admin.ch,swh_gov_domains
alvph-sh.blv.admin.ch,swh_gov_domains
am-a.eiam.admin.ch,swh_gov_domains
am-r.eiam.admin.ch,swh_gov_domains
am.eiam.admin.ch,swh_gov_domains
amadmin-a.bit.admin.ch,swh_gov_domains
amadmin.bit.admin.ch,swh_gov_domains
amstat-r.admin.ch,swh_gov_domains
amstat-x.admin.ch,swh_gov_domains
amtsdruckschriften.bar.admin.ch,swh_gov_domains
analytics.ejpd.admin.ch,swh_gov_domains
angebot.intranet.bit.admin.ch,swh_gov_domains
anmeldestelle.admin.ch,swh_gov_domains
anmeldung.admin.ch,swh_gov_domains
annuaire-federal-a.admin.ch,swh_gov_domains
annuaire-federal.admin.ch,swh_gov_domains
annuario-federale-a.admin.ch,swh_gov_domains
annuario-federale.admin.ch,swh_gov_domains
antivir.admin.ch,swh_gov_domains
antivir1.admin.ch,swh_gov_domains
antivir2.admin.ch,swh_gov_domains
antivir3.admin.ch,swh_gov_domains
antworten.admin.ch,swh_gov_domains
api.geo.admin.ch,swh_gov_domains
api4.geo.admin.ch,swh_gov_domains
apis-int.bfm.admin.ch,swh_gov_domains
apis-int.sem.admin.ch,swh_gov_domains
apis.admin.ch,swh_gov_domains
apis.bfm.admin.ch,swh_gov_domains
apis.sem.admin.ch,swh_gov_domains
apistore-a.estv.admin.ch,swh_gov_domains
apistore-r.estv.admin.ch,swh_gov_domains
apistore.estv.admin.ch,swh_gov_domains
app.eda.admin.ch,swh_gov_domains
app01-abna.bazl.admin.ch,swh_gov_domains
app01.bazl.admin.ch,swh_gov_domains
appgatesw.admin.ch,swh_gov_domains
appgsw.admin.ch,swh_gov_domains
appl.avam.bfi.admin.ch,swh_gov_domains
apps.ba.admin.ch,swh_gov_domains
apps.baspo.admin.ch,swh_gov_domains
apps.edoeb.admin.ch,swh_gov_domains
appsp.baspo.admin.ch,swh_gov_domains
appst.baspo.admin.ch,swh_gov_domains
aps.rastest.admin.ch,swh_gov_domains
aramis-a.admin.ch,swh_gov_domains
aramis.admin.ch,swh_gov_domains
arc98-2fa.ssltest.admin.ch,swh_gov_domains
arc98-sec-pw.ssl.admin.ch,swh_gov_domains
arc98-sec-pw.ssltest.admin.ch,swh_gov_domains
arc98-sec.ssl.admin.ch,swh_gov_domains
arc98-smartcard.ssl.admin.ch,swh_gov_domains
arc98-smartcard.ssltest.admin.ch,swh_gov_domains
arcgis-js-api.baustellen.astra.admin.ch,swh_gov_domains
arcgis-js-api.baustellen.pta.emrot.astra.admin.ch,swh_gov_domains
arcgis-js-api.baustellen.pta.emrot.vdv.admin.ch,swh_gov_domains
arcgis-js-api.baustellen.vdv.admin.ch,swh_gov_domains
arcgis-js-api.baustellen.vmz.admin.ch,swh_gov_domains
arcgis-js-api.in.baustellen.astra.admin.ch,swh_gov_domains
arcgis-js-api.in.baustellen.vmz.admin.ch,swh_gov_domains
arcgis-js-api.in.vm-ch.astra.admin.ch,swh_gov_domains
arcgis-js-api.in.vm-ch.vmz.admin.ch,swh_gov_domains
arcgis-js-api.sh.baustellen.astra.admin.ch,swh_gov_domains
arcgis-js-api.sh.baustellen.vmz.admin.ch,swh_gov_domains
arcgis-js-api.sh.vm-ch.astra.admin.ch,swh_gov_domains
arcgis-js-api.sh.vm-ch.vmz.admin.ch,swh_gov_domains
arcgis-js-api.tesi.astra.admin.ch,swh_gov_domains
arcgis-js-api.tesi.vdv.admin.ch,swh_gov_domains
arcgis-js-api.test.baustellen.astra.admin.ch,swh_gov_domains
arcgis-js-api.test.vm-ch.astra.admin.ch,swh_gov_domains
arcgis-js-api.vm-ch.astra.admin.ch,swh_gov_domains
arcgis-js-api.vm-ch.pta.emrot.astra.admin.ch,swh_gov_domains
arcgis-js-api.vm-ch.pta.emrot.vdv.admin.ch,swh_gov_domains
arcgis-js-api.vm-ch.vdv.admin.ch,swh_gov_domains
arcgis-js-api.vm-ch.vmz.admin.ch,swh_gov_domains
arcgis-js-api.vp.baustellen.astra.admin.ch,swh_gov_domains
arcgis-js-api.vp.baustellen.vmz.admin.ch,swh_gov_domains
arcgis-js-api.vp.vm-ch.astra.admin.ch,swh_gov_domains
arcgis-js-api.vp.vm-ch.vmz.admin.ch,swh_gov_domains
arco-a.bak.admin.ch,swh_gov_domains
arco-r.bak.admin.ch,swh_gov_domains
arco.bak.admin.ch,swh_gov_domains
are.admin.ch,swh_gov_domains
arelive.admin.ch,swh_gov_domains
art74ivg-t.bsv.admin.ch,swh_gov_domains
astat-en.blw.admin.ch,swh_gov_domains
astat-in.blw.admin.ch,swh_gov_domains
astat-public.blw.admin.ch,swh_gov_domains
astat-sh.blw.admin.ch,swh_gov_domains
astat.blw.admin.ch,swh_gov_domains
astra.admin.ch,swh_gov_domains
atlas.bfs.admin.ch,swh_gov_domains
ausbildung.ezv.admin.ch,swh_gov_domains
author-internet.vbs.admin.ch,swh_gov_domains
author-intranet.vbs.admin.ch,swh_gov_domains
author.eda.admin.ch,swh_gov_domains
autodiscover.parl.admin.ch,swh_gov_domains
av.eda.admin.ch,swh_gov_domains
avconf.admin.ch,swh_gov_domains
avconf.parl.admin.ch,swh_gov_domains
avconf01.eda.admin.ch,swh_gov_domains
avconf02.eda.admin.ch,swh_gov_domains
avdi-storefront-url-a.admin.ch,swh_gov_domains
avdi-storefront-url.admin.ch,swh_gov_domains
axtares.admin.ch,swh_gov_domains
b2bshop-i.admin.ch,swh_gov_domains
b2bshop-v.admin.ch,swh_gov_domains
b2bshop.admin.ch,swh_gov_domains
b2cshop-i.admin.ch,swh_gov_domains
b2cshop-v.admin.ch,swh_gov_domains
b2cshop.admin.ch,swh_gov_domains
ba-t.rastest.admin.ch,swh_gov_domains
ba.ssl.admin.ch,swh_gov_domains
ba.ssltest.admin.ch,swh_gov_domains
bab.ssl.admin.ch,swh_gov_domains
bab.ssltest.admin.ch,swh_gov_domains
babs.admin.ch,swh_gov_domains
bafu.admin.ch,swh_gov_domains
bag.admin.ch,swh_gov_domains
bak.admin.ch,swh_gov_domains
baklive.admin.ch,swh_gov_domains
bakom-r-nis.ssltest.admin.ch,swh_gov_domains
bakom.admin.ch,swh_gov_domains
bakomlive.admin.ch,swh_gov_domains
bar.admin.ch,swh_gov_domains
baupk.admin.ch,swh_gov_domains
baustellen.astra.admin.ch,swh_gov_domains
baustellen.pta.emrot.astra.admin.ch,swh_gov_domains
baustellen.pta.emrot.vdv.admin.ch,swh_gov_domains
baustellen.vdv.admin.ch,swh_gov_domains
baustellen.vmz.admin.ch,swh_gov_domains
bav-phoenix-a.admin.ch,swh_gov_domains
bav-phoenix.admin.ch,swh_gov_domains
bav.admin.ch,swh_gov_domains
bazl-eap.ras.admin.ch,swh_gov_domains
bazl-eap.rastest.admin.ch,swh_gov_domains
bazl.admin.ch,swh_gov_domains
bazlwork.admin.ch,swh_gov_domains
bbl.admin.ch,swh_gov_domains
bebera.ras.admin.ch,swh_gov_domains
bebera.rastest.admin.ch,swh_gov_domains
becc-a.admin.ch,swh_gov_domains
becc-r.admin.ch,swh_gov_domains
becc.admin.ch,swh_gov_domains
belba.baspo.admin.ch,swh_gov_domains
ber-webien3-01.vbs.inter.admin.ch,swh_gov_domains
beschaffung.admin.ch,swh_gov_domains
beschaffungsstellen.admin.ch,swh_gov_domains
best-i.vbs.admin.ch,swh_gov_domains
best.vbs.admin.ch,swh_gov_domains
beta-online-services.admin.ch,swh_gov_domains
bewilligungen.admin.ch,swh_gov_domains
bfe-anw.admin.ch,swh_gov_domains
bfe-anws.admin.ch,swh_gov_domains
bfe.admin.ch,swh_gov_domains
bfm.admin.ch,swh_gov_domains
bfs.admin.ch,swh_gov_domains
bfu.admin.ch,swh_gov_domains
bger-activesync.ras.admin.ch,swh_gov_domains
bger-activesync.rastest.admin.ch,swh_gov_domains
bger-intranet-2fa.ssltest.admin.ch,swh_gov_domains
bger-intranet.ssl.admin.ch,swh_gov_domains
bger-si-gt.ras.admin.ch,swh_gov_domains
bger-si-gt.rastest.admin.ch,swh_gov_domains
bger-thinlinc.ras.admin.ch,swh_gov_domains
bger-thinlinc.rastest.admin.ch,swh_gov_domains
bger-tlmail.ras.admin.ch,swh_gov_domains
bger-tlmail.rastest.admin.ch,swh_gov_domains
bger-webmail-2fa.ssltest.admin.ch,swh_gov_domains
bger-webmail.ras.admin.ch,swh_gov_domains
bi-en.admin.ch,swh_gov_domains
bi-in.admin.ch,swh_gov_domains
bi-vp.admin.ch,swh_gov_domains
bi.admin.ch,swh_gov_domains
bi.blw.admin.ch,swh_gov_domains
bit.admin.ch,swh_gov_domains
bit.geo.admin.ch,swh_gov_domains
bitzubis.admin.ch,swh_gov_domains
bj.admin.ch,swh_gov_domains
bk.admin.ch,swh_gov_domains
bkb.admin.ch,swh_gov_domains
bkt.ccis.admin.ch,swh_gov_domains
blog.bwo.admin.ch,swh_gov_domains
blog.cadastre.admin.ch,swh_gov_domains
blog.edoeb.admin.ch,swh_gov_domains
blog.geo.admin.ch,swh_gov_domains
blog.oerebk.admin.ch,swh_gov_domains
blog.stelle.admin.ch,swh_gov_domains
blog.zivi.admin.ch,swh_gov_domains
blv.admin.ch,swh_gov_domains
blw.admin.ch,swh_gov_domains
brz.eda.admin.ch,swh_gov_domains
bsv.admin.ch,swh_gov_domains
bsvlive.admin.ch,swh_gov_domains
btm.admin.ch,swh_gov_domains
bugtracker-i.vbs.admin.ch,swh_gov_domains
bugtracker.vbs.admin.ch,swh_gov_domains
bundespublikationen.admin.ch,swh_gov_domains
bundesreisenzentrale.admin.ch,swh_gov_domains
bundesreisezentrale.admin.ch,swh_gov_domains
burweb.bfs.admin.ch,swh_gov_domains
burweb2-a.admin.ch,swh_gov_domains
burweb2-a.bfs.admin.ch,swh_gov_domains
burweb2-r.admin.ch,swh_gov_domains
burweb2-r.bfs.admin.ch,swh_gov_domains
burweb2.admin.ch,swh_gov_domains
burweb2.bfs.admin.ch,swh_gov_domains
burwebextractionmgmt.bfs.admin.ch,swh_gov_domains
burwebxml.bfs.admin.ch,swh_gov_domains
business-test.bfs.admin.ch,swh_gov_domains
bv34.admin.ch,swh_gov_domains
bvz.admin.ch,swh_gov_domains
bwl-extranet.admin.ch,swh_gov_domains
bwl.admin.ch,swh_gov_domains
bwo.admin.ch,swh_gov_domains
bzpa-a.admin.ch,swh_gov_domains
bzpa.admin.ch,swh_gov_domains
ca-sbpi.seco.admin.ch,swh_gov_domains
ca-sbpp.seco.admin.ch,swh_gov_domains
canis-olympus-i.vbs.admin.ch,swh_gov_domains
canis-olympus-t.vbs.admin.ch,swh_gov_domains
canis-olympus.vbs.admin.ch,swh_gov_domains
carecube-a.bfs.admin.ch,swh_gov_domains
carecube-p.bfs.admin.ch,swh_gov_domains
carecube.bfs.admin.ch,swh_gov_domains
carta.geo.admin.ch,swh_gov_domains
carte.geo.admin.ch,swh_gov_domains
carunfall.admin.ch,swh_gov_domains
cc-gever-wiki.ejpd.admin.ch,swh_gov_domains
ccis.admin.ch,swh_gov_domains
certificate-renewal.a-pki.admin.ch,swh_gov_domains
certificate-renewal.pki.admin.ch,swh_gov_domains
certificate-renewal.r-pki.admin.ch,swh_gov_domains
certificaterenewal.pki.admin.ch,swh_gov_domains
certipro-2fa.ssltest.admin.ch,swh_gov_domains
certipro.ssl.admin.ch,swh_gov_domains
certlogin.ezivi-sh.admin.ch,swh_gov_domains
certlogin.ezivi.admin.ch,swh_gov_domains
certlogin.isceco.admin.ch,swh_gov_domains
certlogin.suissetax.estv.admin.ch,swh_gov_domains
certrenewal.a-pki.admin.ch,swh_gov_domains
certrenewal.pki.admin.ch,swh_gov_domains
cfej.admin.ch,swh_gov_domains
cfig.admin.ch,swh_gov_domains
ch-edoc-passantrag.admin.ch,swh_gov_domains
ch-edoc-reservation.admin.ch,swh_gov_domains
charta.geo.admin.ch,swh_gov_domains
chat.geo.admin.ch,swh_gov_domains
chatworld.eda.admin.ch,swh_gov_domains
chm.mwst-a.estv.admin.ch,swh_gov_domains
chm.mwst.estv.admin.ch,swh_gov_domains
ci.geo.admin.ch,swh_gov_domains
ci.lt.admin.ch,swh_gov_domains
cib-publica-2fa.ssltest.admin.ch,swh_gov_domains
cib-publica.ssl.admin.ch,swh_gov_domains
cib.publica.adr.admin.ch,swh_gov_domains
cidi.bit.admin.ch,swh_gov_domains
classifications.data.admin.ch,swh_gov_domains
cleantech.admin.ch,swh_gov_domains
cmc.a-pki.admin.ch,swh_gov_domains
cmc.pki.admin.ch,swh_gov_domains
cminit.a-pki.admin.ch,swh_gov_domains
cms-a.bfs.admin.ch,swh_gov_domains
cms-a.bk.admin.ch,swh_gov_domains
cms-a1.admin.ch,swh_gov_domains
cms-agroscope-2fa.ssltest.admin.ch,swh_gov_domains
cms-agroscope.ssl.admin.ch,swh_gov_domains
cms-are2.ssl.admin.ch,swh_gov_domains
cms-auth-i.vbs.admin.ch,swh_gov_domains
cms-auth.vbs.admin.ch,swh_gov_domains
cms-bag4.ssl.admin.ch,swh_gov_domains
cms-content-a.admin.ch,swh_gov_domains
cms-content2-a.admin.ch,swh_gov_domains
cms-content3-a.admin.ch,swh_gov_domains
cms-ebg.ssl.admin.ch,swh_gov_domains
cms-efvintra.ssl.admin.ch,swh_gov_domains
cms-etapp-a.admin.ch,swh_gov_domains
cms-etapp-bo-a.admin.ch,swh_gov_domains
cms-etapp-bo-r.admin.ch,swh_gov_domains
cms-etapp-r.admin.ch,swh_gov_domains
cms-etapp.admin.ch,swh_gov_domains
cms-etcount-a.admin.ch,swh_gov_domains
cms-etcount-r.admin.ch,swh_gov_domains
cms-etcount.admin.ch,swh_gov_domains
cms-i.vbs.admin.ch,swh_gov_domains
cms-kmuinfo2.ssl.admin.ch,swh_gov_domains
cms-p1.admin.ch,swh_gov_domains
cms-r1.admin.ch,swh_gov_domains
cms-r2.admin.ch,swh_gov_domains
cms-s.admin.ch,swh_gov_domains
cms-secobf.ssl.admin.ch,swh_gov_domains
cms-secoet3.ssl.admin.ch,swh_gov_domains
cms-suisseid.ssl.admin.ch,swh_gov_domains
cms-t1.admin.ch,swh_gov_domains
cms-t2.admin.ch,swh_gov_domains
cms-t3.admin.ch,swh_gov_domains
cms-temp3.admin.ch,swh_gov_domains
cms.atlas.bfs.admin.ch,swh_gov_domains
cms.bfe.admin.ch,swh_gov_domains
cms.geo.admin.ch,swh_gov_domains
cms.vbs.admin.ch,swh_gov_domains
cmsa.admin.ch,swh_gov_domains
cmsd-a.admin.ch,swh_gov_domains
cmsd-r.admin.ch,swh_gov_domains
cmsd.admin.ch,swh_gov_domains
cmshosting.admin.ch,swh_gov_domains
cmsp-a1.admin.ch,swh_gov_domains
cmsp-p1.admin.ch,swh_gov_domains
cmsp-r.admin.ch,swh_gov_domains
cmsp-r1.admin.ch,swh_gov_domains
cmsp-r2.admin.ch,swh_gov_domains
cmsp-r3.admin.ch,swh_gov_domains
cmsp-s.admin.ch,swh_gov_domains
cmsp-t1.admin.ch,swh_gov_domains
cmsp-t2.admin.ch,swh_gov_domains
cmsp-t3.admin.ch,swh_gov_domains
cmsp1-a.admin.ch,swh_gov_domains
cmsp1-r.admin.ch,swh_gov_domains
cmsp1.admin.ch,swh_gov_domains
cmsp10.admin.ch,swh_gov_domains
cmsp11.admin.ch,swh_gov_domains
cmsp2-a.admin.ch,swh_gov_domains
cmsp2-r.admin.ch,swh_gov_domains
cmsp2.admin.ch,swh_gov_domains
cmsp3-a.admin.ch,swh_gov_domains
cmsp3-r.admin.ch,swh_gov_domains
cmsp3.admin.ch,swh_gov_domains
cmsp4-a.admin.ch,swh_gov_domains
cmsp4-r.admin.ch,swh_gov_domains
cmsp4.admin.ch,swh_gov_domains
cmsp6-a.admin.ch,swh_gov_domains
cmsp6.admin.ch,swh_gov_domains
cmsp7-a.admin.ch,swh_gov_domains
cmsp7.admin.ch,swh_gov_domains
cmsp8-a.admin.ch,swh_gov_domains
cmsp8.admin.ch,swh_gov_domains
cmsp9.admin.ch,swh_gov_domains
cmspa.admin.ch,swh_gov_domains
code-a.admin.ch,swh_gov_domains
code-en.admin.ch,swh_gov_domains
code-in.admin.ch,swh_gov_domains
code-p.admin.ch,swh_gov_domains
code-vp.admin.ch,swh_gov_domains
code.admin.ch,swh_gov_domains
coff-ekff.admin.ch,swh_gov_domains
coi-wiki.bfm.admin.ch,swh_gov_domains
collab-a.astra.admin.ch,swh_gov_domains
collab-a.bfe.admin.ch,swh_gov_domains
collab-t.astra.admin.ch,swh_gov_domains
collab.astra.admin.ch,swh_gov_domains
collab.bfe.admin.ch,swh_gov_domains
collab2.astra.admin.ch,swh_gov_domains
collab2.bfe.admin.ch,swh_gov_domains
collaboration.eda.admin.ch,swh_gov_domains
comcom.admin.ch,swh_gov_domains
commonapps.eda.admin.ch,swh_gov_domains
communes.bfs.admin.ch,swh_gov_domains
compass.bsv.admin.ch,swh_gov_domains
confluence-a.estv.admin.ch,swh_gov_domains
confluence.estv.admin.ch,swh_gov_domains
connect.bakom.admin.ch,swh_gov_domains
consommation.admin.ch,swh_gov_domains
consumo.admin.ch,swh_gov_domains
csr.a-pki.admin.ch,swh_gov_domains
csr.pki.admin.ch,swh_gov_domains
ctianalytics-a.kti.admin.ch,swh_gov_domains
ctianalytics.kti.admin.ch,swh_gov_domains
ctiprojects-en.admin.ch,swh_gov_domains
ctiprojects-in.admin.ch,swh_gov_domains
ctiprojects-sh.admin.ch,swh_gov_domains
ctiprojects-vp.admin.ch,swh_gov_domains
ctiprojects.admin.ch,swh_gov_domains
cug-ir.efk.admin.ch,swh_gov_domains
cug-kt.efk.admin.ch,swh_gov_domains
cug.efk.admin.ch,swh_gov_domains
cvtool.eda.admin.ch,swh_gov_domains
cw2015.eda.admin.ch,swh_gov_domains
cybercrime.admin.ch,swh_gov_domains
cyberlg.vtg.admin.ch,swh_gov_domains
d-nsbs-a.admin.ch,swh_gov_domains
d-nsbs-p.admin.ch,swh_gov_domains
d-nsbs-r.admin.ch,swh_gov_domains
dam-a.admin.ch,swh_gov_domains
dam.admin.ch,swh_gov_domains
dashboard.geo.admin.ch,swh_gov_domains
data.admin.ch,swh_gov_domains
datareg.admin.ch,swh_gov_domains
dav0.bgdi.admin.ch,swh_gov_domains
db-alp.admin.ch,swh_gov_domains
db.geo.admin.ch,swh_gov_domains
dbadmin-i.vbs.admin.ch,swh_gov_domains
dbadmin.vbs.admin.ch,swh_gov_domains
defr.admin.ch,swh_gov_domains
demo.eiam-a.admin.ch,swh_gov_domains
demo.eiam-r.admin.ch,swh_gov_domains
demo.eiam.admin.ch,swh_gov_domains
demo.geo.admin.ch,swh_gov_domains
demo.lt.admin.ch,swh_gov_domains
deploy.geo.admin.ch,swh_gov_domains
deposit.e-helvetica.nb.admin.ch,swh_gov_domains
dev.bgdi.admin.ch,swh_gov_domains
dev.geo.admin.ch,swh_gov_domains
dev.lt.admin.ch,swh_gov_domains
dev.regress.admin.ch,swh_gov_domains
dev.ssltest.admin.ch,swh_gov_domains
deza.admin.ch,swh_gov_domains
dfae.admin.ch,swh_gov_domains
dialin.admin.ch,swh_gov_domains
dialin.eda.admin.ch,swh_gov_domains
digame.mediathek.admin.ch,swh_gov_domains
digipen.bazl.admin.ch,swh_gov_domains
dmailhost.admin.ch,swh_gov_domains
documents-scms.a-pki.admin.ch,swh_gov_domains
documents.scms.pki.admin.ch,swh_gov_domains
dores.admin.ch,swh_gov_domains
download.a-pki.admin.ch,swh_gov_domains
dppoc-gateway-r.admin.ch,swh_gov_domains
duke-i.vbs.admin.ch,swh_gov_domains
duke-test.vbs.admin.ch,swh_gov_domains
duke.vbs.admin.ch,swh_gov_domains
dwh1-2fa.ssltest.admin.ch,swh_gov_domains
dwh1-sec.ssl.admin.ch,swh_gov_domains
dwh1-smartcard.ssl.admin.ch,swh_gov_domains
dwh1-smartcard.ssltest.admin.ch,swh_gov_domains
dynamo.geo.admin.ch,swh_gov_domains
e-cites-a.admin.ch,swh_gov_domains
e-cites-a2.admin.ch,swh_gov_domains
e-cites.admin.ch,swh_gov_domains
e-commerce-guide.admin.ch,swh_gov_domains
e-dec-web-a.ezv.admin.ch,swh_gov_domains
e-dec-web-a.ssl.admin.ch,swh_gov_domains
e-dec-web-a.ssltest.admin.ch,swh_gov_domains
e-dec-web-r.ezv.admin.ch,swh_gov_domains
e-dec-web.ezv.admin.ch,swh_gov_domains
e-dec-web.ssl.admin.ch,swh_gov_domains
e-helvetica-a.nb.admin.ch,swh_gov_domains
e-helvetica-r.nb.admin.ch,swh_gov_domains
e-helvetica.nb.admin.ch,swh_gov_domains
e-parl.admin.ch,swh_gov_domains
e-service.admin.ch,swh_gov_domains
eaer.admin.ch,swh_gov_domains
eak.admin.ch,swh_gov_domains
eap-r.rastest.admin.ch,swh_gov_domains
eap.rastest.admin.ch,swh_gov_domains
eas.mwp.vtg.admin.ch,swh_gov_domains
east.mwp.vtg.admin.ch,swh_gov_domains
eav.admin.ch,swh_gov_domains
ebanking.skb.admin.ch,swh_gov_domains
ebd.abn.ezv.admin.ch,swh_gov_domains
ebd.ezv.admin.ch,swh_gov_domains
ebd.prod.ezv.admin.ch,swh_gov_domains
ebd.ref.ezv.admin.ch,swh_gov_domains
ebegleitdokumente.app.atlantica.admin.ch,swh_gov_domains
ebg.admin.ch,swh_gov_domains
ebglive.admin.ch,swh_gov_domains
ecensus-a.admin.ch,swh_gov_domains
ecogen.admin.ch,swh_gov_domains
eda.admin.ch,swh_gov_domains
edavis.eda.admin.ch,swh_gov_domains
edb-a.admin.ch,swh_gov_domains
edb-r.admin.ch,swh_gov_domains
edb.admin.ch,swh_gov_domains
edec-a.ezv.admin.ch,swh_gov_domains
edec-r.ezv.admin.ch,swh_gov_domains
edec.ezv.admin.ch,swh_gov_domains
edez.ezv.admin.ch,swh_gov_domains
edge.eda.admin.ch,swh_gov_domains
edi-ekr.admin.ch,swh_gov_domains
edi.admin.ch,swh_gov_domains
edoc-ejpd.pki.admin.ch,swh_gov_domains
edoeb.admin.ch,swh_gov_domains
edu.evera.eda.admin.ch,swh_gov_domains
edu.gwr.bfs.admin.ch,swh_gov_domains
eduadmin.bit.admin.ch,swh_gov_domains
educms.admin.ch,swh_gov_domains
eek.admin.ch,swh_gov_domains
efbs.admin.ch,swh_gov_domains
efd.admin.ch,swh_gov_domains
efk-test.admin.ch,swh_gov_domains
efk.admin.ch,swh_gov_domains
eformular-a.admin.ch,swh_gov_domains
eformular.admin.ch,swh_gov_domains
efv.admin.ch,swh_gov_domains
egate.admin.ch,swh_gov_domains
egov.evd.admin.ch,swh_gov_domains
egris.admin.ch,swh_gov_domains
eis-in.zivi.admin.ch,swh_gov_domains
eis.zivi.admin.ch,swh_gov_domains
eisbrecher.bit.admin.ch,swh_gov_domains
ejpd.admin.ch,swh_gov_domains
ejpdxn0030.admin.ch,swh_gov_domains
ekf.admin.ch,swh_gov_domains
ekff-coff.admin.ch,swh_gov_domains
ekff.admin.ch,swh_gov_domains
ekkj.admin.ch,swh_gov_domains
ekm.admin.ch,swh_gov_domains
ekt.ccis.admin.ch,swh_gov_domains
ekwto.admin.ch,swh_gov_domains
elcom.admin.ch,swh_gov_domains
elcomdata-a.admin.ch,swh_gov_domains
elcomdata-t.admin.ch,swh_gov_domains
elcomdata.admin.ch,swh_gov_domains
elearning.sem.admin.ch,swh_gov_domains
elections.admin.ch,swh_gov_domains
elezioni.admin.ch,swh_gov_domains
elic-client.admin.ch,swh_gov_domains
elic-en.admin.ch,swh_gov_domains
elic-idm.admin.ch,swh_gov_domains
elic-in.admin.ch,swh_gov_domains
elic-service.bfi.admin.ch,swh_gov_domains
elic-vp.admin.ch,swh_gov_domains
elic.admin.ch,swh_gov_domains
elic.wbf.admin.ch,swh_gov_domains
elicensing-a.admin.ch,swh_gov_domains
elicensing.admin.ch,swh_gov_domains
elorge.admin.ch,swh_gov_domains
elorgeintg.admin.ch,swh_gov_domains
emapis-en.admin.ch,swh_gov_domains
emapis-es.admin.ch,swh_gov_domains
emapis-in.admin.ch,swh_gov_domains
emapis-vp.admin.ch,swh_gov_domains
emapis.admin.ch,swh_gov_domains
emek.admin.ch,swh_gov_domains
emissionsregistry-aa.admin.ch,swh_gov_domains
emissionsregistry.admin.ch,swh_gov_domains
energie-vorbild.admin.ch,swh_gov_domains
eo-daten.admin.ch,swh_gov_domains
eofcom-a.admin.ch,swh_gov_domains
eofcom-r.admin.ch,swh_gov_domains
eofcom.admin.ch,swh_gov_domains
epa.admin.ch,swh_gov_domains
epo.ejpd.admin.ch,swh_gov_domains
eport.lmsvbs.admin.ch,swh_gov_domains
erweiterungsbeitrag.admin.ch,swh_gov_domains
es-i.vbs.admin.ch,swh_gov_domains
es.vbs.admin.ch,swh_gov_domains
esbk.admin.ch,swh_gov_domains
eschk.admin.ch,swh_gov_domains
esti.admin.ch,swh_gov_domains
estv.admin.ch,swh_gov_domains
estv2.admin.ch,swh_gov_domains
esurvey-a.bfs.admin.ch,swh_gov_domains
esurvey-t-transerver.idzedi.admin.ch,swh_gov_domains
esurvey-t.idzedi.admin.ch,swh_gov_domains
esurvey-transerver.idzedi.admin.ch,swh_gov_domains
esurvey.admin.ch,swh_gov_domains
esurvey.bfs.admin.ch,swh_gov_domains
esurvey.idzedi.admin.ch,swh_gov_domains
etc-a.bit.admin.ch,swh_gov_domains
etierversuche-2fa.ssltest.admin.ch,swh_gov_domains
etierversuche-en-2fa.ssltest.admin.ch,swh_gov_domains
etierversuche-en-sec.ssl.admin.ch,swh_gov_domains
etierversuche-in-2fa.ssltest.admin.ch,swh_gov_domains
etierversuche-in-sec.ssl.admin.ch,swh_gov_domains
etierversuche-sec.ssl.admin.ch,swh_gov_domains
etierversuche-vp-2fa.ssltest.admin.ch,swh_gov_domains
etierversuche-vp-sec.ssl.admin.ch,swh_gov_domains
events.eda.admin.ch,swh_gov_domains
evera.eda.admin.ch,swh_gov_domains
eversteigerung-2fa.ssltest.admin.ch,swh_gov_domains
eversteigerung.ssl.admin.ch,swh_gov_domains
ews-a.admin.ch,swh_gov_domains
ews.admin.ch,swh_gov_domains
ex1.lmsvbs.admin.ch,swh_gov_domains
ex4.lmsvbs.admin.ch,swh_gov_domains
ex6.lmsvbs.admin.ch,swh_gov_domains
exonaut.admin.ch,swh_gov_domains
experimental.bfs.admin.ch,swh_gov_domains
expired-ev.pki.admin.ch,swh_gov_domains
expired-ov.pki.admin.ch,swh_gov_domains
ext.d-nsbp-a.admin.ch,swh_gov_domains
ext.d-nsbp-p.admin.ch,swh_gov_domains
ext.d-nsbp-r.admin.ch,swh_gov_domains
extranet.isos.bak.admin.ch,swh_gov_domains
exum.admin.ch,swh_gov_domains
ezivi-en.admin.ch,swh_gov_domains
ezivi-en2.admin.ch,swh_gov_domains
ezivi-in.admin.ch,swh_gov_domains
ezivi-sh.admin.ch,swh_gov_domains
ezivi-vp.admin.ch,swh_gov_domains
ezivi.admin.ch,swh_gov_domains
eziviks-wiki.zivi.admin.ch,swh_gov_domains
ezv.admin.ch,swh_gov_domains
ezvlive.admin.ch,swh_gov_domains
fdfa.admin.ch,swh_gov_domains
feature.geo.admin.ch,swh_gov_domains
fedpol.admin.ch,swh_gov_domains
feds-poc.eiam.admin.ch,swh_gov_domains
feds-t.eiam.admin.ch,swh_gov_domains
file.geo.admin.ch,swh_gov_domains
filemaker.estv.admin.ch,swh_gov_domains
files.admin.ch,swh_gov_domains
files.gate-a.astra.admin.ch,swh_gov_domains
files.gate-r.astra.admin.ch,swh_gov_domains
files.gate.astra.admin.ch,swh_gov_domains
files.geo.admin.ch,swh_gov_domains
first.finma.admin.ch,swh_gov_domains
firstgre.finma.admin.ch,swh_gov_domains
firstgrepre.finma.admin.ch,swh_gov_domains
firstgretest.finma.admin.ch,swh_gov_domains
firstpre.finma.admin.ch,swh_gov_domains
firsttest.finma.admin.ch,swh_gov_domains
fki.admin.ch,swh_gov_domains
fkr-gesu-web-r-temp.astra.admin.ch,swh_gov_domains
fkr-gesu-web-r.astra.admin.ch,swh_gov_domains
fkr-gesu-web.astra.admin.ch,swh_gov_domains
fkr-verw-rest-a.astra.admin.ch,swh_gov_domains
fkr-verw-rest-r.astra.admin.ch,swh_gov_domains
fkr-verw-rest.astra.admin.ch,swh_gov_domains
fkr-verw-web-a-temp.astra.admin.ch,swh_gov_domains
fkr-verw-web-r-temp.astra.admin.ch,swh_gov_domains
fkr-verw-web-temp.astra.admin.ch,swh_gov_domains
fkr-verw-ws-a-wsg.astra.admin.ch,swh_gov_domains
fkr-verw-ws-a.astra.admin.ch,swh_gov_domains
fkr-verw-ws-r.astra.admin.ch,swh_gov_domains
fkr-verw-ws.astra.admin.ch,swh_gov_domains
fkr-verw-wsg-out.astra.admin.ch,swh_gov_domains
flightnet-abna.bazl.admin.ch,swh_gov_domains
flow.eda.admin.ch,swh_gov_domains
fms.bakom.admin.ch,swh_gov_domains
forms-a.admin.ch,swh_gov_domains
forms.admin.ch,swh_gov_domains
forms.bak.admin.ch,swh_gov_domains
forst-stat-a.bfs.admin.ch,swh_gov_domains
forst-stat.bfs.admin.ch,swh_gov_domains
fp.admin.ch,swh_gov_domains
fp.vegate.admin.ch,swh_gov_domains
fptest.admin.ch,swh_gov_domains
fs.ezv.admin.ch,swh_gov_domains
fsdi.admin.ch,swh_gov_domains
fts-a.admin.ch,swh_gov_domains
fts.admin.ch,swh_gov_domains
fwiczoa-obm.nms.admin.ch,swh_gov_domains
fwiczoa.nms.admin.ch,swh_gov_domains
g2020-info.admin.ch,swh_gov_domains
gate-a.astra.admin.ch,swh_gov_domains
gate-a.avampoc.admin.ch,swh_gov_domains
gate-a.bafu.admin.ch,swh_gov_domains
gate-a.bag.admin.ch,swh_gov_domains
gate-a.bak.admin.ch,swh_gov_domains
gate-a.bar.admin.ch,swh_gov_domains
gate-a.bav.admin.ch,swh_gov_domains
gate-a.bfe.admin.ch,swh_gov_domains
gate-a.bfm.admin.ch,swh_gov_domains
gate-a.bfs.admin.ch,swh_gov_domains
gate-a.bit.admin.ch,swh_gov_domains
gate-a.bk.admin.ch,swh_gov_domains
gate-a.bsv.admin.ch,swh_gov_domains
gate-a.eav.admin.ch,swh_gov_domains
gate-a.eda.admin.ch,swh_gov_domains
gate-a.edi.admin.ch,swh_gov_domains
gate-a.eiam.admin.ch,swh_gov_domains
gate-a.elcom.admin.ch,swh_gov_domains
gate-a.estv.admin.ch,swh_gov_domains
gate-a.ezv.admin.ch,swh_gov_domains
gate-a.harrods.admin.ch,swh_gov_domains
gate-a.publica.admin.ch,swh_gov_domains
gate-a.sem.admin.ch,swh_gov_domains
gate-a.zas.admin.ch,swh_gov_domains
gate-d.bafu.admin.ch,swh_gov_domains
gate-d.harrods.admin.ch,swh_gov_domains
gate-r.astra.admin.ch,swh_gov_domains
gate-r.bafu.admin.ch,swh_gov_domains
gate-r.bag.admin.ch,swh_gov_domains
gate-r.bak.admin.ch,swh_gov_domains
gate-r.bakom.admin.ch,swh_gov_domains
gate-r.bar.admin.ch,swh_gov_domains
gate-r.bav.admin.ch,swh_gov_domains
gate-r.bfe.admin.ch,swh_gov_domains
gate-r.bfm.admin.ch,swh_gov_domains
gate-r.bfs.admin.ch,swh_gov_domains
gate-r.bit.admin.ch,swh_gov_domains
gate-r.bsv.admin.ch,swh_gov_domains
gate-r.ccsap.admin.ch,swh_gov_domains
gate-r.eav.admin.ch,swh_gov_domains
gate-r.edi.admin.ch,swh_gov_domains
gate-r.eiam.admin.ch,swh_gov_domains
gate-r.estv.admin.ch,swh_gov_domains
gate-r.harrods.admin.ch,swh_gov_domains
gate-r.publica.admin.ch,swh_gov_domains
gate-r.sem.admin.ch,swh_gov_domains
gate.astra.admin.ch,swh_gov_domains
gate.bafu.admin.ch,swh_gov_domains
gate.bag.admin.ch,swh_gov_domains
gate.bak.admin.ch,swh_gov_domains
gate.bar.admin.ch,swh_gov_domains
gate.bav.admin.ch,swh_gov_domains
gate.bfe.admin.ch,swh_gov_domains
gate.bfm.admin.ch,swh_gov_domains
gate.bfs.admin.ch,swh_gov_domains
gate.bit.admin.ch,swh_gov_domains
gate.bk.admin.ch,swh_gov_domains
gate.bsv.admin.ch,swh_gov_domains
gate.eav.admin.ch,swh_gov_domains
gate.eda.admin.ch,swh_gov_domains
gate.edi.admin.ch,swh_gov_domains
gate.eiam.admin.ch,swh_gov_domains
gate.elcom.admin.ch,swh_gov_domains
gate.estv.admin.ch,swh_gov_domains
gate.ezv.admin.ch,swh_gov_domains
gate.publica.admin.ch,swh_gov_domains
gate.sem.admin.ch,swh_gov_domains
gate.zas.admin.ch,swh_gov_domains
gebpbfe-i.admin.ch,swh_gov_domains
gebpbfe-s.admin.ch,swh_gov_domains
gebpbfe.admin.ch,swh_gov_domains
geca-test.zas.admin.ch,swh_gov_domains
geca.zas.admin.ch,swh_gov_domains
geo.admin.ch,swh_gov_domains
geoadmin.ch,swh_gov_domains
geocat.admin.ch,swh_gov_domains
geocat.lt.admin.ch,swh_gov_domains
geodata01.admin.ch,swh_gov_domains
geodesy.geo.admin.ch,swh_gov_domains
gesbg.admin.ch,swh_gov_domains
get-cert.gate-a.eiam.admin.ch,swh_gov_domains
get-cert.gate.eiam.admin.ch,swh_gov_domains
gever.assessment.bar.admin.ch,swh_gov_domains
gewawebintg.fedpol.admin.ch,swh_gov_domains
gin-a.admin.ch,swh_gov_domains
gin-r.admin.ch,swh_gov_domains
gin.admin.ch,swh_gov_domains
gin5-a.admin.ch,swh_gov_domains
gin5.admin.ch,swh_gov_domains
git.geo.admin.ch,swh_gov_domains
git.isceco.admin.ch,swh_gov_domains
gov-int.mobile.admin.ch,swh_gov_domains
gov-ref.mobile.admin.ch,swh_gov_domains
gov-sur.bit.admin.ch,swh_gov_domains
govcert.admin.ch,swh_gov_domains
gpv.astra.admin.ch,swh_gov_domains
group.eda.admin.ch,swh_gov_domains
gruenewirtschaft.admin.ch,swh_gov_domains
gtarga-2fa.ssltest.admin.ch,swh_gov_domains
gtarga.ssl.admin.ch,swh_gov_domains
gw-int.mobile.admin.ch,swh_gov_domains
gw-ref.mobile.admin.ch,swh_gov_domains
height.geo.admin.ch,swh_gov_domains
help.geo.admin.ch,swh_gov_domains
helpapvs.wiki.bag.admin.ch,swh_gov_domains
helveticarchives-a.admin.ch,swh_gov_domains
helveticarchives-temp-a.admin.ch,swh_gov_domains
helveticarchives-temp.admin.ch,swh_gov_domains
helveticarchives.admin.ch,swh_gov_domains
hermes.admin.ch,swh_gov_domains
hesta-a.bfs.admin.ch,swh_gov_domains
hesta-p.bfs.admin.ch,swh_gov_domains
hesta.bfs.admin.ch,swh_gov_domains
historicalmaps.geo.admin.ch,swh_gov_domains
historicalmaps0.geo.admin.ch,swh_gov_domains
historicalmaps1.geo.admin.ch,swh_gov_domains
historicalmaps2.geo.admin.ch,swh_gov_domains
historicalmaps3.geo.admin.ch,swh_gov_domains
historicalmaps4.geo.admin.ch,swh_gov_domains
hsstat-a.bfs.admin.ch,swh_gov_domains
hsstat-r.bfs.admin.ch,swh_gov_domains
hsstat.bfs.admin.ch,swh_gov_domains
hydrodaten.admin.ch,swh_gov_domains
hydrogeo.astra.admin.ch,swh_gov_domains
i07ssz.iegate.admin.ch,swh_gov_domains
i10ssz.iegate.admin.ch,swh_gov_domains
i11ssz.iegate.admin.ch,swh_gov_domains
i12ci.iegate.admin.ch,swh_gov_domains
i12ssz.iegate.admin.ch,swh_gov_domains
i15ci.iegate.admin.ch,swh_gov_domains
i15ssz.iegate.admin.ch,swh_gov_domains
i36fpn.iegate.admin.ch,swh_gov_domains
i65ssz.iegate.admin.ch,swh_gov_domains
i72ssz.iegate.admin.ch,swh_gov_domains
i72ssz.vegate.admin.ch,swh_gov_domains
i7wweb.iegate.admin.ch,swh_gov_domains
i91ssz.iegate.admin.ch,swh_gov_domains
i93ssz.iegate.admin.ch,swh_gov_domains
iam-a.bag.admin.ch,swh_gov_domains
iam-cug-a.bag.admin.ch,swh_gov_domains
iam-cug-k.bag.admin.ch,swh_gov_domains
iam-cug-r.bag.admin.ch,swh_gov_domains
iam-cug.bag.admin.ch,swh_gov_domains
iam-k.bag.admin.ch,swh_gov_domains
iam-r.bag.admin.ch,swh_gov_domains
iam.adura.blv.admin.ch,swh_gov_domains
iam.bag.admin.ch,swh_gov_domains
iam.geo.admin.ch,swh_gov_domains
ictax-i.admin.ch,swh_gov_domains
ictax.admin.ch,swh_gov_domains
identity-a.ezv.admin.ch,swh_gov_domains
identity-d.ezv.admin.ch,swh_gov_domains
identity-r.ezv.admin.ch,swh_gov_domains
identity.ezv.admin.ch,swh_gov_domains
idm-a.admin.ch,swh_gov_domains
idm-r.admin.ch,swh_gov_domains
idm.admin.ch,swh_gov_domains
idp-base.gate-a.eiam.admin.ch,swh_gov_domains
idp-base.gate-r.eiam.admin.ch,swh_gov_domains
idp-base.gate.eiam.admin.ch,swh_gov_domains
idp-cert-int.gate-r.eiam.admin.ch,swh_gov_domains
idp-cert-lisign.iam.isceco.admin.ch,swh_gov_domains
idp-cert-suisseid.iam.isceco.admin.ch,swh_gov_domains
idp-cert-swissgov.iam.isceco.admin.ch,swh_gov_domains
idp-cert.gate-a.eiam.admin.ch,swh_gov_domains
idp-cert.gate-r.eiam.admin.ch,swh_gov_domains
idp-cert.gate.eiam.admin.ch,swh_gov_domains
idp-kerb-int.gate-a.eiam.admin.ch,swh_gov_domains
idp-kerb-int.gate-r.eiam.admin.ch,swh_gov_domains
idp-kerb-int.gate.eiam.admin.ch,swh_gov_domains
idp-med-a.admin.ch,swh_gov_domains
idp-med-r.admin.ch,swh_gov_domains
idp-med.admin.ch,swh_gov_domains
idp-otp-a.admin.ch,swh_gov_domains
idp-otp.admin.ch,swh_gov_domains
idp-sap.egate.admin.ch,swh_gov_domains
idp-sap.iegate.admin.ch,swh_gov_domains
idp-sap.vegate.admin.ch,swh_gov_domains
iegate.admin.ch,swh_gov_domains
iepfpn.iegate.admin.ch,swh_gov_domains
ies.admin.ch,swh_gov_domains
in.baustellen.astra.admin.ch,swh_gov_domains
in.baustellen.vmz.admin.ch,swh_gov_domains
in.vm-ch.astra.admin.ch,swh_gov_domains
in.vm-ch.vmz.admin.ch,swh_gov_domains
indikatoren.admin.ch,swh_gov_domains
info.gin.admin.ch,swh_gov_domains
infoafam-a.zas.admin.ch,swh_gov_domains
infoafam.zas.admin.ch,swh_gov_domains
infopers-2fa.ssltest.admin.ch,swh_gov_domains
infopers.ssl.admin.ch,swh_gov_domains
inforegister-test.zas.admin.ch,swh_gov_domains
inforegister.zas.admin.ch,swh_gov_domains
infosm.blv.admin.ch,swh_gov_domains
infosm.bvet.admin.ch,swh_gov_domains
infosm2.bvet.admin.ch,swh_gov_domains
infra.geo.admin.ch,swh_gov_domains
infra.lt.admin.ch,swh_gov_domains
inooufkn.eda.admin.ch,swh_gov_domains
insb-r.bit.admin.ch,swh_gov_domains
insm-r.bit.admin.ch,swh_gov_domains
inss-r.bit.admin.ch,swh_gov_domains
int-brz.eda.admin.ch,swh_gov_domains
int-chatworld.eda.admin.ch,swh_gov_domains
int-commonapps.eda.admin.ch,swh_gov_domains
int-flow.eda.admin.ch,swh_gov_domains
int-interactive.eda.admin.ch,swh_gov_domains
int-ioelections.eda.admin.ch,swh_gov_domains
int-ips.eda.admin.ch,swh_gov_domains
int-itdoc.eda.admin.ch,swh_gov_domains
int-jahresbericht-kdl.eda.admin.ch,swh_gov_domains
int-move.eda.admin.ch,swh_gov_domains
int-training.eda.admin.ch,swh_gov_domains
int-vip.eda.admin.ch,swh_gov_domains
int.account.idm.eda.admin.ch,swh_gov_domains
int.adfs.idm.eda.admin.ch,swh_gov_domains
int.bgdi.admin.ch,swh_gov_domains
int.cvtool.eda.admin.ch,swh_gov_domains
int.edavis.eda.admin.ch,swh_gov_domains
int.eport.lmsvbs.admin.ch,swh_gov_domains
int.events.eda.admin.ch,swh_gov_domains
int.evera.eda.admin.ch,swh_gov_domains
int.ex1.lmsvbs.admin.ch,swh_gov_domains
int.ex4.lmsvbs.admin.ch,swh_gov_domains
int.ex6.lmsvbs.admin.ch,swh_gov_domains
int.geo.admin.ch,swh_gov_domains
int.inooufkn.eda.admin.ch,swh_gov_domains
int.lms.admin.ch,swh_gov_domains
int.lmsezv.admin.ch,swh_gov_domains
int.lmsvbs.admin.ch,swh_gov_domains
int.lt.admin.ch,swh_gov_domains
int.ordipro.eda.admin.ch,swh_gov_domains
int.plato-ams.eda.admin.ch,swh_gov_domains
int.plato-hh.eda.admin.ch,swh_gov_domains
int.translation.eda.admin.ch,swh_gov_domains
int.webfacts.eda.admin.ch,swh_gov_domains
int2-apps.eda.admin.ch,swh_gov_domains
int2-chatworld.eda.admin.ch,swh_gov_domains
int2-commonapps.eda.admin.ch,swh_gov_domains
int2-intranet.brz.eda.admin.ch,swh_gov_domains
int2-ioelections.eda.admin.ch,swh_gov_domains
int2-ips.eda.admin.ch,swh_gov_domains
int2-itdoc.eda.admin.ch,swh_gov_domains
int2-move.eda.admin.ch,swh_gov_domains
int2-projects.eda.admin.ch,swh_gov_domains
int2-training.eda.admin.ch,swh_gov_domains
int2-vip.eda.admin.ch,swh_gov_domains
integration.ch-edoc-passantrag.admin.ch,swh_gov_domains
integration.ch-edoc-reservation.admin.ch,swh_gov_domains
integration.navig.admin.ch,swh_gov_domains
integrationsfoerderung.admin.ch,swh_gov_domains
integrationsfoerderungintg.admin.ch,swh_gov_domains
integspamgate.admin.ch,swh_gov_domains
interactive.eda.admin.ch,swh_gov_domains
internet-author.vbs.admin.ch,swh_gov_domains
interruptio-ges.bfs.admin.ch,swh_gov_domains
intra.eda.admin.ch,swh_gov_domains
intranet.ar.admin.ch,swh_gov_domains
intranet.b2bshop-i.admin.ch,swh_gov_domains
intranet.b2bshop-v.admin.ch,swh_gov_domains
intranet.b2bshop.admin.ch,swh_gov_domains
intranet.baspo.admin.ch,swh_gov_domains
intranet.brz.eda.admin.ch,swh_gov_domains
intranet.datareg.admin.ch,swh_gov_domains
intranet.efocus.admin.ch,swh_gov_domains
intranet.egate.admin.ch,swh_gov_domains
intranet.es.vbs.admin.ch,swh_gov_domains
intranet.fub.admin.ch,swh_gov_domains
intranet.gate-a.astra.admin.ch,swh_gov_domains
intranet.gate-a.bar.admin.ch,swh_gov_domains
intranet.gate-a.bav.admin.ch,swh_gov_domains
intranet.gate-a.bfm.admin.ch,swh_gov_domains
intranet.gate-a.bfs.admin.ch,swh_gov_domains
intranet.gate-a.bsv.admin.ch,swh_gov_domains
intranet.gate-a.eiam.admin.ch,swh_gov_domains
intranet.gate-a.swissmedic.admin.ch,swh_gov_domains
intranet.gate-r.astra.admin.ch,swh_gov_domains
intranet.gate-r.bar.admin.ch,swh_gov_domains
intranet.gate-r.bav.admin.ch,swh_gov_domains
intranet.gate-r.bfm.admin.ch,swh_gov_domains
intranet.gate-r.bfs.admin.ch,swh_gov_domains
intranet.gate-r.bsv.admin.ch,swh_gov_domains
intranet.gate-r.ccsap.admin.ch,swh_gov_domains
intranet.gate-r.eiam.admin.ch,swh_gov_domains
intranet.gate-r.harrods.admin.ch,swh_gov_domains
intranet.gate-r.swissmedic.admin.ch,swh_gov_domains
intranet.gate.astra.admin.ch,swh_gov_domains
intranet.gate.bar.admin.ch,swh_gov_domains
intranet.gate.bav.admin.ch,swh_gov_domains
intranet.gate.bfm.admin.ch,swh_gov_domains
intranet.gate.bfs.admin.ch,swh_gov_domains
intranet.gate.bsv.admin.ch,swh_gov_domains
intranet.gate.eiam.admin.ch,swh_gov_domains
intranet.gate.swissmedic.admin.ch,swh_gov_domains
intranet.gs-vbs.admin.ch,swh_gov_domains
intranet.heer.admin.ch,swh_gov_domains
intranet.immo.admin.ch,swh_gov_domains
intranet.insieme-a.estv.admin.ch,swh_gov_domains
intranet.insieme-r.estv.admin.ch,swh_gov_domains
intranet.insieme.estv.admin.ch,swh_gov_domains
intranet.ios.admin.ch,swh_gov_domains
intranet.lba.admin.ch,swh_gov_domains
intranet.lw.admin.ch,swh_gov_domains
intranet.medreg-a.admin.ch,swh_gov_domains
intranet.medreg.admin.ch,swh_gov_domains
intranet.mscrm-a.admin.ch,swh_gov_domains
intranet.mscrm-r.admin.ch,swh_gov_domains
intranet.mscrm.admin.ch,swh_gov_domains
intranet.persv.admin.ch,swh_gov_domains
intranet.rpc-a.admin.ch,swh_gov_domains
intranet.rpc-r.admin.ch,swh_gov_domains
intranet.rpc.admin.ch,swh_gov_domains
intranet.sibad-i.vbs.admin.ch,swh_gov_domains
intranet.sibad-t.vbs.admin.ch,swh_gov_domains
intranet.sibad.vbs.admin.ch,swh_gov_domains
intranet.swisstopo.admin.ch,swh_gov_domains
intranet.vbs.admin.ch,swh_gov_domains
intranet.vegate.admin.ch,swh_gov_domains
intranet.vtg.admin.ch,swh_gov_domains
intranet.wbf.admin.ch,swh_gov_domains
intranet.zkv.ezv-a.admin.ch,swh_gov_domains
intranet.zkv.ezv-r.admin.ch,swh_gov_domains
intranet.zkv.ezv.admin.ch,swh_gov_domains
intraweb.deza.admin.ch,swh_gov_domains
ioelections.eda.admin.ch,swh_gov_domains
ips.eda.admin.ch,swh_gov_domains
ipwc.idzedi.admin.ch,swh_gov_domains
isak-a.bag.admin.ch,swh_gov_domains
isak-r.bag.admin.ch,swh_gov_domains
isak.admin.ch,swh_gov_domains
isak.bag.admin.ch,swh_gov_domains
isb.admin.ch,swh_gov_domains
isc-ejpd.admin.ch,swh_gov_domains
isceco.admin.ch,swh_gov_domains
ise-03.admin.ch,swh_gov_domains
ise-04.admin.ch,swh_gov_domains
ise-psn.admin.ch,swh_gov_domains
ism-a.eda.admin.ch,swh_gov_domains
ism.eda.admin.ch,swh_gov_domains
ism.ssl.admin.ch,swh_gov_domains
ism.ssltest.admin.ch,swh_gov_domains
isos.bak.admin.ch,swh_gov_domains
issue.geo.admin.ch,swh_gov_domains
itdoc.eda.admin.ch,swh_gov_domains
itdocs.eda.admin.ch,swh_gov_domains
iteraplan-a.estv.admin.ch,swh_gov_domains
iteraplan.estv.admin.ch,swh_gov_domains
itineris.eda.admin.ch,swh_gov_domains
ivi.admin.ch,swh_gov_domains
ivisionplus.admin.ch,swh_gov_domains
ivs-gis.admin.ch,swh_gov_domains
ivs.admin.ch,swh_gov_domains
jahresbericht-kdl.eda.admin.ch,swh_gov_domains
jahresbericht.agroscope.admin.ch,swh_gov_domains
jenkins.geo.admin.ch,swh_gov_domains
jira-a.estv.admin.ch,swh_gov_domains
jira-bfm.admin.ch,swh_gov_domains
jira-int-bfm.admin.ch,swh_gov_domains
jira.estv.admin.ch,swh_gov_domains
jobi.egate.admin.ch,swh_gov_domains
jobp.egate.admin.ch,swh_gov_domains
jobs.egate.admin.ch,swh_gov_domains
jobv.egate.admin.ch,swh_gov_domains
jra.admin.ch,swh_gov_domains
jurispub-a.admin.ch,swh_gov_domains
jurispub.admin.ch,swh_gov_domains
karte.geo.admin.ch,swh_gov_domains
kataplan-risk.admin.ch,swh_gov_domains
kav-search.bk.admin.ch,swh_gov_domains
kbob.admin.ch,swh_gov_domains
kbs-bav.admin.ch,swh_gov_domains
kbs-bav.int.admin.ch,swh_gov_domains
kbs-bazl.admin.ch,swh_gov_domains
kbs-bazl.int.admin.ch,swh_gov_domains
kbs.admin.ch,swh_gov_domains
kbspm-bav.admin.ch,swh_gov_domains
kbspm-bav.int.admin.ch,swh_gov_domains
kbspm-bazl.admin.ch,swh_gov_domains
kbspm-bazl.int.admin.ch,swh_gov_domains
kendranet.evd.admin.ch,swh_gov_domains
kendranet.wbf.admin.ch,swh_gov_domains
key-recovery.a-pki.admin.ch,swh_gov_domains
key-recovery.pki.admin.ch,swh_gov_domains
key-recovery.r-pki.admin.ch,swh_gov_domains
keyreco.pki.admin.ch,swh_gov_domains
keyrecovery.a-pki.admin.ch,swh_gov_domains
keyrecovery.pki.admin.ch,swh_gov_domains
kmu-auftritt.admin.ch,swh_gov_domains
kmu.admin.ch,swh_gov_domains
koboform.mks-in.admin.ch,swh_gov_domains
konsum.admin.ch,swh_gov_domains
ks-a.bfs.admin.ch,swh_gov_domains
ks.bfs.admin.ch,swh_gov_domains
ksmm.admin.ch,swh_gov_domains
kti.admin.ch,swh_gov_domains
ktv.gate-a.astra.admin.ch,swh_gov_domains
ktv.gate-r.astra.admin.ch,swh_gov_domains
ktv.gate.astra.admin.ch,swh_gov_domains
kubb-tool.bfs.admin.ch,swh_gov_domains
kubb2008.bfs.admin.ch,swh_gov_domains
l52web.ccsap.admin.ch,swh_gov_domains
lage.naz.admin.ch,swh_gov_domains
lamda-om.admin.ch,swh_gov_domains
lamda-r.admin.ch,swh_gov_domains
lamda-x.admin.ch,swh_gov_domains
lamda.admin.ch,swh_gov_domains
lb-waf-test-1.bfi.admin.ch,swh_gov_domains
lb-waf-test-5.bfi.admin.ch,swh_gov_domains
ld.geo.admin.ch,swh_gov_domains
lei-a.admin.ch,swh_gov_domains
lei-r.admin.ch,swh_gov_domains
lei.admin.ch,swh_gov_domains
leonardo-2fa.ssltest.admin.ch,swh_gov_domains
leonardo-sec.ssl.admin.ch,swh_gov_domains
li.admin.ch,swh_gov_domains
libraries-a.admin.ch,swh_gov_domains
libraries.admin.ch,swh_gov_domains
link-a.admin.ch,swh_gov_domains
link-r.admin.ch,swh_gov_domains
link.admin.ch,swh_gov_domains
lipo-i.vbs.admin.ch,swh_gov_domains
lipo.vbs.admin.ch,swh_gov_domains
listes-a.esurvey.bfs.admin.ch,swh_gov_domains
listes.esurvey.bfs.admin.ch,swh_gov_domains
lms.admin.ch,swh_gov_domains
lmsezv.admin.ch,swh_gov_domains
lmsvbs.admin.ch,swh_gov_domains
login.eda.admin.ch,swh_gov_domains
login.geo.admin.ch,swh_gov_domains
logixs.eda.admin.ch,swh_gov_domains
logs.geo.admin.ch,swh_gov_domains
lohnstandardbfs-ws.admin.ch,swh_gov_domains
lohnstandardbfs.admin.ch,swh_gov_domains
lohnwebplus-a.bfs.admin.ch,swh_gov_domains
lohnwebplus-r.bfs.admin.ch,swh_gov_domains
lohnwebplus.bfs.admin.ch,swh_gov_domains
lpweb60p01.admin.ch,swh_gov_domains
lra-pki.ras.admin.ch,swh_gov_domains
lra-pki.rastest.admin.ch,swh_gov_domains
lra-rio.pki.admin.ch,swh_gov_domains
lra.pki.admin.ch,swh_gov_domains
lsvaportal.ezv.admin.ch,swh_gov_domains
lt.admin.ch,swh_gov_domains
lync-poc.rastest.admin.ch,swh_gov_domains
lyncdiscover.deza.admin.ch,swh_gov_domains
lyncdiscover.eda.admin.ch,swh_gov_domains
lyncdiscover.parl.admin.ch,swh_gov_domains
lyncdiscover2.eda.admin.ch,swh_gov_domains
lyncpool01.bit.admin.ch,swh_gov_domains
lyncpool02.adb.intra.admin.ch,swh_gov_domains
lyncpool02wac.admin.ch,swh_gov_domains
lyncpool02ws.adb.intra.admin.ch,swh_gov_domains
lyncweb.admin.ch,swh_gov_domains
m.geo.admin.ch,swh_gov_domains
m.map.geo.admin.ch,swh_gov_domains
m.map.revision.admin.ch,swh_gov_domains
m52web.ccsap.admin.ch,swh_gov_domains
mail.admin.ch,swh_gov_domains
mail.metas.admin.ch,swh_gov_domains
mail01.admin.ch,swh_gov_domains
mail02.admin.ch,swh_gov_domains
mail03.admin.ch,swh_gov_domains
mail04.admin.ch,swh_gov_domains
mail11.admin.ch,swh_gov_domains
mail12.admin.ch,swh_gov_domains
mail13.admin.ch,swh_gov_domains
mail14.admin.ch,swh_gov_domains
mail15.admin.ch,swh_gov_domains
mail16.admin.ch,swh_gov_domains
mail17.admin.ch,swh_gov_domains
mail19.admin.ch,swh_gov_domains
mail21.admin.ch,swh_gov_domains
mail22.admin.ch,swh_gov_domains
mail23.admin.ch,swh_gov_domains
mail24.admin.ch,swh_gov_domains
mail41.admin.ch,swh_gov_domains
mail42.admin.ch,swh_gov_domains
mail46.admin.ch,swh_gov_domains
mail51.admin.ch,swh_gov_domains
mail61.admin.ch,swh_gov_domains
mail62.admin.ch,swh_gov_domains
mail63.admin.ch,swh_gov_domains
mail64.admin.ch,swh_gov_domains
mail65.admin.ch,swh_gov_domains
mail66.admin.ch,swh_gov_domains
mail71.integ.admin.ch,swh_gov_domains
mail72.integ.admin.ch,swh_gov_domains
mailgate.admin.ch,swh_gov_domains
mailgate1.admin.ch,swh_gov_domains
mailgate2.admin.ch,swh_gov_domains
mailgate3.admin.ch,swh_gov_domains
mailgate4.admin.ch,swh_gov_domains
mailhost.admin.ch,swh_gov_domains
mailhub.admin.ch,swh_gov_domains
mailing-scms.a-pki.admin.ch,swh_gov_domains
mailing.scms.pki.admin.ch,swh_gov_domains
mailout.admin.ch,swh_gov_domains
maint.admin.ch,swh_gov_domains
management-scms.a-pki.admin.ch,swh_gov_domains
management.scms.pki.admin.ch,swh_gov_domains
mantis.oxba.admin.ch,swh_gov_domains
map.admin.ch,swh_gov_domains
map.are.admin.ch,swh_gov_domains
map.armee.admin.ch,swh_gov_domains
map.aviation.admin.ch,swh_gov_domains
map.bafu.admin.ch,swh_gov_domains
map.bazl.admin.ch,swh_gov_domains
map.blw.admin.ch,swh_gov_domains
map.energie.admin.ch,swh_gov_domains
map.fineltra.admin.ch,swh_gov_domains
map.fpds.admin.ch,swh_gov_domains
map.funksender.admin.ch,swh_gov_domains
map.geodataviewer.admin.ch,swh_gov_domains
map.gisgeol.admin.ch,swh_gov_domains
map.globe.admin.ch,swh_gov_domains
map.kgs.admin.ch,swh_gov_domains
map.lubis.admin.ch,swh_gov_domains
map.meteoschweiz.admin.ch,swh_gov_domains
map.meteosuisse.admin.ch,swh_gov_domains
map.meteosvizzera.admin.ch,swh_gov_domains
map.meteoswiss.admin.ch,swh_gov_domains
map.pianosettoriale.admin.ch,swh_gov_domains
map.plansectoriel.admin.ch,swh_gov_domains
map.revision.admin.ch,swh_gov_domains
map.sachplan.admin.ch,swh_gov_domains
map.schneesport.admin.ch,swh_gov_domains
map.snowsport.admin.ch,swh_gov_domains
map.sportdanaiv.admin.ch,swh_gov_domains
map.sportdeneige.admin.ch,swh_gov_domains
map.sportsullaneve.admin.ch,swh_gov_domains
map.swisstopo.admin.ch,swh_gov_domains
map.vtg.admin.ch,swh_gov_domains
map.wildruhezonen.admin.ch,swh_gov_domains
map2.geo.admin.ch,swh_gov_domains
map3.geo.admin.ch,swh_gov_domains
map4.geo.admin.ch,swh_gov_domains
mapproxy.geo.admin.ch,swh_gov_domains
maps.admin.ch,swh_gov_domains
maps.geo.admin.ch,swh_gov_domains
masterplan.bit.admin.ch,swh_gov_domains
mch.ras.admin.ch,swh_gov_domains
mch.rastest.admin.ch,swh_gov_domains
mdm-r.admin.ch,swh_gov_domains
mdm.admin.ch,swh_gov_domains
mdmapp-r.admin.ch,swh_gov_domains
mdmapp.admin.ch,swh_gov_domains
mdmappi.admin.ch,swh_gov_domains
mdmi.admin.ch,swh_gov_domains
meb-a.bfs.admin.ch,swh_gov_domains
meb-i.admin.ch,swh_gov_domains
meb-r.bfs.admin.ch,swh_gov_domains
meb.bfs.admin.ch,swh_gov_domains
media-stat.admin.ch,swh_gov_domains
media.bk.admin.ch,swh_gov_domains
mediathek.admin.ch,swh_gov_domains
mediathektest.admin.ch,swh_gov_domains
medreg-a.admin.ch,swh_gov_domains
medreg-k.admin.ch,swh_gov_domains
medreg-r.admin.ch,swh_gov_domains
medreg-t.admin.ch,swh_gov_domains
medreg.admin.ch,swh_gov_domains
medregbm-a.admin.ch,swh_gov_domains
medregbm-k.admin.ch,swh_gov_domains
medregbm-r.admin.ch,swh_gov_domains
medregbm-t.admin.ch,swh_gov_domains
medregbm.admin.ch,swh_gov_domains
medregom-a.admin.ch,swh_gov_domains
medregom-k.admin.ch,swh_gov_domains
medregom-r.admin.ch,swh_gov_domains
medregom.admin.ch,swh_gov_domains
meet.admin.ch,swh_gov_domains
meet.eda.admin.ch,swh_gov_domains
meet.ucc.vbs.admin.ch,swh_gov_domains
meet.ucc.vtg.vbs-sa.admin.ch,swh_gov_domains
meinelehre.stelle.admin.ch,swh_gov_domains
melani-net-2fa.ssltest.admin.ch,swh_gov_domains
melani-net-i-2fa.ssltest.admin.ch,swh_gov_domains
melani-net-i.ssl.admin.ch,swh_gov_domains
melani-net.ssl.admin.ch,swh_gov_domains
melani.admin.ch,swh_gov_domains
meldewesen.bav.admin.ch,swh_gov_domains
metadata.geo.admin.ch,swh_gov_domains
metaslap-test.admin.ch,swh_gov_domains
metaslap.admin.ch,swh_gov_domains
metrics.geo.admin.ch,swh_gov_domains
mewebintg.admin.ch,swh_gov_domains
mi.mwp.vtg.admin.ch,swh_gov_domains
milaufgebotstableau-i.vbs.admin.ch,swh_gov_domains
milaufgebotstableau-t.vbs.admin.ch,swh_gov_domains
milaufgebotstableau.vbs.admin.ch,swh_gov_domains
miloffice-i.vbs.admin.ch,swh_gov_domains
miloffice.vbs.admin.ch,swh_gov_domains
milsport-i.vbs.admin.ch,swh_gov_domains
milsport-t.vbs.admin.ch,swh_gov_domains
milsport.vbs.admin.ch,swh_gov_domains
misc-statatlas-cms0i.bgdi.admin.ch,swh_gov_domains
mistra-a.ras.admin.ch,swh_gov_domains
mistra-a.rastest.admin.ch,swh_gov_domains
mistra-t.rastest.admin.ch,swh_gov_domains
mistra.ras.admin.ch,swh_gov_domains
mistra.rastest.admin.ch,swh_gov_domains
mks-in.admin.ch,swh_gov_domains
moa-a.estv.admin.ch,swh_gov_domains
moa-h.estv.admin.ch,swh_gov_domains
moa-i.estv.admin.ch,swh_gov_domains
moa-r.estv.admin.ch,swh_gov_domains
moa-t.estv.admin.ch,swh_gov_domains
moa.estv.admin.ch,swh_gov_domains
mobile-reg.admin.ch,swh_gov_domains
mobile.admin.ch,swh_gov_domains
mobile.bk.admin.ch,swh_gov_domains
mobile.geo.admin.ch,swh_gov_domains
mobile.integ.admin.ch,swh_gov_domains
mobile.map.geo.admin.ch,swh_gov_domains
mobile.map.revision.admin.ch,swh_gov_domains
mobile.metas.admin.ch,swh_gov_domains
mobile.parl.admin.ch,swh_gov_domains
mobile.sunai-a.admin.ch,swh_gov_domains
mobile.sunai.admin.ch,swh_gov_domains
mobile.vos.admin.ch,swh_gov_domains
mobile.wbf.admin.ch,swh_gov_domains
models.geo.admin.ch,swh_gov_domains
monres.admin.ch,swh_gov_domains
monresintg.admin.ch,swh_gov_domains
move.eda.admin.ch,swh_gov_domains
moveit-r.admin.ch,swh_gov_domains
mvdi-r.rastest.admin.ch,swh_gov_domains
mvdi-t.rastest.admin.ch,swh_gov_domains
mvdi.rastest.admin.ch,swh_gov_domains
mwst-publikationen.estv.admin.ch,swh_gov_domains
my.geo.admin.ch,swh_gov_domains
nabodat-a.admin.ch,swh_gov_domains
nabodat-arcgis-a.admin.ch,swh_gov_domains
nabodat-arcgis.admin.ch,swh_gov_domains
nabodat.admin.ch,swh_gov_domains
nano-i.vbs.admin.ch,swh_gov_domains
nano.vbs.admin.ch,swh_gov_domains
nap-bhr.admin.ch,swh_gov_domains
navig.admin.ch,swh_gov_domains
nb.admin.ch,swh_gov_domains
nblive.admin.ch,swh_gov_domains
ncts.ezv.admin.ch,swh_gov_domains
ndbjs-anmeldung-i.vbs.admin.ch,swh_gov_domains
ndbjs-anmeldung.vbs.admin.ch,swh_gov_domains
ndsweb-a.sm.admin.ch,swh_gov_domains
ndsweb.sm.admin.ch,swh_gov_domains
nedb-a.admin.ch,swh_gov_domains
nedb-r.admin.ch,swh_gov_domains
nedb.admin.ch,swh_gov_domains
nek-cne.admin.ch,swh_gov_domains
networkpilots.eda.admin.ch,swh_gov_domains
news-service.admin.ch,swh_gov_domains
news-test.admin.ch,swh_gov_domains
news.admin.ch,swh_gov_domains
newsd.admin.ch,swh_gov_domains
newsletter.kmu.admin.ch,swh_gov_domains
nkvf.admin.ch,swh_gov_domains
nlt-a.admin.ch,swh_gov_domains
nlt-r.admin.ch,swh_gov_domains
nlt.admin.ch,swh_gov_domains
nsbp.ras.admin.ch,swh_gov_domains
nsbp.rastest.admin.ch,swh_gov_domains
nsdp.admin.ch,swh_gov_domains
oak-bv.admin.ch,swh_gov_domains
object.gever-abn.admin.ch,swh_gov_domains
object.gever-ref.admin.ch,swh_gov_domains
object.gever.admin.ch,swh_gov_domains
obsan.admin.ch,swh_gov_domains
observer.exonaut.admin.ch,swh_gov_domains
obst-in.admin.ch,swh_gov_domains
obst-sh.admin.ch,swh_gov_domains
obst-vp.admin.ch,swh_gov_domains
obst.admin.ch,swh_gov_domains
officeonline-intra.eda.admin.ch,swh_gov_domains
officeonline.eda.admin.ch,swh_gov_domains
ola-t.admin.ch,swh_gov_domains
om.pki.admin.ch,swh_gov_domains
ombud.astra.admin.ch,swh_gov_domains
onenote-test.rastest.admin.ch,swh_gov_domains
onlinerecherche-a.bar.admin.ch,swh_gov_domains
onlinerecherchedmz-a.bar.admin.ch,swh_gov_domains
oos-r.admin.ch,swh_gov_domains
opac-r.admin.ch,swh_gov_domains
opac.admin.ch,swh_gov_domains
opendata.admin.ch,swh_gov_domains
openegov.admin.ch,swh_gov_domains
openenergydata.admin.ch,swh_gov_domains
ordipro.eda.admin.ch,swh_gov_domains
osciservices-gw-a.admin.ch,swh_gov_domains
osciservices-gw.admin.ch,swh_gov_domains
oscitv-gw-a.admin.ch,swh_gov_domains
oscitv-gw.admin.ch,swh_gov_domains
ota.parl.admin.ch,swh_gov_domains
otanlb.admin.ch,swh_gov_domains
otp-outlook.eda.admin.ch,swh_gov_domains
otp-webmail.eda.admin.ch,swh_gov_domains
outlook.admin.ch,swh_gov_domains
outlook.metas.admin.ch,swh_gov_domains
output.tu-verzeichnisse-temp.bav.admin.ch,swh_gov_domains
output.tu-verzeichnisse.bav.admin.ch,swh_gov_domains
ows.geo.admin.ch,swh_gov_domains
p07ssz.egate.admin.ch,swh_gov_domains
p10ssz.egate.admin.ch,swh_gov_domains
p11ssz.egate.admin.ch,swh_gov_domains
p12ssz.egate.admin.ch,swh_gov_domains
p15ssz.egate.admin.ch,swh_gov_domains
p36fpn.egate.admin.ch,swh_gov_domains
p65ssz.egate.admin.ch,swh_gov_domains
p65ssz.vegate.admin.ch,swh_gov_domains
p72ssz.egate.admin.ch,swh_gov_domains
p91ssz.egate.admin.ch,swh_gov_domains
p93ssz.egate.admin.ch,swh_gov_domains
padssz.egate.admin.ch,swh_gov_domains
padssz.vegate.admin.ch,swh_gov_domains
paiv.eda.admin.ch,swh_gov_domains
pams-t.estv.admin.ch,swh_gov_domains
pams.estv.admin.ch,swh_gov_domains
parchem.bag.admin.ch,swh_gov_domains
parl.admin.ch,swh_gov_domains
passchange.eda.admin.ch,swh_gov_domains
password-a.admin.ch,swh_gov_domains
password-r.admin.ch,swh_gov_domains
password.admin.ch,swh_gov_domains
pdagate.admin.ch,swh_gov_domains
pdagate.eda.admin.ch,swh_gov_domains
pdagate.snm.admin.ch,swh_gov_domains
pdamail.eda.admin.ch,swh_gov_domains
pdamail.evd.admin.ch,swh_gov_domains
pdamail.finma.admin.ch,swh_gov_domains
pdamail.vos.admin.ch,swh_gov_domains
pending-authorizations.a-pki.admin.ch,swh_gov_domains
pending-authorizations.pki.admin.ch,swh_gov_domains
pepfpn.egate.admin.ch,swh_gov_domains
perimap.admin.ch,swh_gov_domains
personenfreizuegigkeit.admin.ch,swh_gov_domains
pia-p01.admin.ch,swh_gov_domains
pia-p02.admin.ch,swh_gov_domains
pin-reset.a-pki.admin.ch,swh_gov_domains
pin-reset.pki.admin.ch,swh_gov_domains
pkgafhsws.ezv.admin.ch,swh_gov_domains
pkgpfhsws.ezv.admin.ch,swh_gov_domains
pki.admin.ch,swh_gov_domains
pkirio.admin.ch,swh_gov_domains
pkirio01.ssz.admin.ch,swh_gov_domains
pl-a.bfs.admin.ch,swh_gov_domains
pl-r.bfs.admin.ch,swh_gov_domains
pl.bfs.admin.ch,swh_gov_domains
plato-ams.eda.admin.ch,swh_gov_domains
plato-hh.eda.admin.ch,swh_gov_domains
plausex-a.admin.ch,swh_gov_domains
plugins.aramis-a.admin.ch,swh_gov_domains
plugins.aramis.admin.ch,swh_gov_domains
plurilingua.admin.ch,swh_gov_domains
plurilinguismus.admin.ch,swh_gov_domains
polycom-gis.admin.ch,swh_gov_domains
portal-a.estv.admin.ch,swh_gov_domains
portal-int.ejpd.admin.ch,swh_gov_domains
portal-r.estv.admin.ch,swh_gov_domains
portal-stat.admin.ch,swh_gov_domains
portal.bsv.admin.ch,swh_gov_domains
portal.ejpd.admin.ch,swh_gov_domains
portal.estv.admin.ch,swh_gov_domains
portal.oak-bv.admin.ch,swh_gov_domains
portal.parl.admin.ch,swh_gov_domains
post2015.admin.ch,swh_gov_domains
postcom.admin.ch,swh_gov_domains
preisueberwacher.admin.ch,swh_gov_domains
prezzi-elettricita.elcom.admin.ch,swh_gov_domains
priminfo.admin.ch,swh_gov_domains
print.geo.admin.ch,swh_gov_domains
prix-electricite.elcom.admin.ch,swh_gov_domains
prod.bgdi.admin.ch,swh_gov_domains
prod.geo.admin.ch,swh_gov_domains
prod.lt.admin.ch,swh_gov_domains
production-scms.a-pki.admin.ch,swh_gov_domains
production.scms.pki.admin.ch,swh_gov_domains
profile.eda.admin.ch,swh_gov_domains
profile.geo.admin.ch,swh_gov_domains
profund-a.sbfi.admin.ch,swh_gov_domains
profund.sbfi.admin.ch,swh_gov_domains
proom-a.bbl.admin.ch,swh_gov_domains
proom.bbl.admin.ch,swh_gov_domains
prosecco-t.admin.ch,swh_gov_domains
provisioning-cdt-r.admin.ch,swh_gov_domains
provisioning-cdt.admin.ch,swh_gov_domains
prtr.admin.ch,swh_gov_domains
psm.admin.ch,swh_gov_domains
psnext-a.estv.admin.ch,swh_gov_domains
psnext.estv.admin.ch,swh_gov_domains
psp-in.isceco.admin.ch,swh_gov_domains
psp.isceco.admin.ch,swh_gov_domains
psyreg-a.admin.ch,swh_gov_domains
psyreg-k.admin.ch,swh_gov_domains
psyreg-r.admin.ch,swh_gov_domains
psyreg.admin.ch,swh_gov_domains
pub.d-nsbp-a.admin.ch,swh_gov_domains
pub.d-nsbp-p.admin.ch,swh_gov_domains
pub.d-nsbp-r.admin.ch,swh_gov_domains
pubblicazionifederali.admin.ch,swh_gov_domains
publiapp.epa.admin.ch,swh_gov_domains
public-trust-standard-ocsp-responder.pki.admin.ch,swh_gov_domains
public.geo.admin.ch,swh_gov_domains
publicationsfederales.admin.ch,swh_gov_domains
publishservice-e.bk.admin.ch,swh_gov_domains
puk-escrow.pki.admin.ch,swh_gov_domains
puk-manager.a-pki.admin.ch,swh_gov_domains
pv-gateway-a.admin.ch,swh_gov_domains
pv-gateway-r.admin.ch,swh_gov_domains
pv-gateway.admin.ch,swh_gov_domains
pwr.lmsvbs.admin.ch,swh_gov_domains
pwreset-a.admin.ch,swh_gov_domains
pwreset.admin.ch,swh_gov_domains
pxweb-a.bfs.admin.ch,swh_gov_domains
pxweb-admin-a.bfs.admin.ch,swh_gov_domains
pxweb-admin-r.bfs.admin.ch,swh_gov_domains
pxweb-admin.bfs.admin.ch,swh_gov_domains
pxweb-r.bfs.admin.ch,swh_gov_domains
pxweb.bfs.admin.ch,swh_gov_domains
pxweb1.bfs.admin.ch,swh_gov_domains
qlsmgw001.admin.ch,swh_gov_domains
qlsmgw002.admin.ch,swh_gov_domains
qlsmgw003.admin.ch,swh_gov_domains
qlsmgw004.admin.ch,swh_gov_domains
qs.ies.admin.ch,swh_gov_domains
quality-scms.a-pki.admin.ch,swh_gov_domains
quality.scms.pki.admin.ch,swh_gov_domains
query.geo.admin.ch,swh_gov_domains
quiz.bfs.admin.ch,swh_gov_domains
r02vortex.bit.admin.ch,swh_gov_domains
ra.a-pki.admin.ch,swh_gov_domains
ra.pki.admin.ch,swh_gov_domains
radon-2fa.ssltest.admin.ch,swh_gov_domains
radon-t-2fa.ssltest.admin.ch,swh_gov_domains
radon-t.ssl.admin.ch,swh_gov_domains
radon.ssl.admin.ch,swh_gov_domains
rapg-a.zas.admin.ch,swh_gov_domains
rapg.zas.admin.ch,swh_gov_domains
ras-gw-bc3.ras.admin.ch,swh_gov_domains
ras-gw-bc6.ras.admin.ch,swh_gov_domains
ras-vbs1.admin.ch,swh_gov_domains
ras-wartung.bit.admin.ch,swh_gov_domains
ras.admin.ch,swh_gov_domains
ras.parl.admin.ch,swh_gov_domains
ras2.admin.ch,swh_gov_domains
ras2a.admin.ch,swh_gov_domains
ras2cc.admin.ch,swh_gov_domains
rastest.admin.ch,swh_gov_domains
recherche-a.bar.admin.ch,swh_gov_domains
recherche-r.bar.admin.ch,swh_gov_domains
recherche.bar.admin.ch,swh_gov_domains
redmine.bgdi.admin.ch,swh_gov_domains
reframe.geo.admin.ch,swh_gov_domains
registea-smartcard.a-pki.admin.ch,swh_gov_domains
registrationservice.pki.admin.ch,swh_gov_domains
registrierung-a.postcom.admin.ch,swh_gov_domains
registrierung.postcom.admin.ch,swh_gov_domains
regress.admin.ch,swh_gov_domains
regular.pki.admin.ch,swh_gov_domains
relmgmt-i.vbs.admin.ch,swh_gov_domains
relmgmt.vbs.admin.ch,swh_gov_domains
remedy-in.isceco.admin.ch,swh_gov_domains
remedy.isceco.admin.ch,swh_gov_domains
report.bsv.admin.ch,swh_gov_domains
reporting.admin.ch,swh_gov_domains
reporting.pki.admin.ch,swh_gov_domains
reporting.ras.admin.ch,swh_gov_domains
reporting.rastest.admin.ch,swh_gov_domains
reportingintg.admin.ch,swh_gov_domains
reportmanager.ras.admin.ch,swh_gov_domains
reportmanager.rastest.admin.ch,swh_gov_domains
reports.ras.admin.ch,swh_gov_domains
reports.rastest.admin.ch,swh_gov_domains
respondents.bsv.admin.ch,swh_gov_domains
ressortforschung.admin.ch,swh_gov_domains
rest.meduse-medreg-r.bag.admin.ch,swh_gov_domains
revocation-wizard.a-pki.admin.ch,swh_gov_domains
revocation-wizard.pki.admin.ch,swh_gov_domains
revoked-ev.pki.admin.ch,swh_gov_domains
revoked-ov.pki.admin.ch,swh_gov_domains
rhf.admin.ch,swh_gov_domains
rio-scms.a-pki.admin.ch,swh_gov_domains
rio-soas-a3test.ssltest.admin.ch,swh_gov_domains
rio-soas.ssl.admin.ch,swh_gov_domains
rio-soas.ssltest.admin.ch,swh_gov_domains
rio-t.ssltest.admin.ch,swh_gov_domains
rio.scms.pki.admin.ch,swh_gov_domains
rio.ssl.admin.ch,swh_gov_domains
rio.ssltest.admin.ch,swh_gov_domains
rm-imfs-i.vbs.admin.ch,swh_gov_domains
rm-imfs-t.vbs.admin.ch,swh_gov_domains
rm-imfs.vbs.admin.ch,swh_gov_domains
rmtasst.eda.admin.ch,swh_gov_domains
rp-abi.eda.admin.ch,swh_gov_domains
rp-abu.eda.admin.ch,swh_gov_domains
rp-acc.eda.admin.ch,swh_gov_domains
rp-add.eda.admin.ch,swh_gov_domains
rp-adh.eda.admin.ch,swh_gov_domains
rp-alg.eda.admin.ch,swh_gov_domains
rp-amm.eda.admin.ch,swh_gov_domains
rp-amn.eda.admin.ch,swh_gov_domains
rp-ank.eda.admin.ch,swh_gov_domains
rp-ant.eda.admin.ch,swh_gov_domains
rp-ast.eda.admin.ch,swh_gov_domains
rp-asu.eda.admin.ch,swh_gov_domains
rp-ath.eda.admin.ch,swh_gov_domains
rp-atl.eda.admin.ch,swh_gov_domains
rp-baa.eda.admin.ch,swh_gov_domains
rp-ban.eda.admin.ch,swh_gov_domains
rp-bao.eda.admin.ch,swh_gov_domains
rp-bar.eda.admin.ch,swh_gov_domains
rp-bed.eda.admin.ch,swh_gov_domains
rp-bei.eda.admin.ch,swh_gov_domains
rp-bel.eda.admin.ch,swh_gov_domains
rp-ber.eda.admin.ch,swh_gov_domains
rp-bey.eda.admin.ch,swh_gov_domains
rp-bik.eda.admin.ch,swh_gov_domains
rp-bku.eda.admin.ch,swh_gov_domains
rp-bog.eda.admin.ch,swh_gov_domains
rp-br1.eda.admin.ch,swh_gov_domains
rp-bra.eda.admin.ch,swh_gov_domains
rp-brm.eda.admin.ch,swh_gov_domains
rp-bro.eda.admin.ch,swh_gov_domains
rp-brt.eda.admin.ch,swh_gov_domains
rp-bru.eda.admin.ch,swh_gov_domains
rp-bua.eda.admin.ch,swh_gov_domains
rp-buc.eda.admin.ch,swh_gov_domains
rp-bud.eda.admin.ch,swh_gov_domains
rp-bue.eda.admin.ch,swh_gov_domains
rp-buj.eda.admin.ch,swh_gov_domains
rp-cai.eda.admin.ch,swh_gov_domains
rp-can.eda.admin.ch,swh_gov_domains
rp-cao.eda.admin.ch,swh_gov_domains
rp-cap.eda.admin.ch,swh_gov_domains
rp-car.eda.admin.ch,swh_gov_domains
rp-central-backup.eda.admin.ch,swh_gov_domains
rp-central.eda.admin.ch,swh_gov_domains
rp-chu.eda.admin.ch,swh_gov_domains
rp-col.eda.admin.ch,swh_gov_domains
rp-coo.eda.admin.ch,swh_gov_domains
rp-cot.eda.admin.ch,swh_gov_domains
rp-dai.eda.admin.ch,swh_gov_domains
rp-dak.eda.admin.ch,swh_gov_domains
rp-dar.eda.admin.ch,swh_gov_domains
rp-dha.eda.admin.ch,swh_gov_domains
rp-doh.eda.admin.ch,swh_gov_domains
rp-due.eda.admin.ch,swh_gov_domains
rp-eda01.eda.admin.ch,swh_gov_domains
rp-eda02.eda.admin.ch,swh_gov_domains
rp-eda03.eda.admin.ch,swh_gov_domains
rp-eda04.eda.admin.ch,swh_gov_domains
rp-eda05.eda.admin.ch,swh_gov_domains
rp-eda06.eda.admin.ch,swh_gov_domains
rp-fra.eda.admin.ch,swh_gov_domains
rp-gaz.eda.admin.ch,swh_gov_domains
rp-gua.eda.admin.ch,swh_gov_domains
rp-guu.eda.admin.ch,swh_gov_domains
rp-han.eda.admin.ch,swh_gov_domains
rp-har.eda.admin.ch,swh_gov_domains
rp-hav.eda.admin.ch,swh_gov_domains
rp-hay.eda.admin.ch,swh_gov_domains
rp-hml.eda.admin.ch,swh_gov_domains
rp-hon.eda.admin.ch,swh_gov_domains
rp-hva.eda.admin.ch,swh_gov_domains
rp-isd.eda.admin.ch,swh_gov_domains
rp-isl.eda.admin.ch,swh_gov_domains
rp-ist.eda.admin.ch,swh_gov_domains
rp-jak.eda.admin.ch,swh_gov_domains
rp-jub.eda.admin.ch,swh_gov_domains
rp-kal.eda.admin.ch,swh_gov_domains
rp-kat.eda.admin.ch,swh_gov_domains
rp-kha.eda.admin.ch,swh_gov_domains
rp-kie.eda.admin.ch,swh_gov_domains
rp-kig.eda.admin.ch,swh_gov_domains
rp-kin.eda.admin.ch,swh_gov_domains
rp-kow.eda.admin.ch,swh_gov_domains
rp-kua.eda.admin.ch,swh_gov_domains
rp-kye.eda.admin.ch,swh_gov_domains
rp-lim.eda.admin.ch,swh_gov_domains
rp-lon.eda.admin.ch,swh_gov_domains
rp-lua.eda.admin.ch,swh_gov_domains
rp-lyo.eda.admin.ch,swh_gov_domains
rp-maa.eda.admin.ch,swh_gov_domains
rp-mad.eda.admin.ch,swh_gov_domains
rp-man.eda.admin.ch,swh_gov_domains
rp-map.eda.admin.ch,swh_gov_domains
rp-mar.eda.admin.ch,swh_gov_domains
rp-mex.eda.admin.ch,swh_gov_domains
rp-mil.eda.admin.ch,swh_gov_domains
rp-mnr.eda.admin.ch,swh_gov_domains
rp-mon.eda.admin.ch,swh_gov_domains
rp-mos.eda.admin.ch,swh_gov_domains
rp-mot.eda.admin.ch,swh_gov_domains
rp-mtv.eda.admin.ch,swh_gov_domains
rp-mum.eda.admin.ch,swh_gov_domains
rp-mun.eda.admin.ch,swh_gov_domains
rp-nai.eda.admin.ch,swh_gov_domains
rp-ndh.eda.admin.ch,swh_gov_domains
rp-ndj.eda.admin.ch,swh_gov_domains
rp-nia.eda.admin.ch,swh_gov_domains
rp-nic.eda.admin.ch,swh_gov_domains
rp-nyc.eda.admin.ch,swh_gov_domains
rp-osa.eda.admin.ch,swh_gov_domains
rp-ott.eda.admin.ch,swh_gov_domains
rp-oua.eda.admin.ch,swh_gov_domains
rp-pan.eda.admin.ch,swh_gov_domains
rp-pao.eda.admin.ch,swh_gov_domains
rp-par.eda.admin.ch,swh_gov_domains
rp-pau.eda.admin.ch,swh_gov_domains
rp-paz.eda.admin.ch,swh_gov_domains
rp-pea.eda.admin.ch,swh_gov_domains
rp-pia.eda.admin.ch,swh_gov_domains
rp-pnh.eda.admin.ch,swh_gov_domains
rp-ppc.eda.admin.ch,swh_gov_domains
rp-pra.eda.admin.ch,swh_gov_domains
rp-pre.eda.admin.ch,swh_gov_domains
rp-pri.eda.admin.ch,swh_gov_domains
rp-pyo.eda.admin.ch,swh_gov_domains
rp-qui.eda.admin.ch,swh_gov_domains
rp-rab.eda.admin.ch,swh_gov_domains
rp-rah.eda.admin.ch,swh_gov_domains
rp-rgn.eda.admin.ch,swh_gov_domains
rp-rig.eda.admin.ch,swh_gov_domains
rp-rio.eda.admin.ch,swh_gov_domains
rp-roa.eda.admin.ch,swh_gov_domains
rp-rom.eda.admin.ch,swh_gov_domains
rp-rya.eda.admin.ch,swh_gov_domains
rp-san.eda.admin.ch,swh_gov_domains
rp-sao.eda.admin.ch,swh_gov_domains
rp-sar.eda.admin.ch,swh_gov_domains
rp-sc1.eda.admin.ch,swh_gov_domains
rp-sdd.eda.admin.ch,swh_gov_domains
rp-seo.eda.admin.ch,swh_gov_domains
rp-sfr.eda.admin.ch,swh_gov_domains
rp-sha.eda.admin.ch,swh_gov_domains
rp-sin.eda.admin.ch,swh_gov_domains
rp-sjc.eda.admin.ch,swh_gov_domains
rp-sko.eda.admin.ch,swh_gov_domains
rp-stc.eda.admin.ch,swh_gov_domains
rp-sto.eda.admin.ch,swh_gov_domains
rp-stu.eda.admin.ch,swh_gov_domains
rp-swo.eda.admin.ch,swh_gov_domains
rp-syd.eda.admin.ch,swh_gov_domains
rp-tai.eda.admin.ch,swh_gov_domains
rp-tas.eda.admin.ch,swh_gov_domains
rp-tat.eda.admin.ch,swh_gov_domains
rp-teh.eda.admin.ch,swh_gov_domains
rp-tel.eda.admin.ch,swh_gov_domains
rp-tgu.eda.admin.ch,swh_gov_domains
rp-tie.eda.admin.ch,swh_gov_domains
rp-tif.eda.admin.ch,swh_gov_domains
rp-tir.eda.admin.ch,swh_gov_domains
rp-tis.eda.admin.ch,swh_gov_domains
rp-tok.eda.admin.ch,swh_gov_domains
rp-tpu.eda.admin.ch,swh_gov_domains
rp-tri.eda.admin.ch,swh_gov_domains
rp-tun.eda.admin.ch,swh_gov_domains
rp-tus.eda.admin.ch,swh_gov_domains
rp-uba.eda.admin.ch,swh_gov_domains
rp-van.eda.admin.ch,swh_gov_domains
rp-var.eda.admin.ch,swh_gov_domains
rp-vbs.eda.admin.ch,swh_gov_domains
rp-vie.eda.admin.ch,swh_gov_domains
rp-vim.eda.admin.ch,swh_gov_domains
rp-vte.eda.admin.ch,swh_gov_domains
rp-was.eda.admin.ch,swh_gov_domains
rp-wau.eda.admin.ch,swh_gov_domains
rp-wel.eda.admin.ch,swh_gov_domains
rp-yao.eda.admin.ch,swh_gov_domains
rp-yer.eda.admin.ch,swh_gov_domains
rp.eda.admin.ch,swh_gov_domains
rpc-a.admin.ch,swh_gov_domains
rpc-r.admin.ch,swh_gov_domains
rpc.admin.ch,swh_gov_domains
rs.pki.admin.ch,swh_gov_domains
rumba.admin.ch,swh_gov_domains
rxtares.admin.ch,swh_gov_domains
s.geo.admin.ch,swh_gov_domains
sanact-i.vbs.admin.ch,swh_gov_domains
sanact-t.vbs.admin.ch,swh_gov_domains
sanact.vbs.admin.ch,swh_gov_domains
sanadress-i.vbs.admin.ch,swh_gov_domains
sanadress.vbs.admin.ch,swh_gov_domains
sapidm-i.ssz.admin.ch,swh_gov_domains
sapidm-p.ssz.admin.ch,swh_gov_domains
sapidm-v.ssz.admin.ch,swh_gov_domains
sas.admin.ch,swh_gov_domains
sb00085a.adb.intra.admin.ch,swh_gov_domains
sb00086a.adb.intra.admin.ch,swh_gov_domains
sb00220a.admin.ch,swh_gov_domains
sb00220aems.admin.ch,swh_gov_domains
sb00220aext.admin.ch,swh_gov_domains
sb00221a.admin.ch,swh_gov_domains
sb00221aems.admin.ch,swh_gov_domains
sb00221aext.admin.ch,swh_gov_domains
sb00334a.adb.intra.admin.ch,swh_gov_domains
sb00335a.adb.intra.admin.ch,swh_gov_domains
sb00371a.adb.intra.admin.ch,swh_gov_domains
sb00372a.adb.intra.admin.ch,swh_gov_domains
sb71113a.adb.vos.admin.ch,swh_gov_domains
sb71114a.adb.vos.admin.ch,swh_gov_domains
sbc01fubsbc01.caz.admin.ch,swh_gov_domains
sbc02fubsbc01.caz.admin.ch,swh_gov_domains
sbcfub01-i.vbs.admin.ch,swh_gov_domains
sbcfub01.vbs.admin.ch,swh_gov_domains
sbcfub02.vbs.admin.ch,swh_gov_domains
sbem35app1047.admin.ch,swh_gov_domains
sbfi.admin.ch,swh_gov_domains
sbgbfs.admin.ch,swh_gov_domains
sbp-fire.seco.admin.ch,swh_gov_domains
sbp-resa-a.seco.admin.ch,swh_gov_domains
sbp-resa.seco.admin.ch,swh_gov_domains
sbp.seco.admin.ch,swh_gov_domains
sbpi-fire.seco.admin.ch,swh_gov_domains
sbpi-resa.seco.admin.ch,swh_gov_domains
sbpi.appsi.seco.admin.ch,swh_gov_domains
sbpi.seco.admin.ch,swh_gov_domains
sbpp.apps.seco.admin.ch,swh_gov_domains
schawe-i.vbs.admin.ch,swh_gov_domains
schawe-reports-i.vbs.admin.ch,swh_gov_domains
schawe-reports-t.vbs.admin.ch,swh_gov_domains
schawe-reports.vbs.admin.ch,swh_gov_domains
schawe-t.vbs.admin.ch,swh_gov_domains
schawe.vbs.admin.ch,swh_gov_domains
schemas.geo.admin.ch,swh_gov_domains
schulung.ch-edoc-passantrag.admin.ch,swh_gov_domains
schulung.ch-edoc-reservation.admin.ch,swh_gov_domains
schulung.swiss-visa-application.admin.ch,swh_gov_domains
schweizerpass.admin.ch,swh_gov_domains
sciforma-a.estv.admin.ch,swh_gov_domains
scoexintfba1.admin.ch,swh_gov_domains
scoexintfba2.admin.ch,swh_gov_domains
sdc-learningandnetworking-blog.admin.ch,swh_gov_domains
search.eda.admin.ch,swh_gov_domains
search.geo.admin.ch,swh_gov_domains
sec3.admin.ch,swh_gov_domains
seco-anw.admin.ch,swh_gov_domains
seco-cooperation.admin.ch,swh_gov_domains
seco.admin.ch,swh_gov_domains
secolive.admin.ch,swh_gov_domains
sedex-gw-a.admin.ch,swh_gov_domains
sedex-gw.admin.ch,swh_gov_domains
sedex-service-a.admin.ch,swh_gov_domains
sedex-service-r.admin.ch,swh_gov_domains
sedex-service.admin.ch,swh_gov_domains
sefit-a.bfs.admin.ch,swh_gov_domains
sefit.bfs.admin.ch,swh_gov_domains
sefitstrong-a.bfs.admin.ch,swh_gov_domains
sefitstrong-r.bfs.admin.ch,swh_gov_domains
sefitstrong.bfs.admin.ch,swh_gov_domains
selfreg-a.ssltest.admin.ch,swh_gov_domains
selfreg.ssl.admin.ch,swh_gov_domains
sem.admin.ch,swh_gov_domains
sep-online.eda.admin.ch,swh_gov_domains
servea-cert.a-pki.admin.ch,swh_gov_domains
server-cert.a-pki.admin.ch,swh_gov_domains
server-cert.pki.admin.ch,swh_gov_domains
server-cert.r-pki.admin.ch,swh_gov_domains
service.ssl.admin.ch,swh_gov_domains
service.ssltest.admin.ch,swh_gov_domains
services-ext.gate-a.astra.admin.ch,swh_gov_domains
services-ext.gate-r.astra.admin.ch,swh_gov_domains
services-ext.gate.astra.admin.ch,swh_gov_domains
services-idm-a.admin.ch,swh_gov_domains
services-idm-r.admin.ch,swh_gov_domains
services-idm.admin.ch,swh_gov_domains
services-ktv.gate-a.astra.admin.ch,swh_gov_domains
services-ktv.gate-r.astra.admin.ch,swh_gov_domains
services-ktv.gate.astra.admin.ch,swh_gov_domains
services-partner.gate-a.astra.admin.ch,swh_gov_domains
services-partner.gate-r.astra.admin.ch,swh_gov_domains
services-partner.gate.astra.admin.ch,swh_gov_domains
services.ews-a.admin.ch,swh_gov_domains
services.ews.admin.ch,swh_gov_domains
services.gate-a.astra.admin.ch,swh_gov_domains
services.gate-a.bag.admin.ch,swh_gov_domains
services.gate-a.bar.admin.ch,swh_gov_domains
services.gate-a.bav.admin.ch,swh_gov_domains
services.gate-a.bsv.admin.ch,swh_gov_domains
services.gate-a.eiam.admin.ch,swh_gov_domains
services.gate-a.swissmedic.admin.ch,swh_gov_domains
services.gate-d.eiam.admin.ch,swh_gov_domains
services.gate-r.astra.admin.ch,swh_gov_domains
services.gate-r.bag.admin.ch,swh_gov_domains
services.gate-r.bar.admin.ch,swh_gov_domains
services.gate-r.bav.admin.ch,swh_gov_domains
services.gate-r.bsv.admin.ch,swh_gov_domains
services.gate-r.eiam.admin.ch,swh_gov_domains
services.gate-r.harrods.admin.ch,swh_gov_domains
services.gate-r.swissmedic.admin.ch,swh_gov_domains
services.gate.astra.admin.ch,swh_gov_domains
services.gate.bag.admin.ch,swh_gov_domains
services.gate.bar.admin.ch,swh_gov_domains
services.gate.bav.admin.ch,swh_gov_domains
services.gate.bsv.admin.ch,swh_gov_domains
services.gate.eiam.admin.ch,swh_gov_domains
services.gate.swissmedic.admin.ch,swh_gov_domains
services.ictax-i.admin.ch,swh_gov_domains
services.ictax.admin.ch,swh_gov_domains
services.isceco.admin.ch,swh_gov_domains
services.rpc-a.admin.ch,swh_gov_domains
services.rpc-r.admin.ch,swh_gov_domains
services.rpc.admin.ch,swh_gov_domains
services.zkv.ezv-a.admin.ch,swh_gov_domains
services.zkv.ezv-r.admin.ch,swh_gov_domains
services.zkv.ezv.admin.ch,swh_gov_domains
sesam.search.admin.ch,swh_gov_domains
sftp.idzedi.admin.ch,swh_gov_domains
sftpt.idzedi.admin.ch,swh_gov_domains
sh.baustellen.astra.admin.ch,swh_gov_domains
sh.baustellen.vmz.admin.ch,swh_gov_domains
sh.vm-ch.astra.admin.ch,swh_gov_domains
sh.vm-ch.vmz.admin.ch,swh_gov_domains
shape-s.ras.admin.ch,swh_gov_domains
shape-s.rastest.admin.ch,swh_gov_domains
shape.ras.admin.ch,swh_gov_domains
shape.rastest.admin.ch,swh_gov_domains
sharepoint-a.admin.ch,swh_gov_domains
sharepoint.admin.ch,swh_gov_domains
shis-a.bfs.admin.ch,swh_gov_domains
shis-r.bfs.admin.ch,swh_gov_domains
shis.bfs.admin.ch,swh_gov_domains
shop-i.ccsap.admin.ch,swh_gov_domains
shop.zivi.admin.ch,swh_gov_domains
sia-t.estv.admin.ch,swh_gov_domains
sib.admin.ch,swh_gov_domains
sibad-2fa.ssltest.admin.ch,swh_gov_domains
sibad-i.vbs.admin.ch,swh_gov_domains
sibad-t-2fa.ssltest.admin.ch,swh_gov_domains
sibad-t.ssl.admin.ch,swh_gov_domains
sibad-t.vbs.admin.ch,swh_gov_domains
sibad-v3-i.ssl.admin.ch,swh_gov_domains
sibad-v3-i.ssltest.admin.ch,swh_gov_domains
sibad-v3.ssl.admin.ch,swh_gov_domains
sibad-v3.ssltest.admin.ch,swh_gov_domains
sibad.ssl.admin.ch,swh_gov_domains
sibad.vbs.admin.ch,swh_gov_domains
sif.admin.ch,swh_gov_domains
signavio-a.estv.admin.ch,swh_gov_domains
signavio.estv.admin.ch,swh_gov_domains
sip.ab-ba.admin.ch,swh_gov_domains
sip.adb.intra.admin.ch,swh_gov_domains
sip.adb.vos.admin.ch,swh_gov_domains
sip.admin.ch,swh_gov_domains
sip.agroscope.admin.ch,swh_gov_domains
sip.alcosuisse.admin.ch,swh_gov_domains
sip.are.admin.ch,swh_gov_domains
sip.astra.admin.ch,swh_gov_domains
sip.ba.admin.ch,swh_gov_domains
sip.bafu.admin.ch,swh_gov_domains
sip.bag.admin.ch,swh_gov_domains
sip.bak.admin.ch,swh_gov_domains
sip.bakom.admin.ch,swh_gov_domains
sip.bar.admin.ch,swh_gov_domains
sip.baspo.admin.ch,swh_gov_domains
sip.bav.admin.ch,swh_gov_domains
sip.bazl.admin.ch,swh_gov_domains
sip.bbl.admin.ch,swh_gov_domains
sip.bfe.admin.ch,swh_gov_domains
sip.bfk.admin.ch,swh_gov_domains
sip.bfm.admin.ch,swh_gov_domains
sip.bfs.admin.ch,swh_gov_domains
sip.bfu.admin.ch,swh_gov_domains
sip.bit.admin.ch,swh_gov_domains
sip.bit.vos.admin.ch,swh_gov_domains
sip.bj.admin.ch,swh_gov_domains
sip.bk.admin.ch,swh_gov_domains
sip.blk.admin.ch,swh_gov_domains
sip.blv.admin.ch,swh_gov_domains
sip.blw.admin.ch,swh_gov_domains
sip.bstger.admin.ch,swh_gov_domains
sip.bsv.admin.ch,swh_gov_domains
sip.bvger.admin.ch,swh_gov_domains
sip.bwl.admin.ch,swh_gov_domains
sip.bwo.admin.ch,swh_gov_domains
sip.comcom.admin.ch,swh_gov_domains
sip.eav.admin.ch,swh_gov_domains
sip.ebg.admin.ch,swh_gov_domains
sip.eda.admin.ch,swh_gov_domains
sip.edoeb.admin.ch,swh_gov_domains
sip.efbs.admin.ch,swh_gov_domains
sip.efk.admin.ch,swh_gov_domains
sip.efv.admin.ch,swh_gov_domains
sip.ehealth.admin.ch,swh_gov_domains
sip.ekm.admin.ch,swh_gov_domains
sip.elcom.admin.ch,swh_gov_domains
sip.enhk.admin.ch,swh_gov_domains
sip.epa-dlz.admin.ch,swh_gov_domains
sip.epa.admin.ch,swh_gov_domains
sip.esbk.admin.ch,swh_gov_domains
sip.estv.admin.ch,swh_gov_domains
sip.ezv.admin.ch,swh_gov_domains
sip.fedpol.admin.ch,swh_gov_domains
sip.gs-edi.admin.ch,swh_gov_domains
sip.gs-efd.admin.ch,swh_gov_domains
sip.gs-ejpd.admin.ch,swh_gov_domains
sip.gs-uvek.admin.ch,swh_gov_domains
sip.gs-wbf.admin.ch,swh_gov_domains
sip.ia-efd.admin.ch,swh_gov_domains
sip.isb.admin.ch,swh_gov_domains
sip.isc-ejpd.admin.ch,swh_gov_domains
sip.isceco.admin.ch,swh_gov_domains
sip.ivi.admin.ch,swh_gov_domains
sip.kns.admin.ch,swh_gov_domains
sip.kost.admin.ch,swh_gov_domains
sip.kti.admin.ch,swh_gov_domains
sip.nb.admin.ch,swh_gov_domains
sip.nek-cne.admin.ch,swh_gov_domains
sip.nkvf.admin.ch,swh_gov_domains
sip.oak-bv.admin.ch,swh_gov_domains
sip.parl.admin.ch,swh_gov_domains
sip.postcom.admin.ch,swh_gov_domains
sip.postreg.admin.ch,swh_gov_domains
sip.psb.admin.ch,swh_gov_domains
sip.pue.admin.ch,swh_gov_domains
sip.sbfi.admin.ch,swh_gov_domains
sip.seco.admin.ch,swh_gov_domains
sip.sem.admin.ch,swh_gov_domains
sip.sif.admin.ch,swh_gov_domains
sip.sir.admin.ch,swh_gov_domains
sip.ske.admin.ch,swh_gov_domains
sip.sust.admin.ch,swh_gov_domains
sip.swir.admin.ch,swh_gov_domains
sip.tpf.admin.ch,swh_gov_domains
sip.ubi.admin.ch,swh_gov_domains
sip.uek.admin.ch,swh_gov_domains
sip.uus.admin.ch,swh_gov_domains
sip.uvek.admin.ch,swh_gov_domains
sip.vos.admin.ch,swh_gov_domains
sip.vspb.admin.ch,swh_gov_domains
sip.weko.admin.ch,swh_gov_domains
sip.zas.admin.ch,swh_gov_domains
sip.zivi.admin.ch,swh_gov_domains
sipref.admin.ch,swh_gov_domains
sit-author.vbs.admin.ch,swh_gov_domains
sk01003a.bk.intra.admin.ch,swh_gov_domains
sk01006a.bk.intra.admin.ch,swh_gov_domains
ske.admin.ch,swh_gov_domains
sl01007a.sszadmbit.sszad.admin.ch,swh_gov_domains
sl01008a.sszadmbit.sszad.admin.ch,swh_gov_domains
slmb-t.bag.admin.ch,swh_gov_domains
slmb.bag.admin.ch,swh_gov_domains
smart-a.estv.admin.ch,swh_gov_domains
smart-t.estv.admin.ch,swh_gov_domains
smart.estv.admin.ch,swh_gov_domains
sms-a.bfs.admin.ch,swh_gov_domains
sms-bger-owa.ras.admin.ch,swh_gov_domains
sms-bger-owa.rastest.admin.ch,swh_gov_domains
sms-bk-owa.ras.admin.ch,swh_gov_domains
sms-bk-owa.rastest.admin.ch,swh_gov_domains
sms-eda-owa2010.ras.admin.ch,swh_gov_domains
sms-eda-owa2010.rastest.admin.ch,swh_gov_domains
sms-iak.ssl.admin.ch,swh_gov_domains
sms-iak.ssltest.admin.ch,swh_gov_domains
sms-metas-owa.ras.admin.ch,swh_gov_domains
sms-metas-owa.rastest.admin.ch,swh_gov_domains
sms-outlook.admin.ch,swh_gov_domains
sms-outlook.eda.admin.ch,swh_gov_domains
sms-owa2010.ras.admin.ch,swh_gov_domains
sms-owa2010.rastest.admin.ch,swh_gov_domains
sms-r.bfs.admin.ch,swh_gov_domains
sms-webmail.admin.ch,swh_gov_domains
sms-webmail.bk.admin.ch,swh_gov_domains
sms-webmail.eda.admin.ch,swh_gov_domains
sms-webmail.evd.admin.ch,swh_gov_domains
sms.bfs.admin.ch,swh_gov_domains
snm-owa.ras.admin.ch,swh_gov_domains
snm-owa.rastest.admin.ch,swh_gov_domains
soas-edu.ssltest.admin.ch,swh_gov_domains
soas-prod-a3test.ssltest.admin.ch,swh_gov_domains
soas-prod.ssl.admin.ch,swh_gov_domains
soas-prod.ssltest.admin.ch,swh_gov_domains
soas-ref.ssl.admin.ch,swh_gov_domains
soas-ref.ssltest.admin.ch,swh_gov_domains
soas-val-a3test.ssltest.admin.ch,swh_gov_domains
soas-val.ssl.admin.ch,swh_gov_domains
soas-val.ssltest.admin.ch,swh_gov_domains
somed-a.bfs.admin.ch,swh_gov_domains
somed-mig.bfs.admin.ch,swh_gov_domains
somed.bfs.admin.ch,swh_gov_domains
sonderbewilligungen-a.admin.ch,swh_gov_domains
sonderbewilligungen.admin.ch,swh_gov_domains
sozialhilfeiws.bfs.admin.ch,swh_gov_domains
sozinventar.bfs.admin.ch,swh_gov_domains
sp15-01-int.admin.ch,swh_gov_domains
sparql.geo.admin.ch,swh_gov_domains
spextranet.admin.ch,swh_gov_domains
spextranet2.admin.ch,swh_gov_domains
sphair.admin.ch,swh_gov_domains
spitex.bfs.admin.ch,swh_gov_domains
splus.esti.admin.ch,swh_gov_domains
sport.admin.ch,swh_gov_domains
sprengen-2fa.ssltest.admin.ch,swh_gov_domains
sprengen-vp-2fa.ssltest.admin.ch,swh_gov_domains
sprengen-vp.ssl.admin.ch,swh_gov_domains
sprengen.ssl.admin.ch,swh_gov_domains
srv.itineris.eda.admin.ch,swh_gov_domains
srvint.itineris.eda.admin.ch,swh_gov_domains
ssk.admin.ch,swh_gov_domains
ssl-committest.admin.ch,swh_gov_domains
ssl-gw-norewrite.ssltest.admin.ch,swh_gov_domains
ssl-gw-test.ssltest.admin.ch,swh_gov_domains
ssl-gw.ssl.admin.ch,swh_gov_domains
ssl.admin.ch,swh_gov_domains
ssl.pki.admin.ch,swh_gov_domains
sslpoc-t.vbs.admin.ch,swh_gov_domains
ssltest.admin.ch,swh_gov_domains
sso-ejpd.pki.admin.ch,swh_gov_domains
sso.geo.admin.ch,swh_gov_domains
sszint.chatworld.eda.admin.ch,swh_gov_domains
sszint.itineris.eda.admin.ch,swh_gov_domains
sszint.logixs.eda.admin.ch,swh_gov_domains
staatskalender-a.admin.ch,swh_gov_domains
staatskalender.admin.ch,swh_gov_domains
staging.tv.admin.ch,swh_gov_domains
star.admin.ch,swh_gov_domains
stat20ne.bfs.admin.ch,swh_gov_domains
statentweb-a.bfs.admin.ch,swh_gov_domains
statentweb-r.bfs.admin.ch,swh_gov_domains
statentweb.bfs.admin.ch,swh_gov_domains
static.admin.ch,swh_gov_domains
stats.geo.admin.ch,swh_gov_domains
status.geo.admin.ch,swh_gov_domains
staysafe.bazl.admin.ch,swh_gov_domains
stelle.admin.ch,swh_gov_domains
storme-web-backend-r.admin.ch,swh_gov_domains
storymaps.geo.admin.ch,swh_gov_domains
strompreis-a.elcom.admin.ch,swh_gov_domains
strompreis.elcom.admin.ch,swh_gov_domains
sts-a.blv.admin.ch,swh_gov_domains
sts-a.ezv.admin.ch,swh_gov_domains
sts-r.blv.admin.ch,swh_gov_domains
sts-r.ezv.admin.ch,swh_gov_domains
sts.blv.admin.ch,swh_gov_domains
sts.cms-a.admin.ch,swh_gov_domains
sts.cms-r.admin.ch,swh_gov_domains
sts.cms.admin.ch,swh_gov_domains
sts.ezv.admin.ch,swh_gov_domains
studadmin-a.ehsm.admin.ch,swh_gov_domains
studadmin-r.ehsm.admin.ch,swh_gov_domains
studadmin.ehsm.admin.ch,swh_gov_domains
styleguide.eda.admin.ch,swh_gov_domains
suissetax-a.estv.admin.ch,swh_gov_domains
suissetax-i.estv.admin.ch,swh_gov_domains
suissetax-r.estv.admin.ch,swh_gov_domains
suissetax-t.estv.admin.ch,swh_gov_domains
suissetax.estv.admin.ch,swh_gov_domains
support.egate.admin.ch,swh_gov_domains
support.iegate.admin.ch,swh_gov_domains
support.ras.admin.ch,swh_gov_domains
support.rastest.admin.ch,swh_gov_domains
support.vegate.admin.ch,swh_gov_domains
survey.efk.admin.ch,swh_gov_domains
sust.admin.ch,swh_gov_domains
svn.bgdi.admin.ch,swh_gov_domains
swans.bazl.admin.ch,swh_gov_domains
swap-a.zas.admin.ch,swh_gov_domains
swap-r.zas.admin.ch,swh_gov_domains
swap.zas.admin.ch,swh_gov_domains
swiss-archive-a.admin.ch,swh_gov_domains
swiss-impex.admin.ch,swh_gov_domains
swissmintshop.admin.ch,swh_gov_domains
swisstopo-a.eiam.admin.ch,swh_gov_domains
swisstopo-owa2013.ras.admin.ch,swh_gov_domains
swisstopo-owa2013.rastest.admin.ch,swh_gov_domains
swisstopo-tsw.ras.admin.ch,swh_gov_domains
swisstopo-tsw.rastest.admin.ch,swh_gov_domains
swisstopo.admin.ch,swh_gov_domains
swisstopo.eiam.admin.ch,swh_gov_domains
swisstoponewsletter.admin.ch,swh_gov_domains
sypres-en.admin.ch,swh_gov_domains
sypres-in.admin.ch,swh_gov_domains
sypres-vp.admin.ch,swh_gov_domains
sypres.admin.ch,swh_gov_domains
tacho-en.admin.ch,swh_gov_domains
tacho-in.admin.ch,swh_gov_domains
tacho-vp.admin.ch,swh_gov_domains
tacho.admin.ch,swh_gov_domains
tadssz.iegate.admin.ch,swh_gov_domains
talk.geo.admin.ch,swh_gov_domains
tanghe-i.vbs.admin.ch,swh_gov_domains
tbox-int-publica.adr.admin.ch,swh_gov_domains
tbox-mv-publica.adr.admin.ch,swh_gov_domains
tbox-publica.adr.admin.ch,swh_gov_domains
tel-admin.admin.ch,swh_gov_domains
telezas3-2fa.ssltest.admin.ch,swh_gov_domains
telezas3-a-2fa.ssltest.admin.ch,swh_gov_domains
telezas3-a-sec.ssl.admin.ch,swh_gov_domains
telezas3-f-2fa.ssltest.admin.ch,swh_gov_domains
telezas3-f-sec-pw.ssl.admin.ch,swh_gov_domains
telezas3-f-sec-pw.ssltest.admin.ch,swh_gov_domains
telezas3-f-sec.ssl.admin.ch,swh_gov_domains
telezas3-sec-pw.ssl.admin.ch,swh_gov_domains
telezas3-sec-pw.ssltest.admin.ch,swh_gov_domains
telezas3-sec.ssl.admin.ch,swh_gov_domains
telezas3-smartcard.ssl.admin.ch,swh_gov_domains
telezas3-smartcard.ssltest.admin.ch,swh_gov_domains
tell.pki.admin.ch,swh_gov_domains
termdat-a.bk.admin.ch,swh_gov_domains
termdat-r.bk.admin.ch,swh_gov_domains
termdat.bk.admin.ch,swh_gov_domains
termdatnew-a.bk.admin.ch,swh_gov_domains
terrain0.geo.admin.ch,swh_gov_domains
terrain1.geo.admin.ch,swh_gov_domains
terrain100.geo.admin.ch,swh_gov_domains
terrain101.geo.admin.ch,swh_gov_domains
terrain102.geo.admin.ch,swh_gov_domains
terrain103.geo.admin.ch,swh_gov_domains
terrain104.geo.admin.ch,swh_gov_domains
terrain2.geo.admin.ch,swh_gov_domains
terrain3.geo.admin.ch,swh_gov_domains
terrain4.geo.admin.ch,swh_gov_domains
tesi.astra.admin.ch,swh_gov_domains
tesi.vdv.admin.ch,swh_gov_domains
test-blog.bit.admin.ch,swh_gov_domains
test-burweb.bfs.admin.ch,swh_gov_domains
test-burwebextractionmgmt.bfs.admin.ch,swh_gov_domains
test-burwebextractionmgmt.migv.bfs.admin.ch,swh_gov_domains
test-burwebxml.bfs.admin.ch,swh_gov_domains
test-burwebxml.migv.bfs.admin.ch,swh_gov_domains
test-i.vbs.admin.ch,swh_gov_domains
test-vst.root.admin.ch,swh_gov_domains
test-webdav.bit.admin.ch,swh_gov_domains
test.baustellen.astra.admin.ch,swh_gov_domains
test.digame.mediathek.admin.ch,swh_gov_domains
test.e-service.admin.ch,swh_gov_domains
test.efv.admin.ch,swh_gov_domains
test.geo.admin.ch,swh_gov_domains
test.ies.admin.ch,swh_gov_domains
test.indikatoren.admin.ch,swh_gov_domains
test.mediathek.admin.ch,swh_gov_domains
test.swisstopo.admin.ch,swh_gov_domains
test.toposhop.admin.ch,swh_gov_domains
test.vbs.admin.ch,swh_gov_domains
test.vm-ch.astra.admin.ch,swh_gov_domains
test.webftp.admin.ch,swh_gov_domains
test1.gate-a.bit.admin.ch,swh_gov_domains
test2.gate-a.bit.admin.ch,swh_gov_domains
test3.gate-a.bit.admin.ch,swh_gov_domains
test4.gate-a.bit.admin.ch,swh_gov_domains
test5.gate-a.bit.admin.ch,swh_gov_domains
test6.gate-a.bit.admin.ch,swh_gov_domains
test7.gate-a.bit.admin.ch,swh_gov_domains
test8.gate-a.bit.admin.ch,swh_gov_domains
testbi.ies.admin.ch,swh_gov_domains
testpep.eiam.admin.ch,swh_gov_domains
testrinach01.admin.ch,swh_gov_domains
testrinach02.admin.ch,swh_gov_domains
testtools.wbf.admin.ch,swh_gov_domains
ticket.geo.admin.ch,swh_gov_domains
tiefenlager-a.bfe.admin.ch,swh_gov_domains
tms3d.geo.admin.ch,swh_gov_domains
token-selfservice-soas-a3test.ssltest.admin.ch,swh_gov_domains
token-selfservice-soas.ssl.admin.ch,swh_gov_domains
token-selfservice-soas.ssltest.admin.ch,swh_gov_domains
token-selfservice.ssl.admin.ch,swh_gov_domains
token-selfservice.ssltest.admin.ch,swh_gov_domains
token-unseal.a-pki.admin.ch,swh_gov_domains
token-unseal.pki.admin.ch,swh_gov_domains
token-unseal.r-pki.admin.ch,swh_gov_domains
tokenunseal.a-pki.admin.ch,swh_gov_domains
tokenunseal.pki.admin.ch,swh_gov_domains
toposhop.admin.ch,swh_gov_domains
toposhop0i.bgdi.admin.ch,swh_gov_domains
tpf.admin.ch,swh_gov_domains
traces-in.admin.ch,swh_gov_domains
traces-vp.admin.ch,swh_gov_domains
traces.admin.ch,swh_gov_domains
training.eda.admin.ch,swh_gov_domains
transerver.parchem.bag.admin.ch,swh_gov_domains
transervert.parchem.bag.admin.ch,swh_gov_domains
transfer.bfe.admin.ch,swh_gov_domains
transfer.evd.admin.ch,swh_gov_domains
transfer.wbf.admin.ch,swh_gov_domains
translation.eda.admin.ch,swh_gov_domains
transplantationsdaten.admin.ch,swh_gov_domains
trustmail.admin.ch,swh_gov_domains
tsa.a-pki.admin.ch,swh_gov_domains
tsa.pki.admin.ch,swh_gov_domains
tssvc.eda.admin.ch,swh_gov_domains
tu-verzeichnisse-a.bav.admin.ch,swh_gov_domains
tv-statistik.bvet.admin.ch,swh_gov_domains
tv.admin.ch,swh_gov_domains
txdb-test.admin.ch,swh_gov_domains
uat-author-internet.vbs.admin.ch,swh_gov_domains
uat-author-intranet.vbs.admin.ch,swh_gov_domains
ubi.admin.ch,swh_gov_domains
ubst.bafu.admin.ch,swh_gov_domains
ucc-bit-webwac-01.adb.vos.admin.ch,swh_gov_domains
ucc.admin.ch,swh_gov_domains
ucc.parl.admin.ch,swh_gov_domains
uccbitwacfarm01.admin.ch,swh_gov_domains
uccbitwacfarmref01.admin.ch,swh_gov_domains
uccbitwebpool01.admin.ch,swh_gov_domains
uccbitwebpool02.admin.ch,swh_gov_domains
uccbitwebpoolref01.admin.ch,swh_gov_domains
uccbitwebpoolref02.admin.ch,swh_gov_domains
uccfubwacfarm01-i.vbs.admin.ch,swh_gov_domains
uccfubwacfarm01.vbs.admin.ch,swh_gov_domains
uccfubwebpool01-i.vbs.admin.ch,swh_gov_domains
uccfubwebpool01.vbs.admin.ch,swh_gov_domains
uccfubwebpool02-i.vbs.admin.ch,swh_gov_domains
uccfubwebpool02.vbs.admin.ch,swh_gov_domains
uccref.admin.ch,swh_gov_domains
uccweb.parl.admin.ch,swh_gov_domains
uid-a.admin.ch,swh_gov_domains
uid-r.admin.ch,swh_gov_domains
uid-wse-a.admin.ch,swh_gov_domains
uid-wse-r.admin.ch,swh_gov_domains
uid-wse.admin.ch,swh_gov_domains
uid.admin.ch,swh_gov_domains
umc-gateway-a.admin.ch,swh_gov_domains
umc-gateway-r.admin.ch,swh_gov_domains
umc-gateway.admin.ch,swh_gov_domains
unternehmerverzeichnis.bav.admin.ch,swh_gov_domains
upiadmin-test.zas.admin.ch,swh_gov_domains
upiadmin.zas.admin.ch,swh_gov_domains
upiviewer-test.zas.admin.ch,swh_gov_domains
upiviewer.zas.admin.ch,swh_gov_domains
users.bsv.admin.ch,swh_gov_domains
uus.admin.ch,swh_gov_domains
uvek-gis.admin.ch,swh_gov_domains
uvek.admin.ch,swh_gov_domains
uvek.gever-abn.admin.ch,swh_gov_domains
uvek.gever-ref.admin.ch,swh_gov_domains
uvek.gever.admin.ch,swh_gov_domains
v-kti.cti.admin.ch,swh_gov_domains
v07ssz.vegate.admin.ch,swh_gov_domains
v10ssz.vegate.admin.ch,swh_gov_domains
v11ssz.vegate.admin.ch,swh_gov_domains
v12ssz.vegate.admin.ch,swh_gov_domains
v15ssz.vegate.admin.ch,swh_gov_domains
v36fpn.vegate.admin.ch,swh_gov_domains
v91ssz.vegate.admin.ch,swh_gov_domains
v93ssz.vegate.admin.ch,swh_gov_domains
vaipe.admin.ch,swh_gov_domains
valid-dv.pki.admin.ch,swh_gov_domains
valid-ev.pki.admin.ch,swh_gov_domains
valid-ov.pki.admin.ch,swh_gov_domains
valid-pkitestsite.pki.admin.ch,swh_gov_domains
vbscms-a.admin.ch,swh_gov_domains
vbscms-r.admin.ch,swh_gov_domains
vbscms.admin.ch,swh_gov_domains
vde.admin.ch,swh_gov_domains
vdi-admin-a.rastest.admin.ch,swh_gov_domains
vdi-admin-bk-a.rastest.admin.ch,swh_gov_domains
vdi-admin-bk-r.rastest.admin.ch,swh_gov_domains
vdi-admin-bk.ras.admin.ch,swh_gov_domains
vdi-admin-r.rastest.admin.ch,swh_gov_domains
vdi-admin.ras.admin.ch,swh_gov_domains
vdi-admin.rastest.admin.ch,swh_gov_domains
vdv.admin.ch,swh_gov_domains
vegate.admin.ch,swh_gov_domains
vepfpn.vegate.admin.ch,swh_gov_domains
veranstaltungen.bk.admin.ch,swh_gov_domains
veva-online-a.admin.ch,swh_gov_domains
veva-online.admin.ch,swh_gov_domains
veva-schulung.admin.ch,swh_gov_domains
video.schulung.emrot.astra.admin.ch,swh_gov_domains
vip.eda.admin.ch,swh_gov_domains
vipdb.rastest.admin.ch,swh_gov_domains
visa-elearning.admin.ch,swh_gov_domains
visa-support.admin.ch,swh_gov_domains
visionplus.admin.ch,swh_gov_domains
vm-ch.astra.admin.ch,swh_gov_domains
vm-ch.pta.emrot.astra.admin.ch,swh_gov_domains
vm-ch.pta.emrot.vdv.admin.ch,swh_gov_domains
vm-ch.vdv.admin.ch,swh_gov_domains
vm-ch.vmz.admin.ch,swh_gov_domains
vm.aramis.admin.ch,swh_gov_domains
vmeiam60a01l.ssz.admin.ch,swh_gov_domains
vmeiam60a02l.ssz.admin.ch,swh_gov_domains
vmeiam60p01.bfi.admin.ch,swh_gov_domains
vmeiam60p02.bfi.admin.ch,swh_gov_domains
vmlamda.admin.ch,swh_gov_domains
vmt.aramis.admin.ch,swh_gov_domains
vmz.astra.admin.ch,swh_gov_domains
vp.admin.ch,swh_gov_domains
vp.baustellen.astra.admin.ch,swh_gov_domains
vp.baustellen.vmz.admin.ch,swh_gov_domains
vp.vm-ch.astra.admin.ch,swh_gov_domains
vp.vm-ch.vmz.admin.ch,swh_gov_domains
vpnfr.astra.admin.ch,swh_gov_domains
vpnvd.astra.admin.ch,swh_gov_domains
vptest.admin.ch,swh_gov_domains
vvisionplus.admin.ch,swh_gov_domains
w16.brz.eda.admin.ch,swh_gov_domains
w16.chatworld.eda.admin.ch,swh_gov_domains
w16.commonapps.eda.admin.ch,swh_gov_domains
w16.flow.eda.admin.ch,swh_gov_domains
w16.ioelections.eda.admin.ch,swh_gov_domains
w16.ips.eda.admin.ch,swh_gov_domains
w16.itdoc.eda.admin.ch,swh_gov_domains
w16.jahresbericht-kdl.eda.admin.ch,swh_gov_domains
w16.vip.eda.admin.ch,swh_gov_domains
wac.parl.admin.ch,swh_gov_domains
wacweb01.eda.admin.ch,swh_gov_domains
wahlen.admin.ch,swh_gov_domains
wbf.admin.ch,swh_gov_domains
wbs.admin.ch,swh_gov_domains
webanalytics.bit.admin.ch,swh_gov_domains
webapps.eda.admin.ch,swh_gov_domains
webapps.ezv.admin.ch,swh_gov_domains
webcheck.melani.admin.ch,swh_gov_domains
webcon.eda.admin.ch,swh_gov_domains
webconf.admin.ch,swh_gov_domains
webconf.parl.admin.ch,swh_gov_domains
webconf01.admin.ch,swh_gov_domains
webconf01.eda.admin.ch,swh_gov_domains
webconf02.admin.ch,swh_gov_domains
webconf02.eda.admin.ch,swh_gov_domains
webconfref01.admin.ch,swh_gov_domains
webconfref02.admin.ch,swh_gov_domains
webform-a.bag.admin.ch,swh_gov_domains
webform-k.bag.admin.ch,swh_gov_domains
webform-r.bag.admin.ch,swh_gov_domains
webform.bag.admin.ch,swh_gov_domains
webftp.admin.ch,swh_gov_domains
webguidelines.admin.ch,swh_gov_domains
webkennzahlen-a.bav.admin.ch,swh_gov_domains
webkennzahlen.bav.admin.ch,swh_gov_domains
webmail.admin.ch,swh_gov_domains
webmail.bger.admin.ch,swh_gov_domains
webmail.bk.admin.ch,swh_gov_domains
webmail.eda.admin.ch,swh_gov_domains
webmail.evd.admin.ch,swh_gov_domains
webmail.finma.admin.ch,swh_gov_domains
webmail.parl.admin.ch,swh_gov_domains
webmail.snm.admin.ch,swh_gov_domains
webmail.wbf.admin.ch,swh_gov_domains
webservice-a.nrr.zas.admin.ch,swh_gov_domains
webservice-r.nrr.zas.admin.ch,swh_gov_domains
webservice.medreg-a.admin.ch,swh_gov_domains
webservice.medreg-k.admin.ch,swh_gov_domains
webservice.medreg-r.admin.ch,swh_gov_domains
webservice.medreg-t.admin.ch,swh_gov_domains
webservice.medreg.admin.ch,swh_gov_domains
webservice.nrr.zas.admin.ch,swh_gov_domains
webstat.2edaadmin.ch,swh_gov_domains
webstat.eda.admin.ch,swh_gov_domains
weko.admin.ch,swh_gov_domains
werbung.eav.admin.ch,swh_gov_domains
wetraining-blog.seco.admin.ch,swh_gov_domains
wetter.bit.admin.ch,swh_gov_domains
wfha.sbfi.admin.ch,swh_gov_domains
wfs.geo.admin.ch,swh_gov_domains
whistleblowing.admin.ch,swh_gov_domains
wiki-hermes.isb.admin.ch,swh_gov_domains
wiki.bag.admin.ch,swh_gov_domains
wiki.informatik.uvek.admin.ch,swh_gov_domains
wiki.sis.bfs.admin.ch,swh_gov_domains
wiki.vollzugsinfo.bag.admin.ch,swh_gov_domains
wiki.zivi.admin.ch,swh_gov_domains
wissen-wiki.blv.admin.ch,swh_gov_domains
wissen-wiki.bvet.admin.ch,swh_gov_domains
wiw.a-pki.admin.ch,swh_gov_domains
wiw.pki.admin.ch,swh_gov_domains
wms-fedro.geo.admin.ch,swh_gov_domains
wms.geo.admin.ch,swh_gov_domains
wms.swisstopo.admin.ch,swh_gov_domains
wms0.geo.admin.ch,swh_gov_domains
wms0i.swisstopo.admin.ch,swh_gov_domains
wms0t.swisstopo.admin.ch,swh_gov_domains
wms1.geo.admin.ch,swh_gov_domains
wms10.geo.admin.ch,swh_gov_domains
wms11.geo.admin.ch,swh_gov_domains
wms12.geo.admin.ch,swh_gov_domains
wms13.geo.admin.ch,swh_gov_domains
wms14.geo.admin.ch,swh_gov_domains
wms2.geo.admin.ch,swh_gov_domains
wms3.geo.admin.ch,swh_gov_domains
wms4.geo.admin.ch,swh_gov_domains
wmts-fedro.geo.admin.ch,swh_gov_domains
wmts-foag.geo.admin.ch,swh_gov_domains
wmts-vd.geo.admin.ch,swh_gov_domains
wmts.geo.admin.ch,swh_gov_domains
wmts.swisstopo.admin.ch,swh_gov_domains
wmts0.geo.admin.ch,swh_gov_domains
wmts1.geo.admin.ch,swh_gov_domains
wmts10.geo.admin.ch,swh_gov_domains
wmts100.geo.admin.ch,swh_gov_domains
wmts101.geo.admin.ch,swh_gov_domains
wmts102.geo.admin.ch,swh_gov_domains
wmts103.geo.admin.ch,swh_gov_domains
wmts104.geo.admin.ch,swh_gov_domains
wmts105.geo.admin.ch,swh_gov_domains
wmts106.geo.admin.ch,swh_gov_domains
wmts107.geo.admin.ch,swh_gov_domains
wmts108.geo.admin.ch,swh_gov_domains
wmts109.geo.admin.ch,swh_gov_domains
wmts11.geo.admin.ch,swh_gov_domains
wmts12.geo.admin.ch,swh_gov_domains
wmts13.geo.admin.ch,swh_gov_domains
wmts14.geo.admin.ch,swh_gov_domains
wmts15.geo.admin.ch,swh_gov_domains
wmts16.geo.admin.ch,swh_gov_domains
wmts17.geo.admin.ch,swh_gov_domains
wmts18.geo.admin.ch,swh_gov_domains
wmts19.geo.admin.ch,swh_gov_domains
wmts2.geo.admin.ch,swh_gov_domains
wmts20.geo.admin.ch,swh_gov_domains
wmts21.geo.admin.ch,swh_gov_domains
wmts22.geo.admin.ch,swh_gov_domains
wmts23.geo.admin.ch,swh_gov_domains
wmts24.geo.admin.ch,swh_gov_domains
wmts25.geo.admin.ch,swh_gov_domains
wmts26.geo.admin.ch,swh_gov_domains
wmts27.geo.admin.ch,swh_gov_domains
wmts28.geo.admin.ch,swh_gov_domains
wmts29.geo.admin.ch,swh_gov_domains
wmts3.geo.admin.ch,swh_gov_domains
wmts4.geo.admin.ch,swh_gov_domains
wmts5.geo.admin.ch,swh_gov_domains
wmts6.geo.admin.ch,swh_gov_domains
wmts7.geo.admin.ch,swh_gov_domains
wmts8.geo.admin.ch,swh_gov_domains
wmts9.geo.admin.ch,swh_gov_domains
work.bazl.admin.ch,swh_gov_domains
wps.geo.admin.ch,swh_gov_domains
ws-a.astra-mistra.admin.ch,swh_gov_domains
ws-a.entsoe.match.elcom.admin.ch,swh_gov_domains
ws-a.ws-ccsap.admin.ch,swh_gov_domains
ws-en-dis.evdssz.admin.ch,swh_gov_domains
ws-en.evd.admin.ch,swh_gov_domains
ws-en.evdssz.admin.ch,swh_gov_domains
ws-en.wbf.admin.ch,swh_gov_domains
ws-en.wbf.evdssz.admin.ch,swh_gov_domains
ws-i.vbs.admin.ch,swh_gov_domains
ws-in.evdssz.admin.ch,swh_gov_domains
ws-in.wbf.admin.ch,swh_gov_domains
ws-in.wbf.evdssz.admin.ch,swh_gov_domains
ws-int.evd.admin.ch,swh_gov_domains
ws-int.evdssz.admin.ch,swh_gov_domains
ws-r.astra-mistra.admin.ch,swh_gov_domains
ws-r.entsoe.match.elcom.admin.ch,swh_gov_domains
ws-r.ws-ccsap.admin.ch,swh_gov_domains
ws-rest-a.astra-mistra.admin.ch,swh_gov_domains
ws-rest-r.astra-mistra.admin.ch,swh_gov_domains
ws-rest.astra-mistra.admin.ch,swh_gov_domains
ws-rf.evd.admin.ch,swh_gov_domains
ws-rf.evdssz.admin.ch,swh_gov_domains
ws-rf.wbf.admin.ch,swh_gov_domains
ws-rf.wbf.evdssz.admin.ch,swh_gov_domains
ws-se.evdssz.admin.ch,swh_gov_domains
ws-se.wbf.admin.ch,swh_gov_domains
ws-sh.evd.admin.ch,swh_gov_domains
ws-sh.evdssz.admin.ch,swh_gov_domains
ws-sh.wbf.admin.ch,swh_gov_domains
ws-sh.wbf.evdssz.admin.ch,swh_gov_domains
ws-swap-a.zas.admin.ch,swh_gov_domains
ws-swap-r.zas.admin.ch,swh_gov_domains
ws-swap.zas.admin.ch,swh_gov_domains
ws-vp.evd.admin.ch,swh_gov_domains
ws-vp.evdssz.admin.ch,swh_gov_domains
ws-vp.wbf.admin.ch,swh_gov_domains
ws-vp.wbf.evdssz.admin.ch,swh_gov_domains
ws.adr.asketi-a.blv.admin.ch,swh_gov_domains
ws.adr.asketi.blv.admin.ch,swh_gov_domains
ws.aia-a.estv.admin.ch,swh_gov_domains
ws.aia-r.estv.admin.ch,swh_gov_domains
ws.aia.estv.admin.ch,swh_gov_domains
ws.astra-mistra.admin.ch,swh_gov_domains
ws.bav-phoenix-a.admin.ch,swh_gov_domains
ws.bav-phoenix-r.admin.ch,swh_gov_domains
ws.bav-phoenix.admin.ch,swh_gov_domains
ws.code-a.admin.ch,swh_gov_domains
ws.code-r.admin.ch,swh_gov_domains
ws.code.admin.ch,swh_gov_domains
ws.comeav-a.eav.admin.ch,swh_gov_domains
ws.comeav-r.eav.admin.ch,swh_gov_domains
ws.comeav.eav.admin.ch,swh_gov_domains
ws.demo-wsg-eiam-wss-r.admin.ch,swh_gov_domains
ws.dm2010.eiam-r.admin.ch,swh_gov_domains
ws.eiam.adminservice-a.admin.ch,swh_gov_domains
ws.eiam.adminservice-r.admin.ch,swh_gov_domains
ws.eiam.adminservice.admin.ch,swh_gov_domains
ws.entsoe.match.elcom.admin.ch,swh_gov_domains
ws.evd.admin.ch,swh_gov_domains
ws.evdssz.admin.ch,swh_gov_domains
ws.ews-r.admin.ch,swh_gov_domains
ws.gate-a.astra.admin.ch,swh_gov_domains
ws.gate-r.astra.admin.ch,swh_gov_domains
ws.gate.astra.admin.ch,swh_gov_domains
ws.hspers-r.bfs.admin.ch,swh_gov_domains
ws.in.vm-ch.astra.admin.ch,swh_gov_domains
ws.incamail-a.bbl.admin.ch,swh_gov_domains
ws.kuba-export-a.astra.admin.ch,swh_gov_domains
ws.kuba-export-r.astra.admin.ch,swh_gov_domains
ws.kuba-export.astra.admin.ch,swh_gov_domains
ws.lohnweb-a.bfs.admin.ch,swh_gov_domains
ws.lohnweb-r.bfs.admin.ch,swh_gov_domains
ws.lohnweb.bfs.admin.ch,swh_gov_domains
ws.lsvastammdaten-a.admin.ch,swh_gov_domains
ws.lsvastammdaten-r.admin.ch,swh_gov_domains
ws.match.elcom.admin.ch,swh_gov_domains
ws.meduse-medreg-r.bag.admin.ch,swh_gov_domains
ws.mod-a.bfs.admin.ch,swh_gov_domains
ws.mod-r.bfs.admin.ch,swh_gov_domains
ws.mod.bfs.admin.ch,swh_gov_domains
ws.ns-netze.astra.admin.ch,swh_gov_domains
ws.onlineanmeldung-a.bag.admin.ch,swh_gov_domains
ws.onlineanmeldung-k.bag.admin.ch,swh_gov_domains
ws.onlineanmeldung-r.bag.admin.ch,swh_gov_domains
ws.onlineanmeldung.bag.admin.ch,swh_gov_domains
ws.privasphere-a.bbl.admin.ch,swh_gov_domains
ws.privasphere-r.bbl.admin.ch,swh_gov_domains
ws.psyreg-a.bag.admin.ch,swh_gov_domains
ws.psyreg-k.bag.admin.ch,swh_gov_domains
ws.psyreg-r.bag.admin.ch,swh_gov_domains
ws.psyreg.bag.admin.ch,swh_gov_domains
ws.pta.emrot.astra.admin.ch,swh_gov_domains
ws.quattrop-a.admin.ch,swh_gov_domains
ws.quattrop-r.admin.ch,swh_gov_domains
ws.quattrop.admin.ch,swh_gov_domains
ws.ra-r.zas.admin.ch,swh_gov_domains
ws.rapg-a-poc.admin.ch,swh_gov_domains
ws.sh.vm-ch.astra.admin.ch,swh_gov_domains
ws.shs-r.bfs.admin.ch,swh_gov_domains
ws.soapservice-test-3.admin.ch,swh_gov_domains
ws.soas-a.bag.admin.ch,swh_gov_domains
ws.soas-r.bag.admin.ch,swh_gov_domains
ws.soas.bag.admin.ch,swh_gov_domains
ws.stammdaten.lsva.admin.ch,swh_gov_domains
ws.storme-a.bafu.admin.ch,swh_gov_domains
ws.storme-r.bafu.admin.ch,swh_gov_domains
ws.storme.bafu.admin.ch,swh_gov_domains
ws.upi-master-a.zas.admin.ch,swh_gov_domains
ws.upi-master-r.zas.admin.ch,swh_gov_domains
ws.upi-master.zas.admin.ch,swh_gov_domains
ws.upi-mirror-r.zas.admin.ch,swh_gov_domains
ws.vbs.admin.ch,swh_gov_domains
ws.veva-online-a.admin.ch,swh_gov_domains
ws.veva-online-r.admin.ch,swh_gov_domains
ws.veva-online.admin.ch,swh_gov_domains
ws.vm-ch.astra.admin.ch,swh_gov_domains
ws.vp.vm-ch.astra.admin.ch,swh_gov_domains
ws.wbf.admin.ch,swh_gov_domains
ws.wbf.evdssz.admin.ch,swh_gov_domains
ws.wbfssz.admin.ch,swh_gov_domains
ws.ws-ccsap.admin.ch,swh_gov_domains
wupi-test.zas.admin.ch,swh_gov_domains
wupi.zas.admin.ch,swh_gov_domains
ww2.elic-en.admin.ch,swh_gov_domains
ww2.elic-in.admin.ch,swh_gov_domains
ww2.elic.admin.ch,swh_gov_domains
ww2.elic.wbf.admin.ch,swh_gov_domains
ww2.tacho-en.admin.ch,swh_gov_domains
ww2.tacho-in.admin.ch,swh_gov_domains
ww2.tacho-vp.admin.ch,swh_gov_domains
ww2.tacho.admin.ch,swh_gov_domains
www-aa.emissionsregistry.admin.ch,swh_gov_domains
www-temp.nb.admin.ch,swh_gov_domains
www-tmp.agroscope.admin.ch,swh_gov_domains
www-tmp.anmeldestelle.admin.ch,swh_gov_domains
www-tmp.are.admin.ch,swh_gov_domains
www-tmp.bag.admin.ch,swh_gov_domains
www-tmp.beschaffung.admin.ch,swh_gov_domains
www-tmp.bit.admin.ch,swh_gov_domains
www-tmp.blv.admin.ch,swh_gov_domains
www-tmp.bundesanwaltschaft.admin.ch,swh_gov_domains
www-tmp.eak.admin.ch,swh_gov_domains
www-tmp.ekf.admin.ch,swh_gov_domains
www-tmp.ezv.admin.ch,swh_gov_domains
www-tmp.kti.admin.ch,swh_gov_domains
www-tmp.melani.admin.ch,swh_gov_domains
www-tmp.rumba.admin.ch,swh_gov_domains
www-tmp.seco.admin.ch,swh_gov_domains
www-tmp.tpf.admin.ch,swh_gov_domains
www-tmp.zivi.admin.ch,swh_gov_domains
www16.int-brz.eda.admin.ch,swh_gov_domains
www16.int-chatworld.eda.admin.ch,swh_gov_domains
www16.int-commonapps.eda.admin.ch,swh_gov_domains
www16.int-elections.eda.admin.ch,swh_gov_domains
www16.int-flow.eda.admin.ch,swh_gov_domains
www16.int-interactive.eda.admin.ch,swh_gov_domains
www16.int-ips.eda.admin.ch,swh_gov_domains
www16.int-itdoc.eda.admin.ch,swh_gov_domains
www16.int-jahresbericht-kdl.eda.admin.ch,swh_gov_domains
www16.int-move.eda.admin.ch,swh_gov_domains
www16.int-training.eda.admin.ch,swh_gov_domains
www16.int-vip.eda.admin.ch,swh_gov_domains
www2.baustellen.astra.admin.ch,swh_gov_domains
www2.baustellen.pta.emrot.astra.admin.ch,swh_gov_domains
www2.baustellen.pta.emrot.vdv.admin.ch,swh_gov_domains
www2.baustellen.vdv.admin.ch,swh_gov_domains
www2.baustellen.vmz.admin.ch,swh_gov_domains
www2.blv.admin.ch,swh_gov_domains
www2.in.baustellen.astra.admin.ch,swh_gov_domains
www2.in.baustellen.vmz.admin.ch,swh_gov_domains
www2.in.vm-ch.astra.admin.ch,swh_gov_domains
www2.in.vm-ch.vmz.admin.ch,swh_gov_domains
www2.sh.baustellen.astra.admin.ch,swh_gov_domains
www2.sh.baustellen.vmz.admin.ch,swh_gov_domains
www2.sh.vm-ch.astra.admin.ch,swh_gov_domains
www2.sh.vm-ch.vmz.admin.ch,swh_gov_domains
www2.sust.admin.ch,swh_gov_domains
www2.tesi.astra.admin.ch,swh_gov_domains
www2.tesi.vdv.admin.ch,swh_gov_domains
www2.test.baustellen.astra.admin.ch,swh_gov_domains
www2.test.vm-ch.astra.admin.ch,swh_gov_domains
www2.ubi.admin.ch,swh_gov_domains
www2.vm-ch.astra.admin.ch,swh_gov_domains
www2.vm-ch.pta.emrot.astra.admin.ch,swh_gov_domains
www2.vm-ch.pta.emrot.vdv.admin.ch,swh_gov_domains
www2.vm-ch.vdv.admin.ch,swh_gov_domains
www2.vm-ch.vmz.admin.ch,swh_gov_domains
www2.vp.baustellen.astra.admin.ch,swh_gov_domains
www2.vp.baustellen.vmz.admin.ch,swh_gov_domains
www2.vp.vm-ch.astra.admin.ch,swh_gov_domains
www2.vp.vm-ch.vmz.admin.ch,swh_gov_domains
wwwa.collab.astra.admin.ch,swh_gov_domains
wwwa2.vbs.admin.ch,swh_gov_domains
wwwb.e-helvetica.nb.admin.ch,swh_gov_domains
wwwt.aramis.admin.ch,swh_gov_domains
wwwt.datareg.admin.ch,swh_gov_domains
wwwt.digipen.bazl.admin.ch,swh_gov_domains
wwwt.forst-stat.bfs.admin.ch,swh_gov_domains
wwwt.hesta.bfs.admin.ch,swh_gov_domains
wwwt.ichschweiz.admin.ch,swh_gov_domains
wwwt.interruptio-ges.bfs.admin.ch,swh_gov_domains
wwwt.ks.bfs.admin.ch,swh_gov_domains
wwwt.ksamb.bfs.admin.ch,swh_gov_domains
wwwt.kubb2008.bfs.admin.ch,swh_gov_domains
wwwt.parchem.bag.admin.ch,swh_gov_domains
wwwt.somed.bfs.admin.ch,swh_gov_domains
wwwt.sozinventar.bfs.admin.ch,swh_gov_domains
xmlns.bfs.admin.ch,swh_gov_domains
zacweb.eda.admin.ch,swh_gov_domains
zas.admin.ch,swh_gov_domains
zaslive.admin.ch,swh_gov_domains
zefix.admin.ch,swh_gov_domains
zefixintg.admin.ch,swh_gov_domains
zemis.admin.ch,swh_gov_domains
ziele-bk-a.bk.admin.ch,swh_gov_domains
ziele-bk.bk.admin.ch,swh_gov_domains
zivi.admin.ch,swh_gov_domains
zkdb-i.vbs.admin.ch,swh_gov_domains
zkdb-t.vbs.admin.ch,swh_gov_domains
zkdb.vbs.admin.ch,swh_gov_domains
zkv.ezv-a.admin.ch,swh_gov_domains
zkv.ezv-r.admin.ch,swh_gov_domains
zkv.ezv.admin.ch,swh_gov_domains
