domain,source
1000paysages.gouv.fr,swh_gov_domains
110ans.sgdsn.gouv.fr,swh_gov_domains
123-mad.pprod-consult.etalab.gouv.fr,swh_gov_domains
125896349.pprod-consult.etalab.gouv.fr,swh_gov_domains
2.consultation.etalab.gouv.fr,swh_gov_domains
21esiecle.justice.gouv.fr,swh_gov_domains
21siecle.justice.gouv.fr,swh_gov_domains
a-ldsd-app.sigp.aviation-civile.gouv.fr,swh_gov_domains
aai.dgfip.finances.gouv.fr,swh_gov_domains
ac000501.ac.intranet.sante.gouv.fr,swh_gov_domains
ac000502.ac.intranet.sante.gouv.fr,swh_gov_domains
ac000503.ac.intranet.sante.gouv.fr,swh_gov_domains
ac000506.ac.intranet.sante.gouv.fr,swh_gov_domains
ac000507.ac.intranet.sante.gouv.fr,swh_gov_domains
ac000601.ac.intranet.sante.gouv.fr,swh_gov_domains
ac000602.ac.intranet.sante.gouv.fr,swh_gov_domains
ac000701.ac.intranet.sante.gouv.fr,swh_gov_domains
acc.sprint.interarmees.defense.gouv.fr,swh_gov_domains
acces-nomade.developpement-durable.gouv.fr,swh_gov_domains
acces-nomade.melanie.equipement.gouv.fr,swh_gov_domains
acces-web.melanie.equipement.gouv.fr,swh_gov_domains
acces.agriculture.gouv.fr,swh_gov_domains
accueil.contacts-demarches.interieur.gouv.fr,swh_gov_domains
ad-saisie.data.gouv.fr,swh_gov_domains
admin-itrf.itrf.education.gouv.fr,swh_gov_domains
admin.decouvrirlemonde.jeunes.gouv.fr,swh_gov_domains
admin.pensions.bercy.gouv.fr,swh_gov_domains
admin.ppd.ants.gouv.fr,swh_gov_domains
admin.prefecturedepolice.interieur.gouv.fr,swh_gov_domains
admin.retraitesdeletat.gouv.fr,swh_gov_domains
admin.test.itrf.education.gouv.fr,swh_gov_domains
administration-centrale.safire.fonction-publique.gouv.fr,swh_gov_domains
administration-transparence.intranet.sante.gouv.fr,swh_gov_domains
administration24h24.gouv.fr,swh_gov_domains
adminmessagerie.eridan.social.gouv.fr,swh_gov_domains
admportail.dmp.gouv.fr,swh_gov_domains
afet.education.gouv.fr,swh_gov_domains
aft.gouv.fr,swh_gov_domains
agaec.ants.gouv.fr,swh_gov_domains
again-a-madison.pprod-consult.etalab.gouv.fr,swh_gov_domains
agata.aviation-civile.gouv.fr,swh_gov_domains
agata.dsna.aviation-civile.gouv.fr,swh_gov_domains
agd.data.gouv.fr,swh_gov_domains
agence-adoption.fr,swh_gov_domains
agence-biomedecine.fr,swh_gov_domains
agencedunumerique.gouv.fr,swh_gov_domains
agenda.sigp.aviation-civile.gouv.fr,swh_gov_domains
agenor.equipement.gouv.fr,swh_gov_domains
agent.sirhen.in.phm.education.gouv.fr,swh_gov_domains
agent.sirhen.phm.education.gouv.fr,swh_gov_domains
agents.grippea.bercy.gouv.fr,swh_gov_domains
agissons.developpement-durable.gouv.fr,swh_gov_domains
agit.ants.gouv.fr,swh_gov_domains
agorha-pprd.agriculture.gouv.fr,swh_gov_domains
agorha.acces.agriculture.gouv.fr,swh_gov_domains
agorha.agriculture.gouv.fr,swh_gov_domains
agrelab.sante.gouv.fr,swh_gov_domains
agricoll-pprd.agriculture.gouv.fr,swh_gov_domains
agricoll.agriculture.gouv.fr,swh_gov_domains
agrispip-pprd.agriculture.gouv.fr,swh_gov_domains
agrispip.agriculture.gouv.fr,swh_gov_domains
aidda.rh-terre.defense.gouv.fr,swh_gov_domains
aides-pprd.agriculture.gouv.fr,swh_gov_domains
aides.agriculture.gouv.fr,swh_gov_domains
air.defense.gouv.fr,swh_gov_domains
air.stac.aviation-civile.gouv.fr,swh_gov_domains
aladin.sigp.aviation-civile.gouv.fr,swh_gov_domains
alerte-saip.gouv.fr,swh_gov_domains
alexi.aviation-civile.gouv.fr,swh_gov_domains
alfresco-disic.developpement-durable.gouv.fr,swh_gov_domains
alim-pprd.agriculture.gouv.fr,swh_gov_domains
alim.agriculture.gouv.fr,swh_gov_domains
alize.dgtresor.gouv.fr,swh_gov_domains
alsace.biep.fonction-publique.gouv.fr,swh_gov_domains
alsace.safire.fonction-publique.gouv.fr,swh_gov_domains
alzheimer-collecte.sante.gouv.fr,swh_gov_domains
alzheimer-collecte.solidarite.gouv.fr,swh_gov_domains
amelia.aviation-civile.gouv.fr,swh_gov_domains
amelie.finances.gouv.fr,swh_gov_domains
amelie2010.finances.gouv.fr,swh_gov_domains
amelierip.finances.gouv.fr,swh_gov_domains
amiagest.in.phm.education.gouv.fr,swh_gov_domains
ampere.industrie.gouv.fr,swh_gov_domains
anah-demo.beta.gouv.fr,swh_gov_domains
anah-staging.beta.gouv.fr,swh_gov_domains
anah.beta.gouv.fr,swh_gov_domains
animjdc.sga.defense.gouv.fr,swh_gov_domains
annuaire-igf.finances.gouv.fr,swh_gov_domains
annuaire-pprd.agricoll.agriculture.gouv.fr,swh_gov_domains
annuaire.agricoll.agriculture.gouv.fr,swh_gov_domains
antai.gouv.fr,swh_gov_domains
antilles-guyane.biep.fonction-publique.gouv.fr,swh_gov_domains
antilles-guyane.safire.fonction-publique.gouv.fr,swh_gov_domains
apa-pch-collecte.sante.gouv.fr,swh_gov_domains
ape.franceconnect.gouv.fr,swh_gov_domains
apex.dgfip.finances.gouv.fr,swh_gov_domains
apex.dgi.minefi.gouv.fr,swh_gov_domains
api-adresse.data.gouv.fr,swh_gov_domains
api-sandbox.fps.antai.gouv.fr,swh_gov_domains
api.2.consultation.etalab.gouv.fr,swh_gov_domains
api.anah-demo.beta.gouv.fr,swh_gov_domains
api.anah-staging.beta.gouv.fr,swh_gov_domains
api.beta.gouv.fr,swh_gov_domains
api.consultation.etalab.gouv.fr,swh_gov_domains
api.pprod-consult.etalab.gouv.fr,swh_gov_domains
api.staticweb-01.etalab.gouv.fr,swh_gov_domains
app.franceconnect.gouv.fr,swh_gov_domains
applet-pnij.justice.gouv.fr,swh_gov_domains
appli.agriculture.gouv.fr,swh_gov_domains
apps.diplomatie.gouv.fr,swh_gov_domains
aquitaine.biep.fonction-publique.gouv.fr,swh_gov_domains
aquitaine.safire.fonction-publique.gouv.fr,swh_gov_domains
arcep.fr,swh_gov_domains
archives-nationales.culture.gouv.fr,swh_gov_domains
archives.entreprises.gouv.fr,swh_gov_domains
aria-dev.developpement-durable.gouv.fr,swh_gov_domains
aria.developpement-durable.gouv.fr,swh_gov_domains
ariane.annuaire.travail.gouv.fr,swh_gov_domains
ariane.defense.gouv.fr,swh_gov_domains
ariane.sante.gouv.fr,swh_gov_domains
ariane.travail.gouv.fr,swh_gov_domains
ariane.valid.sante.gouv.fr,swh_gov_domains
arquedi.extranet.jeunesse-sports.gouv.fr,swh_gov_domains
arquedi.sports.gouv.fr,swh_gov_domains
ars.sante.gouv.fr,swh_gov_domains
artemis.finances.gouv.fr,swh_gov_domains
artemis.sante-sports.gouv.fr,swh_gov_domains
article69.agencedunumerique.gouv.fr,swh_gov_domains
article69.consultation.etalab.gouv.fr,swh_gov_domains
asap.dsna.aviation-civile.gouv.fr,swh_gov_domains
asco-collecte.sante.gouv.fr,swh_gov_domains
asile.dgef.interieur.gouv.fr,swh_gov_domains
asp.renovation-info-service.gouv.fr,swh_gov_domains
asscap-qualif.ants.gouv.fr,swh_gov_domains
asscap.agents-ctae-sec.ants.gouv.fr,swh_gov_domains
asscap.agents-ctae.ants.gouv.fr,swh_gov_domains
asscap.ants.gouv.fr,swh_gov_domains
asscap.justice-sec.ants.gouv.fr,swh_gov_domains
asscap.justice.ants.gouv.fr,swh_gov_domains
asscap.tes-sec.ants.gouv.fr,swh_gov_domains
asscap.tes.ants.gouv.fr,swh_gov_domains
assembl.consultation.etalab.gouv.fr,swh_gov_domains
assisesdelamobilite.gouv.fr,swh_gov_domains
assoc.journal-officiel.gouv.fr,swh_gov_domains
associes.faire-simple.gouv.fr,swh_gov_domains
ateliers.modernisation.gouv.fr,swh_gov_domains
ath-mnesys.aviation-civile.gouv.fr,swh_gov_domains
atlas.justice.gouv.fr,swh_gov_domains
aurige.application.developpement-durable.gouv.fr,swh_gov_domains
aurige.application.equipement.gouv.fr,swh_gov_domains
aurige.ecole.application.developpement-durable.gouv.fr,swh_gov_domains
aurige.site-ecole.din.developpement-durable.gouv.fr,swh_gov_domains
aurige3.application.developpement-durable.gouv.fr,swh_gov_domains
aurige3.din.developpement-durable.gouv.fr,swh_gov_domains
auth-cactus-pra.application.developpement-durable.gouv.fr,swh_gov_domains
auth-cactus-pri.application.developpement-durable.gouv.fr,swh_gov_domains
auth-cactus.application.developpement-durable.gouv.fr,swh_gov_domains
auth-dj.ij.justice.gouv.fr,swh_gov_domains
auth-dj.preprod.ij.justice.gouv.fr,swh_gov_domains
auth-gn.ij.justice.gouv.fr,swh_gov_domains
auth-gn.preprod.ij.justice.gouv.fr,swh_gov_domains
auth-pn.ij.justice.gouv.fr,swh_gov_domains
auth-pn.preprod.ij.justice.gouv.fr,swh_gov_domains
auth-pprd.agricoll.agriculture.gouv.fr,swh_gov_domains
auth-test.finances.gouv.fr,swh_gov_domains
auth.agricoll.agriculture.gouv.fr,swh_gov_domains
auth.finances.gouv.fr,swh_gov_domains
auth.ij.intranet.justice.gouv.fr,swh_gov_domains
auth.itg.finances.gouv.fr,swh_gov_domains
auth.preprod.ij.intranet.justice.gouv.fr,swh_gov_domains
auth.securite-routiere.gouv.fr,swh_gov_domains
authentification-cactus.application.equipement.gouv.fr,swh_gov_domains
authentification-cerbere.application.equipement.gouv.fr,swh_gov_domains
authentification-pra.application.developpement-durable.gouv.fr,swh_gov_domains
authentification-pri.application.developpement-durable.gouv.fr,swh_gov_domains
authentification.application.developpement-durable.gouv.fr,swh_gov_domains
authentification.recette.developpement-durable.gouv.fr,swh_gov_domains
autodiscover.cget.gouv.fr,swh_gov_domains
autodiscover.creps-vichy.sports.gouv.fr,swh_gov_domains
autodiscover.culture.gouv.fr,swh_gov_domains
autodiscover.developpement-durable.gouv.fr,swh_gov_domains
autodiscover.dieccte.gouv.fr,swh_gov_domains
autodiscover.direccte.gouv.fr,swh_gov_domains
autodiscover.education.gouv.fr,swh_gov_domains
autodiscover.equipement-agriculture.gouv.fr,swh_gov_domains
autodiscover.ira-lyon.gouv.fr,swh_gov_domains
autodiscover.oncfs.gouv.fr,swh_gov_domains
autodiscover.porte-parole.gouv.fr,swh_gov_domains
autodiscover.porteparole.gouv.fr,swh_gov_domains
autodiscover.recherche.gouv.fr,swh_gov_domains
autodiscover.social.gouv.fr,swh_gov_domains
autodiscover.stop-discrimination.gouv.fr,swh_gov_domains
autodiscover.tech.social.gouv.fr,swh_gov_domains
autodiscover.territoires.gouv.fr,swh_gov_domains
autodiscover.travail.gouv.fr,swh_gov_domains
autofrm.service.agriculture.gouv.fr,swh_gov_domains
auvergne-rhone-alpes.safire.fonction-publique.gouv.fr,swh_gov_domains
auvergne.biep.fonction-publique.gouv.fr,swh_gov_domains
auvergne.safire.fonction-publique.gouv.fr,swh_gov_domains
avanti-adetef.minefi.gouv.fr,swh_gov_domains
aviation-civile.gouv.fr,swh_gov_domains
azerttyu.pprod-consult.etalab.gouv.fr,swh_gov_domains
azerttyuiimp.pprod-consult.etalab.gouv.fr,swh_gov_domains
azerty102.pprod-consult.etalab.gouv.fr,swh_gov_domains
b3-nref.casier-judiciaire.justice.gouv.fr,swh_gov_domains
babylon.justice.gouv.fr,swh_gov_domains
babylon2.justice.gouv.fr,swh_gov_domains
back.education.gouv.fr,swh_gov_domains
backend.catemsi.preprod.gendarmerie.interieur.gouv.fr,swh_gov_domains
bafabafd.extranet.jeunesse-sports.gouv.fr,swh_gov_domains
balae.logement.gouv.fr,swh_gov_domains
balo.journal-officiel.gouv.fr,swh_gov_domains
banatic.interieur.gouv.fr,swh_gov_domains
banque-france.fr,swh_gov_domains
base-donnees-publiques.transparence-sante.gouv.fr,swh_gov_domains
baseaeriennevirtuelle.defense.gouv.fr,swh_gov_domains
basse-normandie.biep.fonction-publique.gouv.fr,swh_gov_domains
basse-normandie.safire.fonction-publique.gouv.fr,swh_gov_domains
bdna.formation.social.gouv.fr,swh_gov_domains
bdna.integ.social.gouv.fr,swh_gov_domains
bdna.social.gouv.fr,swh_gov_domains
bdp.scrib.culture.gouv.fr,swh_gov_domains
bdsl.social.gouv.fr,swh_gov_domains
bercynumerique.finances.gouv.fr,swh_gov_domains
bi.enc-ahi.social.gouv.fr,swh_gov_domains
biep.fonction-publique.gouv.fr,swh_gov_domains
biep.gouv.fr,swh_gov_domains
bilan-objectifs.entreprises.gouv.fr,swh_gov_domains
bilanlin.sante.gouv.fr,swh_gov_domains
biodiversite.beta.gouv.fr,swh_gov_domains
biologie.sante.gouv.fr,swh_gov_domains
biologie.valid.sante.gouv.fr,swh_gov_domains
biologie921.sante.internet.gouv.fr,swh_gov_domains
biologie925.valid.sante.internet.gouv.fr,swh_gov_domains
biologie942.sante.internet.gouv.fr,swh_gov_domains
biologie950.valid.sante.internet.gouv.fr,swh_gov_domains
biomed.sante.gouv.fr,swh_gov_domains
blog.data.gouv.fr,swh_gov_domains
blogs.economie.gouv.fr,swh_gov_domains
bm.giped.gouv.fr,swh_gov_domains
bm.scrib.culture.gouv.fr,swh_gov_domains
bm35.giped.gouv.fr,swh_gov_domains
bnf.fr,swh_gov_domains
bo.etudiant.gouv.fr,swh_gov_domains
bo.sga.defense.gouv.fr,swh_gov_domains
bojdc.sga.defense.gouv.fr,swh_gov_domains
bourgogne-franche-comte.safire.fonction-publique.gouv.fr,swh_gov_domains
bourgogne.biep.fonction-publique.gouv.fr,swh_gov_domains
bourgogne.safire.fonction-publique.gouv.fr,swh_gov_domains
bourse.beta.gouv.fr,swh_gov_domains
bourses.beta.gouv.fr,swh_gov_domains
boussole.beta.gouv.fr,swh_gov_domains
bretagne.biep.fonction-publique.gouv.fr,swh_gov_domains
bretagne.safire.fonction-publique.gouv.fr,swh_gov_domains
bricodeur.consultation.etalab.gouv.fr,swh_gov_domains
bus.evt.catemsi.preprod.gendarmerie.interieur.gouv.fr,swh_gov_domains
c-modus.finances.gouv.fr,swh_gov_domains
c2i.enseignementsup-recherche.gouv.fr,swh_gov_domains
cache.isoprod.media.education.gouv.fr,swh_gov_domains
cache.isoprod.media.enseignementsup-recherche.gouv.fr,swh_gov_domains
cache.media.education.gouv.fr,swh_gov_domains
cache.media.enseignementsup-recherche.gouv.fr,swh_gov_domains
cadastre.api.gouv.fr,swh_gov_domains
cadastre.beta.gouv.fr,swh_gov_domains
caf.particulier.api.gouv.fr,swh_gov_domains
cai.lfpo.aviation-civile.gouv.fr,swh_gov_domains
cai.sante.gouv.fr,swh_gov_domains
cainjep.sante.gouv.fr,swh_gov_domains
calendar.lfpo.aviation-civile.gouv.fr,swh_gov_domains
calendar.lfpw.aviation-civile.gouv.fr,swh_gov_domains
calpuaf005.dgfip.finances.gouv.fr,swh_gov_domains
calpuaf010.dgfip.finances.gouv.fr,swh_gov_domains
candidat-oceane.aviation-civile.gouv.fr,swh_gov_domains
carol.aviation-civile.gouv.fr,swh_gov_domains
carte.tepcv.developpement-durable.gouv.fr,swh_gov_domains
carto.zd-est.pref.gouv.fr,swh_gov_domains
cartosiperf.social-sante.gouv.fr,swh_gov_domains
cascade.ecologie.gouv.fr,swh_gov_domains
catalogue.ifore.developpement-durable.gouv.fr,swh_gov_domains
catalogue.securite-routiere.gouv.fr,swh_gov_domains
ccs.sante.gouv.fr,swh_gov_domains
cdef.terre.defense.gouv.fr,swh_gov_domains
cdn.diplomatie.gouv.fr,swh_gov_domains
cdn.tarifs-bancaires.gouv.fr,swh_gov_domains
cdp-pprd.agriculture.gouv.fr,swh_gov_domains
cdp.agriculture.gouv.fr,swh_gov_domains
cefil.fr,swh_gov_domains
centre-val-de-loire.safire.fonction-publique.gouv.fr,swh_gov_domains
centre.biep.fonction-publique.gouv.fr,swh_gov_domains
centre.safire.fonction-publique.gouv.fr,swh_gov_domains
centre.sante.gouv.fr,swh_gov_domains
centrepresse.dicod.defense.gouv.fr,swh_gov_domains
cepii.fr,swh_gov_domains
ceps.sante.gouv.fr,swh_gov_domains
cer.recrutement.terre.defense.gouv.fr,swh_gov_domains
cerbere-authc.application.equipement.gouv.fr,swh_gov_domains
cespplussur.interieur.gouv.fr,swh_gov_domains
cetu.gouv.fr,swh_gov_domains
cfsmsp.impots.gouv.fr,swh_gov_domains
cfspart.impots.gouv.fr,swh_gov_domains
cfspart.integration.impots.gouv.fr,swh_gov_domains
cfspro.impots.gouv.fr,swh_gov_domains
cft.impots.gouv.fr,swh_gov_domains
cget.gouv.fr,swh_gov_domains
chai.finances.gouv.fr,swh_gov_domains
champagne-ardenne.biep.fonction-publique.gouv.fr,swh_gov_domains
champagne-ardenne.safire.fonction-publique.gouv.fr,swh_gov_domains
changement-adresse.gouv.fr,swh_gov_domains
choixmed.sante.gouv.fr,swh_gov_domains
chomage.terre.defense.gouv.fr,swh_gov_domains
chorus-diapason.finances.ader.gouv.fr,swh_gov_domains
chorus-dt-pp1.finances.ader.gouv.fr,swh_gov_domains
chorus-dt.finances.ader.gouv.fr,swh_gov_domains
chorus-factures.budget.gouv.fr,swh_gov_domains
chorus-formulaires.finances.ader.gouv.fr,swh_gov_domains
chorus-gw.finances.ader.gouv.fr,swh_gov_domains
chorus-identite.finances.gouv.fr,swh_gov_domains
chorus-portail-pro.finances.gouv.fr,swh_gov_domains
cicf-acse.sante.gouv.fr,swh_gov_domains
cidadania.consultation.etalab.gouv.fr,swh_gov_domains
cimd.interarmees.defense.gouv.fr,swh_gov_domains
cinode.sante.gouv.fr,swh_gov_domains
cinode.valid.sante.gouv.fr,swh_gov_domains
cip.interieur.gouv.fr,swh_gov_domains
circe-recette.dgtresor.gouv.fr,swh_gov_domains
circe.dgtresor.gouv.fr,swh_gov_domains
circelolf.dgtresor.gouv.fr,swh_gov_domains
cismf.defense.gouv.fr,swh_gov_domains
cites.ecole.application.developpement-durable.gouv.fr,swh_gov_domains
cjn.justice.gouv.fr,swh_gov_domains
cjnb2.justice.gouv.fr,swh_gov_domains
classevirtuelle.in.phm.education.gouv.fr,swh_gov_domains
classevirtuelle.phm.education.gouv.fr,swh_gov_domains
clic.personnes-agees.gouv.fr,swh_gov_domains
cloud.creps-vichy.sports.gouv.fr,swh_gov_domains
cloud.giped.gouv.fr,swh_gov_domains
cms-centra.in.phm.education.gouv.fr,swh_gov_domains
cms-pwa.antai.gouv.fr,swh_gov_domains
cms-pwa.pp.antai.gouv.fr,swh_gov_domains
cna-alimentation.fr,swh_gov_domains
cnac.entreprises.gouv.fr,swh_gov_domains
cnaop.gouv.fr,swh_gov_domains
cnaopstat.sante.gouv.fr,swh_gov_domains
cncd.diplomatie.gouv.fr,swh_gov_domains
cncmfe.gouv.fr,swh_gov_domains
cned.fr,swh_gov_domains
cnes.fr,swh_gov_domains
cnilab-admin.finances.gouv.fr,swh_gov_domains
cnilab-stats.finances.gouv.fr,swh_gov_domains
cnilab.finances.gouv.fr,swh_gov_domains
cnilabrec-admin.finances.gouv.fr,swh_gov_domains
cnilabrec-stats.finances.gouv.fr,swh_gov_domains
cnilabrec.finances.gouv.fr,swh_gov_domains
cnitaat.sante.gouv.fr,swh_gov_domains
cnle.gouv.fr,swh_gov_domains
cnmosib.dirisi.defense.gouv.fr,swh_gov_domains
cnmosis.dirisi.defense.gouv.fr,swh_gov_domains
cnmss.fr,swh_gov_domains
cnocp.bercy.gouv.fr,swh_gov_domains
cntdf.dgfip.finances.gouv.fr,swh_gov_domains
coleor.pv.agriculture.gouv.fr,swh_gov_domains
collaboratif.intranet.social.gouv.fr,swh_gov_domains
collaboratif.jeunesse-vie-associative.gouv.fr,swh_gov_domains
collaboratif.sante.gouv.fr,swh_gov_domains
collaboratif.sg.social.gouv.fr,swh_gov_domains
collaboratif.social.gouv.fr,swh_gov_domains
collaboratif.sports.gouv.fr,swh_gov_domains
collecte-trim.sante.gouv.fr,swh_gov_domains
collectivites-locales.gouv.fr,swh_gov_domains
collegedaf.minefi.gouv.fr,swh_gov_domains
collext.sante.gouv.fr,swh_gov_domains
collext.sante.gouv.fr302240,swh_gov_domains
colsbleus.marine.defense.gouv.fr,swh_gov_domains
communaute-chorus-pro.finances.gouv.fr,swh_gov_domains
communaute.agadir.emploi.gouv.fr,swh_gov_domains
communautes.disic.gouv.fr,swh_gov_domains
concours-civils.defense.gouv.fr,swh_gov_domains
concours-civils.sga.defense.gouv.fr,swh_gov_domains
concours.culture.gouv.fr,swh_gov_domains
concours.dgccrf.finances.gouv.fr,swh_gov_domains
concours.justice.gouv.fr,swh_gov_domains
concours.travail.gouv.fr,swh_gov_domains
concours.tresor-public.minefi.gouv.fr,swh_gov_domains
concoursc-preprod.finances.gouv.fr,swh_gov_domains
concoursc.bercy.gouv.fr,swh_gov_domains
concoursc.finances.gouv.fr,swh_gov_domains
concoursc1.bercy.gouv.fr,swh_gov_domains
concoursc2010.finances.gouv.fr,swh_gov_domains
concoursc2011.finances.gouv.fr,swh_gov_domains
concoursc2012.finances.gouv.fr,swh_gov_domains
concoursc2013.finances.gouv.fr,swh_gov_domains
concoursc2014.finances.gouv.fr,swh_gov_domains
conference-consensus.justice.gouv.fr,swh_gov_domains
confidentialite.sante.gouv.fr,swh_gov_domains
config.dgtresor.gouv.fr,swh_gov_domains
connect-rapports.sante.gouv.fr,swh_gov_domains
connexion.contacts-demarches.interieur.gouv.fr,swh_gov_domains
consetestv2.pprod-consult.etalab.gouv.fr,swh_gov_domains
consul-nv-test.pprod-consult.etalab.gouv.fr,swh_gov_domains
consul-nv2-test.pprod-consult.etalab.gouv.fr,swh_gov_domains
consul.pprod-consult.etalab.gouv.fr,swh_gov_domains
consulnv.pprod-consult.etalab.gouv.fr,swh_gov_domains
consulseretest.pprod-consult.etalab.gouv.fr,swh_gov_domains
consulsetest.pprod-consult.etalab.gouv.fr,swh_gov_domains
consult-aides.agriculture.gouv.fr,swh_gov_domains
consultation.etalab.gouv.fr,swh_gov_domains
consultation2.etalab.gouv.fr,swh_gov_domains
consultest.pprod-consult.etalab.gouv.fr,swh_gov_domains
consultesting.pprod-consult.etalab.gouv.fr,swh_gov_domains
consultesting2.pprod-consult.etalab.gouv.fr,swh_gov_domains
consultestv1.pprod-consult.etalab.gouv.fr,swh_gov_domains
consulv2.pprod-consult.etalab.gouv.fr,swh_gov_domains
contacts-demarches.interieur.gouv.fr,swh_gov_domains
contratdegeneration.emploi.gouv.fr,swh_gov_domains
contrib.defense.gouv.fr,swh_gov_domains
contribution.dicod.defense.gouv.fr,swh_gov_domains
controledegestion.minefi.gouv.fr,swh_gov_domains
conventioncg.emploi.gouv.fr,swh_gov_domains
convuls.pprod-consult.etalab.gouv.fr,swh_gov_domains
coordination-ars-drjscs.sante.gouv.fr,swh_gov_domains
cori.recherche.gouv.fr,swh_gov_domains
corruss.sante.gouv.fr,swh_gov_domains
corruss.valid.sante.gouv.fr,swh_gov_domains
corse.biep.fonction-publique.gouv.fr,swh_gov_domains
corse.safire.fonction-publique.gouv.fr,swh_gov_domains
cpa.api.gouv.fr,swh_gov_domains
cpanel.stop-discrimination.gouv.fr,swh_gov_domains
cpar.sante.gouv.fr,swh_gov_domains
cpe.insep.sports.gouv.fr,swh_gov_domains
creps-montpellier.sports.gouv.fr,swh_gov_domains
creps-pdl.sports.gouv.fr,swh_gov_domains
creps-poitiers.sports.gouv.fr,swh_gov_domains
creps-strasbourg.sports.gouv.fr,swh_gov_domains
creps-toulouse-midi-pyrenees.jeunesse-sports.gouv.fr,swh_gov_domains
creps-toulouse.jeunesse-sports.gouv.fr,swh_gov_domains
creps-toulouse.sports.gouv.fr,swh_gov_domains
creps-vichy.sports.gouv.fr,swh_gov_domains
crl.ants.gouv.fr,swh_gov_domains
crl.gendarmerie.interieur.gouv.fr,swh_gov_domains
crocus.logement.gouv.fr,swh_gov_domains
crocus.territoires.gouv.fr,swh_gov_domains
cronos.application.anah.gouv.fr,swh_gov_domains
cronos.autoform.anah.gouv.fr,swh_gov_domains
cronos.ecole.anah.gouv.fr,swh_gov_domains
csa.emb.terre.defense.gouv.fr,swh_gov_domains
csi.agriculture.gouv.fr,swh_gov_domains
csmart-formation.sigp.aviation-civile.gouv.fr,swh_gov_domains
csmart-tools.sigp.aviation-civile.gouv.fr,swh_gov_domains
csmart-validation.sigp.aviation-civile.gouv.fr,swh_gov_domains
cts-web.formation.sante.gouv.fr,swh_gov_domains
cts-web.formation.sports.gouv.fr,swh_gov_domains
cts-web2.integ.sante.gouv.fr,swh_gov_domains
ctsweb4.integ.sante.gouv.fr,swh_gov_domains
cvirtuelle.in.phm.education.gouv.fr,swh_gov_domains
cvirtuelle.phm.education.gouv.fr,swh_gov_domains
cybermalveillance.gouv.fr,swh_gov_domains
dac-infos.dg.aviation-civile.gouv.fr,swh_gov_domains
data-pprd.agriculture.gouv.fr,swh_gov_domains
data.agriculture.gouv.fr,swh_gov_domains
data.gouv.fr,swh_gov_domains
data.gouv.fr.preprod.ext.dila.fr,swh_gov_domains
data.gouv.fr.qualif.ext.dila.fr,swh_gov_domains
datar.gouv.fr,swh_gov_domains
ddcspp68.sante.gouv.fr,swh_gov_domains
ddm.gouv.fr,swh_gov_domains
deb.douane.finances.gouv.fr,swh_gov_domains
declaration.forages-domestiques.gouv.fr,swh_gov_domains
declarationof.travail.gouv.fr,swh_gov_domains
declarationpollution.developpement-durable.gouv.fr,swh_gov_domains
declarationpollution.ecologie.gouv.fr,swh_gov_domains
defense-mobilite.fr,swh_gov_domains
defense.gouv.fr,swh_gov_domains
defi.douane.gouv.fr,swh_gov_domains
demande-logement-social.ecole.developpement-durable.gouv.fr,swh_gov_domains
demande-logement-social.gouv.fr,swh_gov_domains
demande-logement-social.site-ecole.logement.gouv.fr,swh_gov_domains
demandes-gmth-recette.entreprises.gouv.fr,swh_gov_domains
demo.data.gouv.fr,swh_gov_domains
demo.territoires.data.gouv.fr,swh_gov_domains
democracy-osv88.pprod-consult.etalab.gouv.fr,swh_gov_domains
democracyos-fina.pprod-consult.etalab.gouv.fr,swh_gov_domains
democracyos-final.pprod-consult.etalab.gouv.fr,swh_gov_domains
democracyos-finalv4.pprod-consult.etalab.gouv.fr,swh_gov_domains
democracyos.consultation.etalab.gouv.fr,swh_gov_domains
democracyos.pprod-consult.etalab.gouv.fr,swh_gov_domains
democracyosbis.consultation.etalab.gouv.fr,swh_gov_domains
democracyosv2.pprod-consult.etalab.gouv.fr,swh_gov_domains
democracyosv3.pprod-consult.etalab.gouv.fr,swh_gov_domains
democracytest.pprod-consult.etalab.gouv.fr,swh_gov_domains
demoos-test.pprod-consult.etalab.gouv.fr,swh_gov_domains
demoos.pprod-consult.etalab.gouv.fr,swh_gov_domains
demoosv4.pprod-consult.etalab.gouv.fr,swh_gov_domains
demoss-final.pprod-consult.etalab.gouv.fr,swh_gov_domains
deploiement.consultation.etalab.gouv.fr,swh_gov_domains
deploiement.pprod-nv.consultation.etalab.gouv.fr,swh_gov_domains
deploiement.pprod.consultation.etalab.gouv.fr,swh_gov_domains
deploiement.pprod2.consultation.etalab.gouv.fr,swh_gov_domains
dev.dgtresor.gouv.fr,swh_gov_domains
dev.front.kiosque-sig.gouv.fr,swh_gov_domains
dev.lpa.dmp.gouv.fr,swh_gov_domains
dev.lpa.revoq.dmp.gouv.fr,swh_gov_domains
dev.mondmp.dmp.gouv.fr,swh_gov_domains
dev.ps.dmp.gouv.fr,swh_gov_domains
dev08.lpa.dmp.gouv.fr,swh_gov_domains
dev08.mondmp.dmp.gouv.fr,swh_gov_domains
dev09.lpa.dmp.gouv.fr,swh_gov_domains
dev09.mondmp.dmp.gouv.fr,swh_gov_domains
dev1.ps.dmp.gouv.fr,swh_gov_domains
dev10.ps.dmp.gouv.fr,swh_gov_domains
dev12.ps.dmp.gouv.fr,swh_gov_domains
dev16.ps.dmp.gouv.fr,swh_gov_domains
dev19.ps.dmp.gouv.fr,swh_gov_domains
dev2.ps.dmp.gouv.fr,swh_gov_domains
dev20.ps.dmp.gouv.fr,swh_gov_domains
dev21.ps.dmp.gouv.fr,swh_gov_domains
dev23.lpa.dmp.gouv.fr,swh_gov_domains
dev23.mondmp.dmp.gouv.fr,swh_gov_domains
dev23.ps.dmp.gouv.fr,swh_gov_domains
dev3.ps.dmp.gouv.fr,swh_gov_domains
dev4.ps.dmp.gouv.fr,swh_gov_domains
dev5.ps.dmp.gouv.fr,swh_gov_domains
dev6.ps.dmp.gouv.fr,swh_gov_domains
dev7.ps.dmp.gouv.fr,swh_gov_domains
dev8.ps.dmp.gouv.fr,swh_gov_domains
dev9.ps.dmp.gouv.fr,swh_gov_domains
devh.lpa.dmp.gouv.fr,swh_gov_domains
devh.mondmp.dmp.gouv.fr,swh_gov_domains
devh.ps.dmp.gouv.fr,swh_gov_domains
dfsfdsfds.pprod-consult.etalab.gouv.fr,swh_gov_domains
dfsfdsfdsgdfgd.pprod-consult.etalab.gouv.fr,swh_gov_domains
dgcs-misi.social.gouv.fr,swh_gov_domains
dge-et-vous.entreprises.gouv.fr,swh_gov_domains
dgefp-sid.emploi.gouv.fr,swh_gov_domains
dgesip.fr,swh_gov_domains
dgme.minefi.gouv.fr,swh_gov_domains
dgs-urgent.sante.gouv.fr,swh_gov_domains
dgs-urgent2.sante.gouv.fr,swh_gov_domains
dgtresor.gouv.fr,swh_gov_domains
dicod.defense.gouv.fr,swh_gov_domains
diffusion.finances.gouv.fr,swh_gov_domains
dihomed.valid.intranet.social.gouv.fr,swh_gov_domains
dilcrah.fr,swh_gov_domains
diplome.gouv.fr,swh_gov_domains
direccte.gouv.fr,swh_gov_domains
dmmo.travail.gouv.fr,swh_gov_domains
dmp.gouv.fr,swh_gov_domains
dms-siv.interieur.gouv.fr,swh_gov_domains
doc.giped.gouv.fr,swh_gov_domains
docs.geo.api.gouv.fr,swh_gov_domains
docs.kiosque-sig.gouv.fr,swh_gov_domains
documentation.outre-mer.gouv.fr,swh_gov_domains
dom.projet.developpement-durable.gouv.fr,swh_gov_domains
dom.projet.din.developpement-durable.gouv.fr,swh_gov_domains
dom.projets.developpement-durable.gouv.fr,swh_gov_domains
dom.projets.din.developpement-durable.gouv.fr,swh_gov_domains
dondorganes.fr,swh_gov_domains
dossier.guide-victimes.gouv.fr,swh_gov_domains
douane.gouv.fr,swh_gov_domains
dpma.agriculture.gouv.fr,swh_gov_domains
drees-chronos.sante.gouv.fr,swh_gov_domains
drees-scribe.sante.gouv.fr,swh_gov_domains
drone.api.gouv.fr,swh_gov_domains
drone.beta.gouv.fr,swh_gov_domains
dsaf.pm.ader.gouv.fr,swh_gov_domains
duerp.finances.gouv.fr,swh_gov_domains
e-formation.igpde.finances.gouv.fr,swh_gov_domains
e-formation.institut.minefi.gouv.fr,swh_gov_domains
e-fpn.interieur.gouv.fr,swh_gov_domains
e-fremm.marine.defense.gouv.fr,swh_gov_domains
e-learning.ira-bastia.gouv.fr,swh_gov_domains
e-learning.ira-lille.gouv.fr,swh_gov_domains
e-learning.ira-lyon.gouv.fr,swh_gov_domains
e-learning.ira-metz.gouv.fr,swh_gov_domains
e-learning.ira-nantes.gouv.fr,swh_gov_domains
e-modus.finances.gouv.fr,swh_gov_domains
e-scaleport.application.developpement-durable.gouv.fr,swh_gov_domains
e-socialdesarmees.fr,swh_gov_domains
ea.travail.gouv.fr,swh_gov_domains
eap-med-q.ssim.aviation-civile.gouv.fr,swh_gov_domains
eap.agriculture.ader.gouv.fr,swh_gov_domains
eap.agriculture.gouv.fr,swh_gov_domains
eaps.sports.gouv.fr,swh_gov_domains
eau-pprd.agriculture.gouv.fr,swh_gov_domains
eau.agriculture.gouv.fr,swh_gov_domains
ebosignea.sante.gouv.fr,swh_gov_domains
echanges.finances.gouv.fr,swh_gov_domains
echanges.sante.gouv.fr,swh_gov_domains
ecoagri-pprd.agriculture.gouv.fr,swh_gov_domains
ecoagri.agriculture.gouv.fr,swh_gov_domains
ecole-air-espace.fr,swh_gov_domains
ecole-valdegrace.sante.defense.gouv.fr,swh_gov_domains
ecoledespupillesdelair.fr,swh_gov_domains
ecologie.gouv.fr,swh_gov_domains
economie.gouv.fr,swh_gov_domains
ecpad.fr,swh_gov_domains
ector.sante.gouv.fr,swh_gov_domains
edito.integration.france-visas.gouv.fr,swh_gov_domains
edroh.developpement-durable.gouv.fr,swh_gov_domains
education.fr,swh_gov_domains
education.gouv.fr,swh_gov_domains
educonnect.phm.education.gouv.fr,swh_gov_domains
ee-igc.agriculture.gouv.fr,swh_gov_domains
ee.igc.agriculture.gouv.fr,swh_gov_domains
eetaa722.fr,swh_gov_domains
efb-aa-admin.defense.gouv.fr,swh_gov_domains
efb-aa-doc.defense.gouv.fr,swh_gov_domains
eformation.developpement-durable.gouv.fr,swh_gov_domains
eformation.ente.developpement-durable.gouv.fr,swh_gov_domains
eformation.sdrf.drh.interieur.gouv.fr,swh_gov_domains
eformation.test.developpement-durable.gouv.fr,swh_gov_domains
egalite-citoyennete-participez.gouv.fr,swh_gov_domains
egc.cop21.gouv.fr,swh_gov_domains
egide-inscription.finances.gouv.fr,swh_gov_domains
egide-visiteur.finances.gouv.fr,swh_gov_domains
egide.finances.gouv.fr,swh_gov_domains
ehpa-collecte.sante.gouv.fr,swh_gov_domains
eig2.etalab.gouv.fr,swh_gov_domains
elearning.in.phm.education.gouv.fr,swh_gov_domains
elearning.phm.education.gouv.fr,swh_gov_domains
elections-professionnelles.travail.gouv.fr,swh_gov_domains
elections2011.education.gouv.fr,swh_gov_domains
electiontpe.travail.gouv.fr,swh_gov_domains
elica.travail.gouv.fr,swh_gov_domains
elistelec.interieur.gouv.fr,swh_gov_domains
emargement.elections.education.gouv.fr,swh_gov_domains
emb.terre.defense.gouv.fr,swh_gov_domains
embauche.beta.gouv.fr,swh_gov_domains
emdretraite.sante.gouv.fr,swh_gov_domains
emploi.gouv.fr,swh_gov_domains
enc-ahi.social.gouv.fr,swh_gov_domains
enim.gouv.fr,swh_gov_domains
enquetes-pfrh-idf.pref.gouv.fr,swh_gov_domains
enquetes-sesp.application.developpement-durable.gouv.fr,swh_gov_domains
enquetes-sesp.application.equipement.gouv.fr,swh_gov_domains
enquetes.creps-vichy.sports.gouv.fr,swh_gov_domains
enquetes.travail.gouv.fr,swh_gov_domains
enqueteur.developpement-durable.gouv.fr,swh_gov_domains
enrolement.portail.diplomatie.gouv.fr,swh_gov_domains
ensa.sports.gouv.fr,swh_gov_domains
ensagri-pprd.agriculture.gouv.fr,swh_gov_domains
ensagri.agriculture.gouv.fr,swh_gov_domains
enseignementsup-recherche.gouv.fr,swh_gov_domains
ensm.sports.gouv.fr,swh_gov_domains
entrepreneur-interet-general.etalab.gouv.fr,swh_gov_domains
entreprises-transparence.sante.gouv.fr,swh_gov_domains
entreprises.gouv.fr,swh_gov_domains
envol.interieur.gouv.fr,swh_gov_domains
envol2.interieur.gouv.fr,swh_gov_domains
envsn.sports.gouv.fr,swh_gov_domains
eod-turpin.interieur.gouv.fr,swh_gov_domains
epicea.stac.aviation-civile.gouv.fr,swh_gov_domains
epoc.diplomatie.gouv.fr,swh_gov_domains
es-handicap-collecte.sante.gouv.fr,swh_gov_domains
esat.sante.gouv.fr,swh_gov_domains
escale.dgfip.finances.gouv.fr,swh_gov_domains
escaleport.application.developpement-durable.gouv.fr,swh_gov_domains
escano.mad.diplomatie.gouv.fr,swh_gov_domains
escano.mad.rad.diplomatie.gouv.fr,swh_gov_domains
esculape.application.developpement-durable.gouv.fr,swh_gov_domains
espace.ile-de-france.drjscs.gouv.fr,swh_gov_domains
espacecollaboratif.in.phm.education.gouv.fr,swh_gov_domains
espacecollaboratif.phm.education.gouv.fr,swh_gov_domains
espacedgs-ext.valid.intranet.sante.gouv.fr,swh_gov_domains
espacedgs.sante.gouv.fr,swh_gov_domains
espaceprive.moncompteformation.gouv.fr,swh_gov_domains
espacepro-rhone-alpes.sante.gouv.fr,swh_gov_domains
espaceprobretagne.sante.gouv.fr,swh_gov_domains
espacepropaca.sante.gouv.fr,swh_gov_domains
espcol-lorraine.sante.gouv.fr,swh_gov_domains
essai11.consultation.etalab.gouv.fr,swh_gov_domains
essai12.consultation.etalab.gouv.fr,swh_gov_domains
essai22.consultation.etalab.gouv.fr,swh_gov_domains
essai7.consultation.etalab.gouv.fr,swh_gov_domains
esynergie-pp.europe-en-france.gouv.fr,swh_gov_domains
esynergie.europe-en-france.gouv.fr,swh_gov_domains
eta-div.fonction-publique.gouv.fr,swh_gov_domains
etablissements-publics.api.gouv.fr,swh_gov_domains
etatcivil-agaec.ants.gouv.fr,swh_gov_domains
etatcivil-communes.ants.gouv.fr,swh_gov_domains
etatcivil-routage.ants.gouv.fr,swh_gov_domains
etatcivil-signer.ants.gouv.fr,swh_gov_domains
etatcivil.ants.gouv.fr,swh_gov_domains
etrs.terre.defense.gouv.fr,swh_gov_domains
etudiant-entrepreneur.beta.gouv.fr,swh_gov_domains
eur.travail.gouv.fr,swh_gov_domains
eurcinet.travail.gouv.fr,swh_gov_domains
eureka.dgtresor.gouv.fr,swh_gov_domains
event.gendcom.gendarmerie.interieur.gouv.fr,swh_gov_domains
exchange2013.creps-paca.sports.gouv.fr,swh_gov_domains
exercice.dicod.defense.gouv.fr,swh_gov_domains
experiences.developpement-durable.sports.gouv.fr,swh_gov_domains
extracnc.minefi.gouv.fr,swh_gov_domains
extrahfds.bercy.gouv.fr,swh_gov_domains
extranesm.sante.gouv.fr,swh_gov_domains
extranet-fredon.poitou-charentes.agriculture.gouv.fr,swh_gov_domains
extranet-pprd.agriculture.gouv.fr,swh_gov_domains
extranet.aft.gouv.fr,swh_gov_domains
extranet.agriculture.gouv.fr,swh_gov_domains
extranet.competitivite.gouv.fr,swh_gov_domains
extranet.dgtresor.gouv.fr,swh_gov_domains
extranet.energie-et-agriculture.agriculture.gouv.fr,swh_gov_domains
extranet.ensm.sports.gouv.fr,swh_gov_domains
extranet.feader.agriculture.gouv.fr,swh_gov_domains
extranet.ira-lyon.gouv.fr,swh_gov_domains
extranet.jeunesse-sports.gouv.fr,swh_gov_domains
extranet.pna.agriculture.gouv.fr,swh_gov_domains
extranet.sgae.gouv.fr,swh_gov_domains
extranetcui.emploi.gouv.fr,swh_gov_domains
extranetcui.finances.gouv.fr,swh_gov_domains
extranetopca.validation.emploi.gouv.fr,swh_gov_domains
extrapart.social.gouv.fr,swh_gov_domains
extrapro.travail.gouv.fr,swh_gov_domains
ezpublish.preprod.legifrance.gouv.fr,swh_gov_domains
ezpublish.prod.legifrance.gouv.fr,swh_gov_domains
ezpublish.qualif.legifrance.gouv.fr,swh_gov_domains
fabrique.in.phm.education.gouv.fr,swh_gov_domains
fabrique.phm.education.gouv.fr,swh_gov_domains
faeton.interieur.gouv.fr,swh_gov_domains
faire-simple.gouv.fr,swh_gov_domains
faitsetab.phm.education.gouv.fr,swh_gov_domains
faq.casier-judiciaire.justice.gouv.fr,swh_gov_domains
faq.legifrance.gouv.fr,swh_gov_domains
fet.sante.gouv.fr,swh_gov_domains
fgfggggdstoji.pprod-consult.etalab.gouv.fr,swh_gov_domains
fiches-de-banc.beta.gouv.fr,swh_gov_domains
fichiers-publics.agriculture.gouv.fr,swh_gov_domains
ficoba.dgfip.finances.gouv.fr,swh_gov_domains
ficobai.dgfip.finances.gouv.fr,swh_gov_domains
ficobap.dgfip.finances.gouv.fr,swh_gov_domains
ficobas.dgfip.finances.gouv.fr,swh_gov_domains
fijais.intranet.travail.gouv.fr,swh_gov_domains
files.geo.data.gouv.fr,swh_gov_domains
fim-hn-02-fer-idp.phm.education.gouv.fr,swh_gov_domains
fim-hn-02-fer.phm.education.gouv.fr,swh_gov_domains
foad.in.phm.education.gouv.fr,swh_gov_domains
foiresetsalons.entreprises.gouv.fr,swh_gov_domains
foiresetsalons.pme.gouv.fr,swh_gov_domains
fonction-publique.gouv.fr,swh_gov_domains
foret-pprd.agriculture.gouv.fr,swh_gov_domains
foret.agriculture.gouv.fr,swh_gov_domains
forge.application.developpement-durable.gouv.fr,swh_gov_domains
forge.din.developpement-durable.gouv.fr,swh_gov_domains
forge.diplomatie.gouv.fr,swh_gov_domains
forge.douane.gouv.fr,swh_gov_domains
forge.sigp.aviation-civile.gouv.fr,swh_gov_domains
formation.acces.agriculture.gouv.fr,swh_gov_domains
formation.alim.agriculture.gouv.fr,swh_gov_domains
formation.asile.dgef.interieur.gouv.fr,swh_gov_domains
formation.dgtresor.gouv.fr,swh_gov_domains
formation.eau.agriculture.gouv.fr,swh_gov_domains
formation.ecoagri.agriculture.gouv.fr,swh_gov_domains
formation.ensagri.agriculture.gouv.fr,swh_gov_domains
formation.foret.agriculture.gouv.fr,swh_gov_domains
formation.peche.agriculture.gouv.fr,swh_gov_domains
formation.protection-majeurs.justice.gouv.fr,swh_gov_domains
formation.saip.interieur.gouv.fr,swh_gov_domains
formation.service.agriculture.gouv.fr,swh_gov_domains
formation.stats.agriculture.gouv.fr,swh_gov_domains
formation.syplo.logement.gouv.fr,swh_gov_domains
formation.syplo.territoires.gouv.fr,swh_gov_domains
formation.teleservices.justice.gouv.fr,swh_gov_domains
formation.usager.agriculture.gouv.fr,swh_gov_domains
formation1.lpa.dmp.gouv.fr,swh_gov_domains
formation1.patient.dmp.gouv.fr,swh_gov_domains
formation1.ps.dmp.gouv.fr,swh_gov_domains
formation3.lpa.dmp.gouv.fr,swh_gov_domains
formation3.patient.dmp.gouv.fr,swh_gov_domains
formation3.ps.dmp.gouv.fr,swh_gov_domains
formation4.lpa.dmp.gouv.fr,swh_gov_domains
formation4.patient.dmp.gouv.fr,swh_gov_domains
formation4.ps.dmp.gouv.fr,swh_gov_domains
formation5.lpa.dmp.gouv.fr,swh_gov_domains
formation5.patient.dmp.gouv.fr,swh_gov_domains
formation5.ps.dmp.gouv.fr,swh_gov_domains
formations-metrologie.entreprises.gouv.fr,swh_gov_domains
formations-metrologie.redressement-productif.gouv.fr,swh_gov_domains
formations.data.gouv.fr,swh_gov_domains
formationsmetrologie.industrie.gouv.fr,swh_gov_domains
formpro.douane.gouv.fr,swh_gov_domains
formuelassistteleservice.impots.gouv.fr,swh_gov_domains
formulaire.lessentiel.finances.gouv.fr,swh_gov_domains
formulaires.modernisation.gouv.fr,swh_gov_domains
foromes.extranet.sports.gouv.fr,swh_gov_domains
foromes.formation.extranet.jeunesse-sports.gouv.fr,swh_gov_domains
foromes.formation.valid.extranet.jeunesse-sports.gouv.fr,swh_gov_domains
foromes.formation.valid.intranet.jeunesse-sports.gouv.fr,swh_gov_domains
foromes.formation.ws.intranet.jeunesse-sports.gouv.fr,swh_gov_domains
foromes.formation.ws.valid.intranet.jeunesse-sports.gouv.fr,swh_gov_domains
foromes.montagne.extranet.sports.gouv.fr,swh_gov_domains
foromes.montagne.valid.extranet.sports.gouv.fr,swh_gov_domains
foromes.valid.extranet.sports.gouv.fr,swh_gov_domains
foromes.ws.extranet.sports.gouv.fr,swh_gov_domains
foromes.ws.valid.extranet.sports.gouv.fr,swh_gov_domains
forum-cedre.aviation-civile.gouv.fr,swh_gov_domains
forum.ecolenumerique.education.gouv.fr,swh_gov_domains
forum.etalab.gouv.fr,swh_gov_domains
forum2.etalab.gouv.fr,swh_gov_domains
forums-pprd.agricoll.agriculture.gouv.fr,swh_gov_domains
forums.agricoll.agriculture.gouv.fr,swh_gov_domains
framide.travail.gouv.fr,swh_gov_domains
francearchives.fr,swh_gov_domains
franche-comte.biep.fonction-publique.gouv.fr,swh_gov_domains
franche-comte.safire.fonction-publique.gouv.fr,swh_gov_domains
ftp.journal-officiel.gouv.fr,swh_gov_domains
fuseki-test.finances.gouv.fr,swh_gov_domains
fuseki.finances.gouv.fr,swh_gov_domains
galileo.bercy.gouv.fr,swh_gov_domains
galileo.finances.gouv.fr,swh_gov_domains
galion.application.logement.gouv.fr,swh_gov_domains
galiongrandpublic.application.logement.gouv.fr,swh_gov_domains
garnison-paris.terre.defense.gouv.fr,swh_gov_domains
gchange-upload.lfbo.aviation-civile.gouv.fr,swh_gov_domains
gchange.lfbo.aviation-civile.gouv.fr,swh_gov_domains
ged-pprd.agriculture.gouv.fr,swh_gov_domains
ged.agriculture.gouv.fr,swh_gov_domains
geds-gt.intranet.justice.gouv.fr,swh_gov_domains
gendarmerie.interieur.gouv.fr,swh_gov_domains
gendform.gendarmerie.interieur.gouv.fr,swh_gov_domains
geo-pprd.agriculture.gouv.fr,swh_gov_domains
geo.agriculture.gouv.fr,swh_gov_domains
geode-test.sigp.aviation-civile.gouv.fr,swh_gov_domains
geode.aviation-civile.gouv.fr,swh_gov_domains
geoportail-urbanisme.gouv.fr,swh_gov_domains
geoportail.gouv.fr,swh_gov_domains
geothermie.developpement-durable.gouv.fr,swh_gov_domains
gestangie-test.finances.gouv.fr,swh_gov_domains
gestangie.finances.gouv.fr,swh_gov_domains
gestespaceprive.moncompteformation.gouv.fr,swh_gov_domains
gestion-ctrl.agriculture.gouv.fr,swh_gov_domains
gestion-dev.agriculture.gouv.fr,swh_gov_domains
gestion-pprd.agriculture.gouv.fr,swh_gov_domains
gestion.agriculture.gouv.fr,swh_gov_domains
gestionamendements.sante.gouv.fr,swh_gov_domains
gestionnaire.sirhen.in.phm.education.gouv.fr,swh_gov_domains
gic.gouv.fr,swh_gov_domains
gidaf.developpement-durable.gouv.fr,swh_gov_domains
gidc.sigp.aviation-civile.gouv.fr,swh_gov_domains
giped.gouv.fr,swh_gov_domains
gistrid.din.developpement-durable.gouv.fr,swh_gov_domains
global.travail.gouv.fr,swh_gov_domains
gmth-recette.entreprises.gouv.fr,swh_gov_domains
gocartes.social.gouv.fr,swh_gov_domains
gocartes.valid.social.gouv.fr,swh_gov_domains
gospel-dadsu.in.phm.education.gouv.fr,swh_gov_domains
gospel.in.phm.education.gouv.fr,swh_gov_domains
gouv.fr,swh_gov_domains
gouvernement-et-citoyens.consultation.etalab.gouv.fr,swh_gov_domains
gouvernement-ouvert.etalab.gouv.fr,swh_gov_domains
grand-est.safire.fonction-publique.gouv.fr,swh_gov_domains
groupes-scolaires.cop21.gouv.fr,swh_gov_domains
groupes.modernisation.gouv.fr,swh_gov_domains
guichet.integration.france-visas.gouv.fr,swh_gov_domains
guilen.phm.education.gouv.fr,swh_gov_domains
guyane.safire.fonction-publique.gouv.fr,swh_gov_domains
hadvabfe.developpement-durable.gouv.fr,swh_gov_domains
harmonia.logement.gouv.fr,swh_gov_domains
haute-normandie.biep.fonction-publique.gouv.fr,swh_gov_domains
haute-normandie.safire.fonction-publique.gouv.fr,swh_gov_domains
hauts-de-france.safire.fonction-publique.gouv.fr,swh_gov_domains
hcsp.fr,swh_gov_domains
hdv.enac.aviation-civile.gouv.fr,swh_gov_domains
helios.enseignementsup-recherche.gouv.fr,swh_gov_domains
heracles-rec.economie.gouv.fr,swh_gov_domains
heracles.economie.gouv.fr,swh_gov_domains
hermes.ladocfrancaise.gouv.fr,swh_gov_domains
hermes.securite-routiere.gouv.fr,swh_gov_domains
hiapercy.sante.defense.gouv.fr,swh_gov_domains
hopper.cisirh.budget.gouv.fr,swh_gov_domains
hub-echanges.application.developpement-durable.gouv.fr,swh_gov_domains
hub-portail.application.developpement-durable.gouv.fr,swh_gov_domains
hub-recette.application.developpement-durable.gouv.fr,swh_gov_domains
icare.ca.gouv.fr,swh_gov_domains
ice-ars.sante.gouv.fr,swh_gov_domains
icget.cget.gouv.fr,swh_gov_domains
icode.entreprises.gouv.fr,swh_gov_domains
id.data.gouv.fr,swh_gov_domains
idee.emploi.gouv.fr,swh_gov_domains
identification-pprd.agriculture.gouv.fr,swh_gov_domains
idp-hn-02.in.phm.education.gouv.fr,swh_gov_domains
idp.impots.gouv.fr,swh_gov_domains
idp.messervices.etudiant.gouv.fr,swh_gov_domains
idpstub-dj.preprod.ij.justice.gouv.fr,swh_gov_domains
idpstub-gn.preprod.ij.justice.gouv.fr,swh_gov_domains
idpstub-pn.preprod.ij.justice.gouv.fr,swh_gov_domains
idpstub.preprod.ij.intranet.justice.gouv.fr,swh_gov_domains
iga-collab.interieur.gouv.fr,swh_gov_domains
igc-dpma.minefi.gouv.fr,swh_gov_domains
igc-gestion.application.developpement-durable.gouv.fr,swh_gov_domains
igc.agriculture.gouv.fr,swh_gov_domains
igc.application.developpement-durable.gouv.fr,swh_gov_domains
igc.dgtresor.gouv.fr,swh_gov_domains
igcrevocation.sante.gouv.fr,swh_gov_domains
igesa.fr,swh_gov_domains
igf.minefi.gouv.fr,swh_gov_domains
ihedn.fr,swh_gov_domains
ile-de-france.biep.fonction-publique.gouv.fr,swh_gov_domains
iliade-dgris.defense.gouv.fr,swh_gov_domains
imap.defense.gouv.fr,swh_gov_domains
imap.oncfs.gouv.fr,swh_gov_domains
imap.social.gouv.fr,swh_gov_domains
imbosh-pprd.agricoll.agriculture.gouv.fr,swh_gov_domains
imbosh.agricoll.agriculture.gouv.fr,swh_gov_domains
immat.aviation-civile.gouv.fr,swh_gov_domains
immatriculation.ppd.ants.gouv.fr,swh_gov_domains
immigration.interieur.gouv.fr,swh_gov_domains
inao.gouv.fr,swh_gov_domains
indexa2-test.acces.agriculture.gouv.fr,swh_gov_domains
indexa2.acces.agriculture.gouv.fr,swh_gov_domains
indigo.dga.defense.gouv.fr,swh_gov_domains
indispo.itrf.education.gouv.fr,swh_gov_domains
info-ctrl.agriculture.gouv.fr,swh_gov_domains
info-dev.agriculture.gouv.fr,swh_gov_domains
info-militaire.fr,swh_gov_domains
info-pprd.agriculture.gouv.fr,swh_gov_domains
info.agriculture.gouv.fr,swh_gov_domains
infocentre-ioa.sante.gouv.fr,swh_gov_domains
infocentre.irhen.in.phm.education.gouv.fr,swh_gov_domains
infocentredomaine.dgfip.finances.gouv.fr,swh_gov_domains
inforetraite.finances.gouv.fr,swh_gov_domains
informaticien.intranet.sante.gouv.fr,swh_gov_domains
inria.fr,swh_gov_domains
inscription-ira.fonction-publique.gouv.fr,swh_gov_domains
inscription.cespplussur.interieur.gouv.fr,swh_gov_domains
inscription.sante.gouv.fr,swh_gov_domains
inscriptionadm.sante.gouv.fr,swh_gov_domains
inscriptionpart.impots.gouv.fr,swh_gov_domains
inscriptions.creps-vichy.sports.gouv.fr,swh_gov_domains
insee.fr,swh_gov_domains
insep.fr,swh_gov_domains
inspire.beta.gouv.fr,swh_gov_domains
inspire.data.gouv.fr,swh_gov_domains
institu.referendum.interieur.gouv.fr,swh_gov_domains
int.cer.recrutement.terre.defense.gouv.fr,swh_gov_domains
int.recrutement.terre.defense.gouv.fr,swh_gov_domains
intefp-foad.travail.gouv.fr,swh_gov_domains
integration.acces.agriculture.gouv.fr,swh_gov_domains
interface-trafic2000.application.equipement.gouv.fr,swh_gov_domains
interface-trafic2000.test.application.equipement.gouv.fr,swh_gov_domains
interieur.ader.gouv.fr,swh_gov_domains
interieur.gouv.fr,swh_gov_domains
internet-mineurs.gouv.fr,swh_gov_domains
internet-signalement.gouv.fr,swh_gov_domains
intracollaboratif.in.phm.education.gouv.fr,swh_gov_domains
intranet.acces.agriculture.gouv.fr,swh_gov_domains
intranet.agriculture.gouv.fr,swh_gov_domains
intranet.dgtresor.gouv.fr,swh_gov_domains
intranet.dsac-so.aviation-civile.gouv.fr,swh_gov_domains
intranet.jeunesse-social.sante-sports.gouv.fr,swh_gov_domains
intranet.jeunesse-sports.gouv.fr,swh_gov_domains
intranet.sante.gouv.fr,swh_gov_domains
intranet2.dgtresor.gouv.fr,swh_gov_domains
intranet3.dgtresor.gouv.fr,swh_gov_domains
invalides.fr,swh_gov_domains
inventaire.cncp.gouv.fr,swh_gov_domains
investissement-hospitalier.sante.gouv.fr,swh_gov_domains
ira-documentation.gouv.fr,swh_gov_domains
ira-lille.gouv.fr,swh_gov_domains
ira-lyon.gouv.fr,swh_gov_domains
ird.fr,swh_gov_domains
iriss.sirh.aviation-civile.gouv.fr,swh_gov_domains
irisv2.sante.gouv.fr,swh_gov_domains
irsem.fr,swh_gov_domains
isis1.telepac.agriculture.gouv.fr,swh_gov_domains
isis2.telepac.agriculture.gouv.fr,swh_gov_domains
isis3.telepac.agriculture.gouv.fr,swh_gov_domains
isis4.telepac.agriculture.gouv.fr,swh_gov_domains
isoprod.back.education.gouv.fr,swh_gov_domains
isoprod.cache.media.education.gouv.fr,swh_gov_domains
isoprod.cache.media.enseignementsup-recherche.gouv.fr,swh_gov_domains
isoprod.education.gouv.fr,swh_gov_domains
isoprod.enseignementsup-recherche.gouv.fr,swh_gov_domains
isoprod.media.education.gouv.fr,swh_gov_domains
isoprod.media.enseignementsup-recherche.gouv.fr,swh_gov_domains
itrf.education.gouv.fr,swh_gov_domains
itsm.ants.gouv.fr,swh_gov_domains
iwiki.application.developpement-durable.gouv.fr,swh_gov_domains
iwiki.din.developpement-durable.gouv.fr,swh_gov_domains
jaimecarla.consultation.etalab.gouv.fr,swh_gov_domains
jepaiemesserviceslocaux.dgfip.finances.gouv.fr,swh_gov_domains
jevote2014.education.gouv.fr,swh_gov_domains
journal-officiel.gouv.fr,swh_gov_domains
juryconcours.travail.gouv.fr,swh_gov_domains
justimemo.justice.gouv.fr,swh_gov_domains
kiosque-sig.gouv.fr,swh_gov_domains
kiosque2.bercy.gouv.fr,swh_gov_domains
koalha.midi-pyrenees.logement.gouv.fr,swh_gov_domains
koalha.midi-pyrenees.territoires.gouv.fr,swh_gov_domains
ladiversidad.consultation.etalab.gouv.fr,swh_gov_domains
languedoc-roussillon.biep.fonction-publique.gouv.fr,swh_gov_domains
languedoc-roussillon.safire.fonction-publique.gouv.fr,swh_gov_domains
last.pprod-consult.etalab.gouv.fr,swh_gov_domains
lastt.pprod-consult.etalab.gouv.fr,swh_gov_domains
lastv14.pprod-consult.etalab.gouv.fr,swh_gov_domains
lastv3.pprod-consult.etalab.gouv.fr,swh_gov_domains
lastv4.pprod-consult.etalab.gouv.fr,swh_gov_domains
lastv5.pprod-consult.etalab.gouv.fr,swh_gov_domains
lastv6.pprod-consult.etalab.gouv.fr,swh_gov_domains
lastv7.pprod-consult.etalab.gouv.fr,swh_gov_domains
latitudefrance.diplomatie.gouv.fr,swh_gov_domains
ldif.education.gouv.fr,swh_gov_domains
ledmp.dmp.gouv.fr,swh_gov_domains
ledmp1.dmp.gouv.fr,swh_gov_domains
ledmp2.dmp.gouv.fr,swh_gov_domains
ledmp3.dmp.gouv.fr,swh_gov_domains
ledmp4.dmp.gouv.fr,swh_gov_domains
ledmp5.dmp.gouv.fr,swh_gov_domains
ledmp6.dmp.gouv.fr,swh_gov_domains
legacy.ensm.sports.gouv.fr,swh_gov_domains
legifrance.gouv.fr,swh_gov_domains
licences-controleur.aviation-civile.gouv.fr,swh_gov_domains
limousin.biep.fonction-publique.gouv.fr,swh_gov_domains
limousin.safire.fonction-publique.gouv.fr,swh_gov_domains
lingua.finances.gouv.fr,swh_gov_domains
linidom-pprd.agricoll.agriculture.gouv.fr,swh_gov_domains
linshare.cnmosib.dirisi.defense.gouv.fr,swh_gov_domains
lisa.giped.gouv.fr,swh_gov_domains
lisa.social.gouv.fr,swh_gov_domains
liste-diff.enseignementsup.gouv.fr,swh_gov_domains
liste-diff.recherche.gouv.fr,swh_gov_domains
listeof.travail.gouv.fr,swh_gov_domains
listes-pprd.agricoll.agriculture.gouv.fr,swh_gov_domains
listes.agricoll.agriculture.gouv.fr,swh_gov_domains
listes.recherche.gouv.fr,swh_gov_domains
listes.sup-numerique.gouv.fr,swh_gov_domains
listeseligibles.moncompteformation.gouv.fr,swh_gov_domains
login.ants.interieur.gouv.fr,swh_gov_domains
lorraine.biep.fonction-publique.gouv.fr,swh_gov_domains
lorraine.safire.fonction-publique.gouv.fr,swh_gov_domains
lorraine.sit.gouv.fr,swh_gov_domains
lpa.dmp.gouv.fr,swh_gov_domains
lune.application.developpement-durable.gouv.fr,swh_gov_domains
lusnco2.pprod-consult.etalab.gouv.fr,swh_gov_domains
lync-conf.education.gouv.fr,swh_gov_domains
lyncdiscover.education.gouv.fr,swh_gov_domains
m-auth.ij.intranet.justice.gouv.fr,swh_gov_domains
m-communaute-chorus-pro.finances.gouv.fr,swh_gov_domains
m-dj.auth.ij.justice.gouv.fr,swh_gov_domains
m-dj.portail.ij.justice.gouv.fr,swh_gov_domains
m-gn.auth.ij.justice.gouv.fr,swh_gov_domains
m-gn.portail.ij.justice.gouv.fr,swh_gov_domains
m-pn.auth.ij.justice.gouv.fr,swh_gov_domains
m-pn.portail.ij.justice.gouv.fr,swh_gov_domains
m-portail.ij.intranet.justice.gouv.fr,swh_gov_domains
m.gendarmerie.interieur.gouv.fr,swh_gov_domains
m.melissa.bercy.gouv.fr,swh_gov_domains
macadam.bercy.gouv.fr,swh_gov_domains
macadampda.bercy.gouv.fr,swh_gov_domains
madddd.pprod-consult.etalab.gouv.fr,swh_gov_domains
maddis142.pprod-consult.etalab.gouv.fr,swh_gov_domains
maddis3.pprod-consult.etalab.gouv.fr,swh_gov_domains
maddis34.pprod-consult.etalab.gouv.fr,swh_gov_domains
maddis42.pprod-consult.etalab.gouv.fr,swh_gov_domains
madiretestg128.pprod-consult.etalab.gouv.fr,swh_gov_domains
madison-test.pprod-consult.etalab.gouv.fr,swh_gov_domains
madison-test23.pprod-consult.etalab.gouv.fr,swh_gov_domains
madison-testv2.pprod-consult.etalab.gouv.fr,swh_gov_domains
madison1.pprod-consult.etalab.gouv.fr,swh_gov_domains
madison2.pprod-consult.etalab.gouv.fr,swh_gov_domains
madison3.pprod-consult.etalab.gouv.fr,swh_gov_domains
madison4.pprod-consult.etalab.gouv.fr,swh_gov_domains
madisontest.pprod-consult.etalab.gouv.fr,swh_gov_domains
madisontesting.pprod-consult.etalab.gouv.fr,swh_gov_domains
madisontesting2.pprod-consult.etalab.gouv.fr,swh_gov_domains
madisontesting3.pprod-consult.etalab.gouv.fr,swh_gov_domains
madisontesting4.pprod-consult.etalab.gouv.fr,swh_gov_domains
madsion7539.pprod-consult.etalab.gouv.fr,swh_gov_domains
magelan.developpement-durable.gouv.fr,swh_gov_domains
maia31.gouv.fr,swh_gov_domains
mail-bercy.dgtresor.gouv.fr,swh_gov_domains
mail.acbaac.aviation-civile.gouv.fr,swh_gov_domains
mail.acces.agriculture.gouv.fr,swh_gov_domains
mail.cedre.aviation-civile.gouv.fr,swh_gov_domains
mail.cesnac.aviation-civile.gouv.fr,swh_gov_domains
mail.cget.gouv.fr,swh_gov_domains
mail.creps-strasbourg.sports.gouv.fr,swh_gov_domains
mail.crna-e.aviation-civile.gouv.fr,swh_gov_domains
mail.crna-n.aviation-civile.gouv.fr,swh_gov_domains
mail.crna-o.aviation-civile.gouv.fr,swh_gov_domains
mail.crna-se.aviation-civile.gouv.fr,swh_gov_domains
mail.crna-so.aviation-civile.gouv.fr,swh_gov_domains
mail.dac-ag.aviation-civile.gouv.fr,swh_gov_domains
mail.dac-ce.aviation-civile.gouv.fr,swh_gov_domains
mail.dac-n.aviation-civile.gouv.fr,swh_gov_domains
mail.dac-ne.aviation-civile.gouv.fr,swh_gov_domains
mail.dac-o.aviation-civile.gouv.fr,swh_gov_domains
mail.dac-s.aviation-civile.gouv.fr,swh_gov_domains
mail.dac-se.aviation-civile.gouv.fr,swh_gov_domains
mail.dac-so.aviation-civile.gouv.fr,swh_gov_domains
mail.dast.aviation-civile.gouv.fr,swh_gov_domains
mail.dcs.aviation-civile.gouv.fr,swh_gov_domains
mail.dg.aviation-civile.gouv.fr,swh_gov_domains
mail.dgtresor.gouv.fr,swh_gov_domains
mail.diplomatie.gouv.fr,swh_gov_domains
mail.do.aviation-civile.gouv.fr,swh_gov_domains
mail.dpac.aviation-civile.gouv.fr,swh_gov_domains
mail.dre.aviation-civile.gouv.fr,swh_gov_domains
mail.dsna.aviation-civile.gouv.fr,swh_gov_domains
mail.dta.aviation-civile.gouv.fr,swh_gov_domains
mail.ensm.sports.gouv.fr,swh_gov_domains
mail.fazsoi.defense.gouv.fr,swh_gov_domains
mail.fiches-de-banc.beta.gouv.fr,swh_gov_domains
mail.fmee.aviation-civile.gouv.fr,swh_gov_domains
mail.giped.gouv.fr,swh_gov_domains
mail.igacem.gouv.fr,swh_gov_domains
mail.ira-lyon.gouv.fr,swh_gov_domains
mail.lfbb.aviation-civile.gouv.fr,swh_gov_domains
mail.lfbd.aviation-civile.gouv.fr,swh_gov_domains
mail.lfbo.aviation-civile.gouv.fr,swh_gov_domains
mail.lfbq.aviation-civile.gouv.fr,swh_gov_domains
mail.lfee.aviation-civile.gouv.fr,swh_gov_domains
mail.lfll.aviation-civile.gouv.fr,swh_gov_domains
mail.lfml.aviation-civile.gouv.fr,swh_gov_domains
mail.lfmm.aviation-civile.gouv.fr,swh_gov_domains
mail.lfpg.aviation-civile.gouv.fr,swh_gov_domains
mail.lfpi.aviation-civile.gouv.fr,swh_gov_domains
mail.lfpo.aviation-civile.gouv.fr,swh_gov_domains
mail.lfpw.aviation-civile.gouv.fr,swh_gov_domains
mail.lfrb.aviation-civile.gouv.fr,swh_gov_domains
mail.lfrr.aviation-civile.gouv.fr,swh_gov_domains
mail.lfst.aviation-civile.gouv.fr,swh_gov_domains
mail.ntaa.aviation-civile.gouv.fr,swh_gov_domains
mail.nwwm.aviation-civile.gouv.fr,swh_gov_domains
mail.oncfs.gouv.fr,swh_gov_domains
mail.pca.social.gouv.fr,swh_gov_domains
mail.sac-oi.aviation-civile.gouv.fr,swh_gov_domains
mail.sac-spm.aviation-civile.gouv.fr,swh_gov_domains
mail.sder.aviation-civile.gouv.fr,swh_gov_domains
mail.seac-nc.aviation-civile.gouv.fr,swh_gov_domains
mail.seac-pf.aviation-civile.gouv.fr,swh_gov_domains
mail.sefa.aviation-civile.gouv.fr,swh_gov_domains
mail.sg.aviation-civile.gouv.fr,swh_gov_domains
mail.sia.aviation-civile.gouv.fr,swh_gov_domains
mail.sna-ce.aviation-civile.gouv.fr,swh_gov_domains
mail.sna-n.aviation-civile.gouv.fr,swh_gov_domains
mail.sna-ne.aviation-civile.gouv.fr,swh_gov_domains
mail.sna-o.aviation-civile.gouv.fr,swh_gov_domains
mail.sna-rp.aviation-civile.gouv.fr,swh_gov_domains
mail.sna-s.aviation-civile.gouv.fr,swh_gov_domains
mail.sna-se.aviation-civile.gouv.fr,swh_gov_domains
mail.sna-so.aviation-civile.gouv.fr,swh_gov_domains
mail.snia.aviation-civile.gouv.fr,swh_gov_domains
mail.stac.aviation-civile.gouv.fr,swh_gov_domains
mail.stop-discrimination.gouv.fr,swh_gov_domains
mail.tfff.aviation-civile.gouv.fr,swh_gov_domains
mailtest.giped.gouv.fr,swh_gov_domains
mainh.sante.gouv.fr,swh_gov_domains
maintenance-nopia.sia.aviation-civile.gouv.fr,swh_gov_domains
maintien-connexion.agencedunumerique.gouv.fr,swh_gov_domains
management.api.gouv.fr,swh_gov_domains
manager-lot2-pprd.agricoll.agriculture.gouv.fr,swh_gov_domains
manager-pprd.agricoll.agriculture.gouv.fr,swh_gov_domains
mantis.sante.gouv.fr,swh_gov_domains
mantis.sg.social.gouv.fr,swh_gov_domains
mantis.sia.aviation-civile.gouv.fr,swh_gov_domains
mantis.valid.sg.social.gouv.fr,swh_gov_domains
marche-internet.defense.gouv.fr,swh_gov_domains
marches-publics.gouv.fr,swh_gov_domains
marches.achats.defense.gouv.fr,swh_gov_domains
marine.defense.gouv.fr,swh_gov_domains
marketing-pme.entreprises.gouv.fr,swh_gov_domains
martinique.safire.fonction-publique.gouv.fr,swh_gov_domains
mastodon.etalab.gouv.fr,swh_gov_domains
mayotte.safire.fonction-publique.gouv.fr,swh_gov_domains
mb.cybermalveillance.gouv.fr,swh_gov_domains
mb.social.gouv.fr,swh_gov_domains
mb2.social.gouv.fr,swh_gov_domains
mbns.social.gouv.fr,swh_gov_domains
mbtmp.social.gouv.fr,swh_gov_domains
mchai.finances.gouv.fr,swh_gov_domains
mdp-scrutin.diplomatie.gouv.fr,swh_gov_domains
mdph.beta.gouv.fr,swh_gov_domains
medhop.sante.gouv.fr,swh_gov_domains
media.dmp.gouv.fr,swh_gov_domains
media.education.gouv.fr,swh_gov_domains
media.enseignementsup-recherche.gouv.fr,swh_gov_domains
medias.webtv.agriculture.gouv.fr,swh_gov_domains
mediatheque.creps-vichy.sports.gouv.fr,swh_gov_domains
mediatheque.developpement-durable.gouv.fr,swh_gov_domains
mediatheque.ecologie.gouv.fr,swh_gov_domains
mediatheque.marine.defense.gouv.fr,swh_gov_domains
medicaments.api.gouv.fr,swh_gov_domains
meduse.douane.gouv.fr,swh_gov_domains
meeting.in.phm.education.gouv.fr,swh_gov_domains
meeting.phm.education.gouv.fr,swh_gov_domains
mel.jeunesse-sports.gouv.fr,swh_gov_domains
melanie2web.developpement-durable.gouv.fr,swh_gov_domains
melanie2web.din.developpement-durable.gouv.fr,swh_gov_domains
melanissimo.developpement-durable.ader.gouv.fr,swh_gov_domains
melanissimo.developpement-durable.gouv.fr,swh_gov_domains
melanissimo.din.developpement-durable.gouv.fr,swh_gov_domains
melanissimo.preprod.din.developpement-durable.gouv.fr,swh_gov_domains
melissa.bercy.gouv.fr,swh_gov_domains
melissa.finances.gouv.fr,swh_gov_domains
membres.defense.gouv.fr,swh_gov_domains
mes-demarches.culturecommunication.gouv.fr,swh_gov_domains
mesrdv-chat.messervices.etudiant.gouv.fr,swh_gov_domains
mesrdv.etudiant.gouv.fr,swh_gov_domains
messagerie.cira.gouv.fr,swh_gov_domains
messagerie.dieccte.gouv.fr,swh_gov_domains
messagerie.direccte.gouv.fr,swh_gov_domains
messagerie.intranet.sante.gouv.fr,swh_gov_domains
messagerie.social.gouv.fr,swh_gov_domains
messagerie.travail.gouv.fr,swh_gov_domains
messie-babylon.justice.gouv.fr,swh_gov_domains
metal.mes-aides.gouv.fr,swh_gov_domains
midi-pyrenees.biep.fonction-publique.gouv.fr,swh_gov_domains
midi-pyrenees.safire.fonction-publique.gouv.fr,swh_gov_domains
mieist.bercy.gouv.fr,swh_gov_domains
migration-securite-sociale.sante.gouv.fr,swh_gov_domains
minint.fr,swh_gov_domains
ministere.sante.gouv.fr,swh_gov_domains
mioga-test.finances.gouv.fr,swh_gov_domains
mioga.developpement-durable.gouv.fr,swh_gov_domains
mioga.finances.gouv.fr,swh_gov_domains
mioga.minefi.gouv.fr,swh_gov_domains
misauditinterne.sante.gouv.fr,swh_gov_domains
mistral.sante.gouv.fr,swh_gov_domains
mmo.travail.gouv.fr,swh_gov_domains
mobi.sante.gouv.fr,swh_gov_domains
mobile.dgfip.finances.gouv.fr,swh_gov_domains
mobile.mercure-pprd.agriculture.gouv.fr,swh_gov_domains
mobile.mercure.agriculture.gouv.fr,swh_gov_domains
mobile.recrutement.terre.defense.gouv.fr,swh_gov_domains
mobile.sante.gouv.fr,swh_gov_domains
mobile.social.gouv.fr,swh_gov_domains
mobile.valid.sante.gouv.fr,swh_gov_domains
mobile2.dgfip.finances.gouv.fr,swh_gov_domains
mobile2.prefecturedepolice.interieur.gouv.fr,swh_gov_domains
moncompte.educonnect.education.gouv.fr,swh_gov_domains
moncompteactivite.gouv.fr,swh_gov_domains
mondmp.dmp.gouv.fr,swh_gov_domains
mondmp1.dmp.gouv.fr,swh_gov_domains
mondmp2.dmp.gouv.fr,swh_gov_domains
mondmp3.dmp.gouv.fr,swh_gov_domains
mondmp4.dmp.gouv.fr,swh_gov_domains
mondmp5.dmp.gouv.fr,swh_gov_domains
mondmp6.dmp.gouv.fr,swh_gov_domains
monit.pprod.consultation.etalab.gouv.fr,swh_gov_domains
monitoring.2.consultation.etalab.gouv.fr,swh_gov_domains
monitoring.consultation.etalab.gouv.fr,swh_gov_domains
monitoring.particulier.api.gouv.fr,swh_gov_domains
monitoring.pprod-nv.consultation.etalab.gouv.fr,swh_gov_domains
monitoring.pprod2.consultation.etalab.gouv.fr,swh_gov_domains
monprojet.preprod.anah.gouv.fr,swh_gov_domains
monprojet.recette.anah.gouv.fr,swh_gov_domains
moselle.sit.gouv.fr,swh_gov_domains
motivaction.beta.gouv.fr,swh_gov_domains
mpa.dmp.gouv.fr,swh_gov_domains
mrsp.finances.gouv.fr,swh_gov_domains
msa.fr,swh_gov_domains
mss.intranet.social.gouv.fr,swh_gov_domains
msti.travail.gouv.fr,swh_gov_domains
mtest.melissa.bercy.gouv.fr,swh_gov_domains
musee-armee.fr,swh_gov_domains
mzero.melissa.bercy.gouv.fr,swh_gov_domains
nacre.emploi.gouv.fr,swh_gov_domains
nacre.finances.gouv.fr,swh_gov_domains
netasq-securite.dgtresor.gouv.fr,swh_gov_domains
netlify.staticweb-01.etalab.gouv.fr,swh_gov_domains
newt.consultation.etalab.gouv.fr,swh_gov_domains
next.data.gouv.fr,swh_gov_domains
ngalaxie.enseignementsup-recherche.gouv.fr,swh_gov_domains
nomade.developpement-durable.gouv.fr,swh_gov_domains
nopia-wgs84.sia.aviation-civile.gouv.fr,swh_gov_domains
nopia-wkf.sia.aviation-civile.gouv.fr,swh_gov_domains
nord-pas-de-calais.biep.fonction-publique.gouv.fr,swh_gov_domains
nord-pas-de-calais.safire.fonction-publique.gouv.fr,swh_gov_domains
normandie.safire.fonction-publique.gouv.fr,swh_gov_domains
nouvelle-aquitaine.safire.fonction-publique.gouv.fr,swh_gov_domains
nova-ideo.consultation.etalab.gouv.fr,swh_gov_domains
nova.servicesalapersonne.gouv.fr,swh_gov_domains
noyau.onp.budget.gouv.fr,swh_gov_domains
nrbc-e.gouv.fr,swh_gov_domains
nuu-ws.application.developpement-durable.gouv.fr,swh_gov_domains
nuu-ws.ecole.application.developpement-durable.gouv.fr,swh_gov_domains
nuu.application.developpement-durable.gouv.fr,swh_gov_domains
o6.sante.gouv.fr,swh_gov_domains
oaiserveur-urbamet.developpement-durable.gouv.fr,swh_gov_domains
obm-pprd.agricoll.agriculture.gouv.fr,swh_gov_domains
obm-sync-pprd.agricoll.agriculture.gouv.fr,swh_gov_domains
obm-sync.agricoll.agriculture.gouv.fr,swh_gov_domains
obm.agricoll.agriculture.gouv.fr,swh_gov_domains
oc-collecte.sante.gouv.fr,swh_gov_domains
occitanie.safire.fonction-publique.gouv.fr,swh_gov_domains
ocean-indien.safire.fonction-publique.gouv.fr,swh_gov_domains
ocmi.corse.gouv.fr,swh_gov_domains
ocmi.dgscgc.interieur.gouv.fr,swh_gov_domains
ocmi.ile-de-france.gouv.fr,swh_gov_domains
ocmi.languedoc-roussillon-midi-pyrenees.gouv.fr,swh_gov_domains
ocsaccess.dgtresor.gouv.fr,swh_gov_domains
ocsrp.dgtresor.gouv.fr,swh_gov_domains
ocswebcon.dgtresor.gouv.fr,swh_gov_domains
odil.mnc.sante.gouv.fr,swh_gov_domains
odin.indigo.defense.gouv.fr,swh_gov_domains
odyssee.dgtresor.gouv.fr,swh_gov_domains
odyssee.social.gouv.fr,swh_gov_domains
odyssee.valid.social.gouv.fr,swh_gov_domains
oeap-mdap.minefi.gouv.fr,swh_gov_domains
oedipp.application.developpement-durable.gouv.fr,swh_gov_domains
ofpra.gouv.fr,swh_gov_domains
ogpsummit.etalab.gouv.fr,swh_gov_domains
oiso.recette.application.developpement-durable.gouv.fr,swh_gov_domains
olympe-preprod.finances.gouv.fr,swh_gov_domains
olympe.bercy.gouv.fr,swh_gov_domains
olympe.finances.gouv.fr,swh_gov_domains
olympe.ira-lyon.gouv.fr,swh_gov_domains
olympe.sante-sports.gouv.fr,swh_gov_domains
onac-vg.fr,swh_gov_domains
oncfs.gouv.fr,swh_gov_domains
oned.gouv.fr,swh_gov_domains
onpe.gouv.fr,swh_gov_domains
onpes.gouv.fr,swh_gov_domains
onpv.fr,swh_gov_domains
openacademie.beta.gouv.fr,swh_gov_domains
operateur.catemsi.preprod.gendarmerie.interieur.gouv.fr,swh_gov_domains
optionsfoncieresdge.dgfip.finances.gouv.fr,swh_gov_domains
opush-pprd.agricoll.agriculture.gouv.fr,swh_gov_domains
opush.agricoll.agriculture.gouv.fr,swh_gov_domains
oqali.fr,swh_gov_domains
orassamis.extranet.jeunesse-sports.gouv.fr,swh_gov_domains
orassamis.formation.jeunesse-sports.gouv.fr,swh_gov_domains
orassamis.valid.extranet.jeunesse-sports.gouv.fr,swh_gov_domains
organisme-oceane.aviation-civile.gouv.fr,swh_gov_domains
orgpub-adresse.data.gouv.fr,swh_gov_domains
orhep.sante.gouv.fr,swh_gov_domains
orhep.valid.sante.gouv.fr,swh_gov_domains
orientation-pour-tous.fr,swh_gov_domains
orion-pprd.agriculture.gouv.fr,swh_gov_domains
orion.agriculture.gouv.fr,swh_gov_domains
orion.dieccte.gouv.fr,swh_gov_domains
orion.direccte.gouv.fr,swh_gov_domains
orion.travail.gouv.fr,swh_gov_domains
orobreg.sante.gouv.fr,swh_gov_domains
orus.sante.gouv.fr,swh_gov_domains
oursin.aviation-civile.gouv.fr,swh_gov_domains
outil-diagnostic.dmp.gouv.fr,swh_gov_domains
outils.cimd.interarmees.defense.gouv.fr,swh_gov_domains
outils.entreprises.gouv.fr,swh_gov_domains
owa.acces.agriculture.gouv.fr,swh_gov_domains
owa2.acces.agriculture.gouv.fr,swh_gov_domains
owa3.acces.agriculture.gouv.fr,swh_gov_domains
owncloud.data.gouv.fr,swh_gov_domains
p.stop-djihadisme.gouv.fr,swh_gov_domains
paca.biep.fonction-publique.gouv.fr,swh_gov_domains
paca.safire.fonction-publique.gouv.fr,swh_gov_domains
paco.intranet.social.gouv.fr,swh_gov_domains
paco.mysites.intranet.social.gouv.fr,swh_gov_domains
pactole.travail.gouv.fr,swh_gov_domains
pages-blanches.intranet.sante.gouv.fr,swh_gov_domains
palmex.sante.gouv.fr,swh_gov_domains
palmexjs.sante-sports.gouv.fr,swh_gov_domains
parcoursup.fr,swh_gov_domains
parlons-fin-de-vie.fr,swh_gov_domains
partage-pprd.agricoll.agriculture.gouv.fr,swh_gov_domains
partage.agricoll.agriculture.gouv.fr,swh_gov_domains
partenaire.faeton.interieur.gouv.fr,swh_gov_domains
partenaires-alerte-enlevement.justice.gouv.fr,swh_gov_domains
particulier-dev.api.gouv.fr,swh_gov_domains
particulier-dev.infra.beta.gouv.fr,swh_gov_domains
particulier-mock.api.gouv.fr,swh_gov_domains
particulier-prod.infra.beta.gouv.fr,swh_gov_domains
particulier-sandbox.api.gouv.fr,swh_gov_domains
particulier-sandbox.infra.beta.gouv.fr,swh_gov_domains
particulier-test-2.infra.beta.gouv.fr,swh_gov_domains
particulier-test.api.gouv.fr,swh_gov_domains
particuluer-mock.api.gouv.fr,swh_gov_domains
pas.sante.gouv.fr,swh_gov_domains
passeport.ppd.ants.gouv.fr,swh_gov_domains
pastel.diplomatie.gouv.fr,swh_gov_domains
pays-de-la-loire.biep.fonction-publique.gouv.fr,swh_gov_domains
pays-de-la-loire.safire.fonction-publique.gouv.fr,swh_gov_domains
peche-pprd.agriculture.gouv.fr,swh_gov_domains
peche.agriculture.gouv.fr,swh_gov_domains
pedro.giped.gouv.fr,swh_gov_domains
pegase.developpement-durable.gouv.fr,swh_gov_domains
pegase.din.developpement-durable.gouv.fr,swh_gov_domains
pensions.bercy.gouv.fr,swh_gov_domains
peps.sante.gouv.fr,swh_gov_domains
perf-pprd.agriculture.gouv.fr,swh_gov_domains
perf.acces.agriculture.gouv.fr,swh_gov_domains
perf.agriculture.gouv.fr,swh_gov_domains
performance-publique.budget.gouv.fr,swh_gov_domains
performance-publique.gouv.fr,swh_gov_domains
permisdeconduire.ppd.ants.gouv.fr,swh_gov_domains
pfa.data.gouv.fr,swh_gov_domains
pfc-auth-qualif.eservices.esante.gouv.fr,swh_gov_domains
pfc-auth.eservices.esante.gouv.fr,swh_gov_domains
pfc-qualif.eservices.esante.gouv.fr,swh_gov_domains
pga.prod.vpn.e2.rie.gouv.fr,swh_gov_domains
phi67.zd-est.pref.gouv.fr,swh_gov_domains
phpconges.crna-n.aviation-civile.gouv.fr,swh_gov_domains
pi.aviation-civile.gouv.fr,swh_gov_domains
piacssl.recette.application.developpement-durable.gouv.fr,swh_gov_domains
picardie.biep.fonction-publique.gouv.fr,swh_gov_domains
picardie.safire.fonction-publique.gouv.fr,swh_gov_domains
pilotage.emploi.gouv.fr,swh_gov_domains
pilote.sna-rp.aviation-civile.gouv.fr,swh_gov_domains
piwik.antai.gouv.fr,swh_gov_domains
piwik.pp.antai.gouv.fr,swh_gov_domains
pix.beta.gouv.fr,swh_gov_domains
plfssamendements.sante.gouv.fr,swh_gov_domains
plspt.sante.gouv.fr,swh_gov_domains
pm.din.developpement-durable.gouv.fr,swh_gov_domains
poad.drire.gouv.fr,swh_gov_domains
podcast.justice.gouv.fr,swh_gov_domains
poitou-charentes.safire.fonction-publique.gouv.fr,swh_gov_domains
poitou-charentes.sante.gouv.fr,swh_gov_domains
pole-sante.creps-vichy.sports.gouv.fr,swh_gov_domains
poleski.creps-montpellier.sports.gouv.fr,swh_gov_domains
police-nationale.interieur.gouv.fr,swh_gov_domains
polynesie-francaise.biep.fonction-publique.gouv.fr,swh_gov_domains
polynesie-francaise.safire.fonction-publique.gouv.fr,swh_gov_domains
pop.oncfs.gouv.fr,swh_gov_domains
pop.social.gouv.fr,swh_gov_domains
popaye.onp.budget.gouv.fr,swh_gov_domains
portail-assist.pfa.ij.justice.gouv.fr,swh_gov_domains
portail-dgac.aviation-civile.gouv.fr,swh_gov_domains
portail-dgac.lfpo.aviation-civile.gouv.fr,swh_gov_domains
portail-dj.ij.justice.gouv.fr,swh_gov_domains
portail-dj.preprod.ij.justice.gouv.fr,swh_gov_domains
portail-djo.journal-officiel.gouv.fr,swh_gov_domains
portail-enquetes.sante.gouv.fr,swh_gov_domains
portail-fca.gendarmerie.interieur.gouv.fr,swh_gov_domains
portail-formation.terre.defense.gouv.fr,swh_gov_domains
portail-gn.ij.justice.gouv.fr,swh_gov_domains
portail-gn.preprod.ij.justice.gouv.fr,swh_gov_domains
portail-logement.sga.defense.gouv.fr,swh_gov_domains
portail-pn.ij.justice.gouv.fr,swh_gov_domains
portail-pn.preprod.ij.justice.gouv.fr,swh_gov_domains
portail-pprd.agricoll.agriculture.gouv.fr,swh_gov_domains
portail-pse.emploi.gouv.fr,swh_gov_domains
portail-signature.ants.gouv.fr,swh_gov_domains
portail-ssl-fca.gendarmerie.interieur.gouv.fr,swh_gov_domains
portail.agent.phm.education.gouv.fr,swh_gov_domains
portail.centre-serveur.developpement-durable.gouv.fr,swh_gov_domains
portail.centre-serveur.din.developpement-durable.gouv.fr,swh_gov_domains
portail.diplomatie.gouv.fr,swh_gov_domains
portail.elections.education.gouv.fr,swh_gov_domains
portail.ij.intranet.justice.gouv.fr,swh_gov_domains
portail.ile-de-france.drjscs.gouv.fr,swh_gov_domains
portail.lfpg.aviation-civile.gouv.fr,swh_gov_domains
portail.preprod.ij.intranet.justice.gouv.fr,swh_gov_domains
portail.sante.gouv.fr,swh_gov_domains
portailorsec.interieur.gouv.fr,swh_gov_domains
portailrh.marine.defense.gouv.fr,swh_gov_domains
portailsso69.cp.finances.ader.gouv.fr,swh_gov_domains
portalis.diplomatie.gouv.fr,swh_gov_domains
portalis.mad.diplomatie.gouv.fr,swh_gov_domains
portos.aviation-civile.gouv.fr,swh_gov_domains
poseidon.din.developpement-durable.gouv.fr,swh_gov_domains
pour-les-personnes-agees.gouv.fr,swh_gov_domains
pp-ami-vipext01.amia.hp.in.phm.education.gouv.fr,swh_gov_domains
pp-ami-viprac01.amia.hp.in.phm.education.gouv.fr,swh_gov_domains
pp-gid-vipriip02.gid.hp.in.phm.education.gouv.fr,swh_gov_domains
pp-gos-vipweb01.gospel.hp.in.phm.education.gouv.fr,swh_gov_domains
pp-gos-vipweb02.gospel.hp.in.phm.education.gouv.fr,swh_gov_domains
pp-gospel-dadsu.hp.in.phm.education.gouv.fr,swh_gov_domains
pp-gospel.hp.in.phm.education.gouv.fr,swh_gov_domains
pp-pen-vipweb01.pen.hp.in.phm.education.gouv.fr,swh_gov_domains
pp-ses-vipcapil01.ses.hp.in.phm.education.gouv.fr,swh_gov_domains
pp-ses-vipfrt01.ses.hp.in.phm.education.gouv.fr,swh_gov_domains
pp-stradaext.phm.education.gouv.fr,swh_gov_domains
pp-sys-vipfrt01.sysca.hp.in.phm.education.gouv.fr,swh_gov_domains
pp.antai.gouv.fr,swh_gov_domains
ppd.ants.gouv.fr,swh_gov_domains
ppd.predemande-cni.ants.gouv.fr,swh_gov_domains
ppoletrangers.interieur.gouv.fr,swh_gov_domains
pprod-ariane.defense.gouv.fr,swh_gov_domains
pprod-consult.etalab.gouv.fr,swh_gov_domains
pprod-nv.consultation.etalab.gouv.fr,swh_gov_domains
pprod-portail-logement.sga.defense.gouv.fr,swh_gov_domains
pprod-rh-terre.defense.gouv.fr,swh_gov_domains
pprod.consultation.etalab.gouv.fr,swh_gov_domains
pprod.elgreco.fonction-publique.gouv.fr,swh_gov_domains
pprod171017.cybermalveillance.gouv.fr,swh_gov_domains
pprod2.consultation.etalab.gouv.fr,swh_gov_domains
pr-ami-vipext01.amia.in.phm.education.gouv.fr,swh_gov_domains
pr-ami-viprac01.amia.in.phm.education.gouv.fr,swh_gov_domains
pr-ari-vipwebex01.ariel.in.phm.education.gouv.fr,swh_gov_domains
pr-ari-vipwebex02.ariel.in.phm.education.gouv.fr,swh_gov_domains
pr-cen-vipcms01.foad.in.phm.education.gouv.fr,swh_gov_domains
pr-cen-vipcmsex01.foad.in.phm.education.gouv.fr,swh_gov_domains
pr-ect-vipwebext01.educonnect.in.phm.education.gouv.fr,swh_gov_domains
pr-ect-vipwebext02.educonnect.in.phm.education.gouv.fr,swh_gov_domains
pr-fet-vipweb01.faitsetab.in.phm.education.gouv.fr,swh_gov_domains
pr-fet-vipwebext01.faitsetab.in.phm.education.gouv.fr,swh_gov_domains
pr-foa-vipapp02.foad.in.phm.education.gouv.fr,swh_gov_domains
pr-foa-vipfrt01.foad.in.phm.education.gouv.fr,swh_gov_domains
pr-foa-vipfrtex01.foad.in.phm.education.gouv.fr,swh_gov_domains
pr-foa-vipfrtex01.in.foad.phm.education.gouv.fr,swh_gov_domains
pr-foa-vipfrtex03.in.foad.phm.education.gouv.fr,swh_gov_domains
pr-foa-vipsrcms01.foad.in.phm.education.gouv.fr,swh_gov_domains
pr-foa-vipsrcms02.foad.in.phm.education.gouv.fr,swh_gov_domains
pr-foa-vipsrcmsex01.foad.in.phm.education.gouv.fr,swh_gov_domains
pr-foa-vipweb01.foad.in.phm.education.gouv.fr,swh_gov_domains
pr-foa-vipweb03.foad.in.phm.education.gouv.fr,swh_gov_domains
pr-foa-vipweb04.foad.in.phm.education.gouv.fr,swh_gov_domains
pr-foa-vipweb05.foad.in.phm.education.gouv.fr,swh_gov_domains
pr-foa-vipwebex01.foad.in.phm.education.gouv.fr,swh_gov_domains
pr-foa-vipwebex01.in.foad.phm.education.gouv.fr,swh_gov_domains
pr-foa-vipwebex03.foad.in.phm.education.gouv.fr,swh_gov_domains
pr-foa-vipwebex04.foad.in.phm.education.gouv.fr,swh_gov_domains
pr-foa-vipwebex05.in.foad.phm.education.gouv.fr,swh_gov_domains
pr-foa-web03.foad.in.phm.education.gouv.fr,swh_gov_domains
pr-foa-web05.foad.in.phm.education.gouv.fr,swh_gov_domains
pr-foa-web06.foad.in.phm.education.gouv.fr,swh_gov_domains
pr-ged-vipfrt01.foad.in.phm.education.gouv.fr,swh_gov_domains
pr-ged-vipfrtext01.foad.in.phm.education.gouv.fr,swh_gov_domains
pr-gid-vipaihn02.gid.in.phm.education.gouv.fr,swh_gov_domains
pr-gid-vipashn02.gid.in.phm.education.gouv.fr,swh_gov_domains
pr-gid-vipdihf02.gid.in.phm.education.gouv.fr,swh_gov_domains
pr-gid-vipdihn02.gid.in.phm.education.gouv.fr,swh_gov_domains
pr-gid-vipdihn03.gid.in.phm.education.gouv.fr,swh_gov_domains
pr-gid-vipdits02.gid.in.phm.education.gouv.fr,swh_gov_domains
pr-gid-vipdits03.gid.in.phm.education.gouv.fr,swh_gov_domains
pr-gid-vipdshf02.gid.in.phm.education.gouv.fr,swh_gov_domains
pr-gid-vipdshn02.gid.in.phm.education.gouv.fr,swh_gov_domains
pr-gid-vipdshn03.gid.in.phm.education.gouv.fr,swh_gov_domains
pr-gid-vipdsts02.gid.in.phm.education.gouv.fr,swh_gov_domains
pr-gid-vipdsts03.gid.in.phm.education.gouv.fr,swh_gov_domains
pr-gid-viprihn02.gid.in.phm.education.gouv.fr,swh_gov_domains
pr-gid-viprihn03.gid.in.phm.education.gouv.fr,swh_gov_domains
pr-gid-viprshn02.gid.in.phm.education.gouv.fr,swh_gov_domains
pr-gid-viprshn03.gid.in.phm.education.gouv.fr,swh_gov_domains
pr-gos-vip01.gospel.in.phm.education.gouv.fr,swh_gov_domains
pr-gos-vip02.gospel.in.phm.education.gouv.fr,swh_gov_domains
pr-gui-vipwebex01.guilen.in.phm.education.gouv.fr,swh_gov_domains
pr-irh-vipweb01.irhen.in.phm.education.gouv.fr,swh_gov_domains
pr-pen-vipweb01.pen.in.phm.education.gouv.fr,swh_gov_domains
pr-ses-vipcapil01.ses.in.phm.education.gouv.fr,swh_gov_domains
pr-ses-vipfrt01.ses.in.phm.education.gouv.fr,swh_gov_domains
pr-sir-vipwebext03.sirhen.in.phm.education.gouv.fr,swh_gov_domains
pr-str-vipfrtex02.strada.in.phm.education.gouv.fr,swh_gov_domains
pr-str-vipfrtext02.strada.in.phm.education.gouv.fr,swh_gov_domains
pr-sys-vipfrt01.sysca.in.phm.education.gouv.fr,swh_gov_domains
pr3-sir-vipweb01.sirhen.in.phm.education.gouv.fr,swh_gov_domains
pr3-sir-vipweb03.sirhen.in.phm.education.gouv.fr,swh_gov_domains
pr3-sir-vipwebext03.sirhen.in.phm.education.gouv.fr,swh_gov_domains
pre-contratdegeneration.emploi.gouv.fr,swh_gov_domains
pre-outil-diagnostic.dmp.gouv.fr,swh_gov_domains
pre-plainte-en-ligne.gouv.fr,swh_gov_domains
pre-prod.associations-depot-comptes.journal-officiel.gouv.fr,swh_gov_domains
pre-prod.formulaires.modernisation.gouv.fr,swh_gov_domains
pre.lpa.dmp.gouv.fr,swh_gov_domains
pre.media.dmp.gouv.fr,swh_gov_domains
pre.patient.dmp.gouv.fr,swh_gov_domains
pre.ps.dmp.gouv.fr,swh_gov_domains
predemande-cni.ants.gouv.fr,swh_gov_domains
predemande-permisdeconduire.ants.gouv.fr,swh_gov_domains
premar-atlantique.gouv.fr,swh_gov_domains
premar-manche.gouv.fr,swh_gov_domains
premar-mediterranee.gouv.fr,swh_gov_domains
premier-ministre.gouv.fr,swh_gov_domains
preprod-depot-teleservices-cnaps.interieur.gouv.fr,swh_gov_domains
preprod-teleservices-cnaps.interieur.gouv.fr,swh_gov_domains
preprod.administration-transparence.intranet.sante.gouv.fr,swh_gov_domains
preprod.back.kiosque-sig.gouv.fr,swh_gov_domains
preprod.baseaeriennevirtuelle.defense.gouv.fr,swh_gov_domains
preprod.biep.fonction-publique.gouv.fr,swh_gov_domains
preprod.entreprises-transparence.sante.gouv.fr,swh_gov_domains
preprod.front.kiosque-sig.gouv.fr,swh_gov_domains
preprod.marches-publics.gouv.fr,swh_gov_domains
preprod.protection-majeurs.justice.gouv.fr,swh_gov_domains
preprod.protection-majeurs2.justice.gouv.fr,swh_gov_domains
preprod.static.electiontpe.travail.gouv.fr,swh_gov_domains
preprod.teleservices.justice.gouv.fr,swh_gov_domains
preprod.teleservices2.justice.gouv.fr,swh_gov_domains
preprod.transparence.sante.gouv.fr,swh_gov_domains
preprod.webservice-transparence.sante.gouv.fr,swh_gov_domains
preprodccs.valid.sante.gouv.fr,swh_gov_domains
presage.datar.gouv.fr,swh_gov_domains
preuvedevote2014.education.gouv.fr,swh_gov_domains
prive-biocides.developpement-durable.gouv.fr,swh_gov_domains
prix-carburants.gouv.fr,swh_gov_domains
pro-isa01-0921.travail.gouv.fr,swh_gov_domains
pro-isa02-0921.travail.gouv.fr,swh_gov_domains
pro-siv.interieur.gouv.fr,swh_gov_domains
pro.douane.gouv.fr,swh_gov_domains
pro.internet-signalement.gouv.fr,swh_gov_domains
prod1-concours.defense.gouv.fr,swh_gov_domains
prod2-concours.defense.gouv.fr,swh_gov_domains
projetars.sante.gouv.fr,swh_gov_domains
protection-majeurs.justice.gouv.fr,swh_gov_domains
protection-majeurs2.justice.gouv.fr,swh_gov_domains
pse.integration.france-visas.gouv.fr,swh_gov_domains
pva.ca.gouv.fr,swh_gov_domains
pvs-pwa.antai.gouv.fr,swh_gov_domains
pvs-pwa.pp.antai.gouv.fr,swh_gov_domains
pz.developpement-durable.gouv.fr,swh_gov_domains
qgis.projet.developpement-durable.gouv.fr,swh_gov_domains
qgis.projet.din.developpement-durable.gouv.fr,swh_gov_domains
qgis.projets.developpement-durable.gouv.fr,swh_gov_domains
qgis.projets.din.developpement-durable.gouv.fr,swh_gov_domains
qp-str-vipextex01.strada.hp.in.phm.education.gouv.fr,swh_gov_domains
qp-str-vipextex01.strada.phm.education.gouv.fr,swh_gov_domains
qp2-sir-vipfim01.sirhen.hp.in.phm.education.gouv.fr,swh_gov_domains
qp2-sir-vipweb01.sirhen.hp.in.phm.education.gouv.fr,swh_gov_domains
qp2-sir-vipweb03.sirhen.hp.in.phm.education.gouv.fr,swh_gov_domains
qp2-sir-vipwebext03.sirhen.hp.in.phm.education.gouv.fr,swh_gov_domains
qualif.alerte.interieur.gouv.fr,swh_gov_domains
qualif.associations-depot-comptes.journal-officiel.gouv.fr,swh_gov_domains
qualif.meuse.gouv.fr,swh_gov_domains
qualif.misp.interieur.gouv.fr,swh_gov_domains
qualif.pem.interieur.gouv.fr,swh_gov_domains
qualification-depot-teleservices-cnaps.interieur.gouv.fr,swh_gov_domains
qualification-teleservices-cnaps.interieur.gouv.fr,swh_gov_domains
quarantaine.intranet.social.gouv.fr,swh_gov_domains
quarantaine.travail.gouv.fr,swh_gov_domains
radar-rp.dsna-dti.aviation-civile.gouv.fr,swh_gov_domains
radon.sante.gouv.fr,swh_gov_domains
ramsesevolution2.interieur.gouv.fr,swh_gov_domains
rapport-activite.entreprises.gouv.fr,swh_gov_domains
rbm.sante.gouv.fr,swh_gov_domains
rc-experimentation-aquitaine.travail.gouv.fr,swh_gov_domains
rdb-oceane.aviation-civile.gouv.fr,swh_gov_domains
rdv-cartegrise-ppol.interieur.gouv.fr,swh_gov_domains
rdv-ppol.interieur.gouv.fr,swh_gov_domains
rdv.etalab.gouv.fr,swh_gov_domains
reap.bercy.gouv.fr,swh_gov_domains
reap.economie.gouv.fr,swh_gov_domains
rebeca-documentation.finances.gouv.fr,swh_gov_domains
rec-annuaire-igf.economie.gouv.fr,swh_gov_domains
rec-egide-inscription.finances.gouv.fr,swh_gov_domains
rec-egide-visiteur.finances.gouv.fr,swh_gov_domains
rec-egide.finances.gouv.fr,swh_gov_domains
recette-formations-metrologie.redressement-productif.gouv.fr,swh_gov_domains
recette-retraite.beta.gouv.fr,swh_gov_domains
recette.acces.agriculture.gouv.fr,swh_gov_domains
recette.agorha.acces.agriculture.gouv.fr,swh_gov_domains
recette.crocus.logement.gouv.fr,swh_gov_domains
recette.crocus.territoires.gouv.fr,swh_gov_domains
recette.marches-publics.gouv.fr,swh_gov_domains
recette.service.agriculture.gouv.fr,swh_gov_domains
recette171017.cybermalveillance.gouv.fr,swh_gov_domains
reconnaissance-a21.developpement-durable.gouv.fr,swh_gov_domains
recrutement.fonction-publique.gouv.fr,swh_gov_domains
recrutement.terre.defense.gouv.fr,swh_gov_domains
recrutementenligne.secure.gendarmerie.interieur.gouv.fr,swh_gov_domains
redevances.dcs.aviation-civile.gouv.fr,swh_gov_domains
redmine-cs.application.developpement-durable.gouv.fr,swh_gov_domains
redmine-test.centre-serveur.din.developpement-durable.gouv.fr,swh_gov_domains
redmine.application.developpement-durable.gouv.fr,swh_gov_domains
redmine.centre-serveur.developpement-durable.gouv.fr,swh_gov_domains
references.modernisation.gouv.fr,swh_gov_domains
referendum.interieur.gouv.fr,swh_gov_domains
referentiel.agadir.emploi.gouv.fr,swh_gov_domains
regiepub.dila.gouv.fr,swh_gov_domains
registry.phi67.zd-est.pref.gouv.fr,swh_gov_domains
rel.modernisation.gouv.fr,swh_gov_domains
relation-presse.developpement-durable.gouv.fr,swh_gov_domains
relocaliser.dgcis.gouv.fr,swh_gov_domains
relocaliser.entreprises.gouv.fr,swh_gov_domains
rendezvous.impots.gouv.fr,swh_gov_domains
renouvellement.intranet.justice.gouv.fr,swh_gov_domains
renouvellement.justice.ader.gouv.fr,swh_gov_domains
rereprod.consultation.etalab.gouv.fr,swh_gov_domains
res.formation.jeunesse-sports.gouv.fr,swh_gov_domains
rescollecte.formation.jeunesse-sports.gouv.fr,swh_gov_domains
reseau21.diplomatie.gouv.fr,swh_gov_domains
reseaudrh.sante.gouv.fr,swh_gov_domains
reserve-civique.beta.gouv.fr,swh_gov_domains
reserve-operationnelle.ema.defense.gouv.fr,swh_gov_domains
resic.sante.gouv.fr,swh_gov_domains
reso.beta.gouv.fr,swh_gov_domains
ressources-pro-sap.entreprises.gouv.fr,swh_gov_domains
resultats-permis.securite-routiere.gouv.fr,swh_gov_domains
resultatspermis.securite-routiere.gouv.fr,swh_gov_domains
retraite.beta.gouv.fr,swh_gov_domains
reunion.biep.fonction-publique.gouv.fr,swh_gov_domains
reunion.safire.fonction-publique.gouv.fr,swh_gov_domains
reverse.secoia-pprd.agriculture.gouv.fr,swh_gov_domains
reverse.secoia.agriculture.gouv.fr,swh_gov_domains
rhone-alpes.biep.fonction-publique.gouv.fr,swh_gov_domains
rhone-alpes.safire.fonction-publique.gouv.fr,swh_gov_domains
rhp1.terre.defense.gouv.fr,swh_gov_domains
rhp1.terre.defense.gouv.fr.1rhp.info,swh_gov_domains
rime.fonction-publique.gouv.fr,swh_gov_domains
risques.auvergne.pref.gouv.fr,swh_gov_domains
rmessmaia.sante.gouv.fr,swh_gov_domains
rncp.cncp.gouv.fr,swh_gov_domains
rosace.travail.gouv.fr,swh_gov_domains
rosie-admin.finances.gouv.fr,swh_gov_domains
rosie-stats.finances.gouv.fr,swh_gov_domains
rosierec-admin.finances.gouv.fr,swh_gov_domains
rosierec-stats.finances.gouv.fr,swh_gov_domains
rpdrjscs.sante.gouv.fr,swh_gov_domains
rps.travailler-mieux.gouv.fr,swh_gov_domains
rsp.finances.gouv.fr,swh_gov_domains
ru-sir-vipwebext01.sirhen.hp.in.phm.education.gouv.fr,swh_gov_domains
ru-sir-vipwebfer01.sirhen.hp.in.phm.education.gouv.fr,swh_gov_domains
ru-str-vipfrtex02.strada.hp.in.phm.education.gouv.fr,swh_gov_domains
ruralite.gouv.fr,swh_gov_domains
s-amelie.finances.gouv.fr,swh_gov_domains
s-modus.finances.gouv.fr,swh_gov_domains
s1.enim.gouv.fr,swh_gov_domains
s4baccess.dgtresor.gouv.fr,swh_gov_domains
s4bwebcon.dgtresor.gouv.fr,swh_gov_domains
sae-collecte.sante.gouv.fr,swh_gov_domains
sae-diffusion.sante.gouv.fr,swh_gov_domains
safire.fonction-publique.gouv.fr,swh_gov_domains
saga.sigp.aviation-civile.gouv.fr,swh_gov_domains
sai.lfpo.aviation-civile.gouv.fr,swh_gov_domains
saip.interieur.gouv.fr,swh_gov_domains
salim.consultation.etalab.gouv.fr,swh_gov_domains
salsa.pap.dpma.agriculture.gouv.fr,swh_gov_domains
sama-rec.finances.gouv.fr,swh_gov_domains
sama.finances.gouv.fr,swh_gov_domains
sanctionsfinancieres.dgtresor.gouv.fr,swh_gov_domains
santecole-collecte.sante.gouv.fr,swh_gov_domains
sarthe.gouv.fr,swh_gov_domains
sas.sante.gouv.fr,swh_gov_domains
sasjs.sante-sports.gouv.fr,swh_gov_domains
sati.dpma.agriculture.gouv.fr,swh_gov_domains
satoro.dpma.agriculture.gouv.fr,swh_gov_domains
scm.dgtresor.gouv.fr,swh_gov_domains
scrib.culture.gouv.fr,swh_gov_domains
scrutin.diplomatie.gouv.fr,swh_gov_domains
search.territoires.data.gouv.fr,swh_gov_domains
secoia-pprd.agriculture.gouv.fr,swh_gov_domains
secoia.agriculture.gouv.fr,swh_gov_domains
secours17.preprod.gendarmerie.interieur.gouv.fr,swh_gov_domains
secure.gendarmerie.interieur.gouv.fr,swh_gov_domains
securite-routiere.gouv.fr,swh_gov_domains
securite-sociale.fr,swh_gov_domains
securite.interieur.gouv.fr,swh_gov_domains
sefe-guichet-test.finances.gouv.fr,swh_gov_domains
sefe-guichet.finances.gouv.fr,swh_gov_domains
sefe-test.finances.gouv.fr,swh_gov_domains
sefe.finances.gouv.fr,swh_gov_domains
self.recp.renoirh.cisirh.rie.gouv.fr,swh_gov_domains
sem.din.developpement-durable.gouv.fr,swh_gov_domains
sen-supervision.application.developpement-durable.gouv.fr,swh_gov_domains
sen-supervision.application.equipement.gouv.fr,swh_gov_domains
sengager.fr,swh_gov_domains
sentry.data.gouv.fr,swh_gov_domains
sequence.culture.gouv.fr,swh_gov_domains
sequoia.documentation.developpement-durable.gouv.fr,swh_gov_domains
sequoia.documentation.din.developpement-durable.gouv.fr,swh_gov_domains
service-civique.gouv.fr,swh_gov_domains
service-nomade.developpement-durable.gouv.fr,swh_gov_domains
service.agriculture.gouv.fr,swh_gov_domains
servicehistorique.sga.defense.gouv.fr,swh_gov_domains
services-echanges.bercy.gouv.fr,swh_gov_domains
services.webtv.agriculture.gouv.fr,swh_gov_domains
servicespermisdeconduire.ants.gouv.fr,swh_gov_domains
servicespermisdeconduire.qualif.ants.gouv.fr,swh_gov_domains
seveso.developpement-durable.gouv.fr,swh_gov_domains
seveso3.din.developpement-durable.gouv.fr,swh_gov_domains
sharepoint.ants.gouv.fr,swh_gov_domains
sherpa.dsna-dti.aviation-civile.gouv.fr,swh_gov_domains
si-ioa.sante.gouv.fr,swh_gov_domains
sia.aviation-civile.gouv.fr,swh_gov_domains
sia2.aviation-civile.gouv.fr,swh_gov_domains
siac-integ.sante.gouv.fr,swh_gov_domains
siac.sante.gouv.fr,swh_gov_domains
siam.douane.gouv.fr,swh_gov_domains
siao.social.gouv.fr,swh_gov_domains
siao.valid.social.gouv.fr,swh_gov_domains
sicomed1.aviation-civile.gouv.fr,swh_gov_domains
sid.din.developpement-durable.gouv.fr,swh_gov_domains
sigebelext.aviation-civile.gouv.fr,swh_gov_domains
sigmanet.application.developpement-durable.gouv.fr,swh_gov_domains
signal.aviation-civile.gouv.fr,swh_gov_domains
signature-electronique.sante.gouv.fr,swh_gov_domains
sih.sante.gouv.fr,swh_gov_domains
sil.institu.referendum.interieur.gouv.fr,swh_gov_domains
sil.referendum.interieur.gouv.fr,swh_gov_domains
silav.integ.sante.gouv.fr,swh_gov_domains
silav.sante.gouv.fr,swh_gov_domains
silav.valid.sante.gouv.fr,swh_gov_domains
simulateur.accessibilite.gouv.fr,swh_gov_domains
simuler.mes-aides.gouv.fr,swh_gov_domains
sintra.travail.gouv.fr,swh_gov_domains
sip.dgtresor.gouv.fr,swh_gov_domains
sip.education.gouv.fr,swh_gov_domains
sipaj.jeunes.gouv.fr,swh_gov_domains
sipaj.valid.sante.gouv.fr,swh_gov_domains
sipajreporting.extranet.jeunesse-sports.gouv.fr,swh_gov_domains
sipajreporting.integ.extranet.jeunesse-sports.gouv.fr,swh_gov_domains
sipajreporting.valid.jeunes.gouv.fr,swh_gov_domains
sipajreportingprod.integ.extranet.jeunesse-sports.gouv.fr,swh_gov_domains
sipajreportingrec.integ.extranet.jeunesse-sports.gouv.fr,swh_gov_domains
siperf.social-sante.gouv.fr,swh_gov_domains
siperf2015.social-sante.gouv.fr,swh_gov_domains
siperf2015.valid.social-sante.gouv.fr,swh_gov_domains
sir.institu.referendum.interieur.gouv.fr,swh_gov_domains
sir.referendum.interieur.gouv.fr,swh_gov_domains
sirce.integ.sante.gouv.fr,swh_gov_domains
sirce.sante.gouv.fr,swh_gov_domains
sirce.social.gouv.fr,swh_gov_domains
sirh.projet.developpement-durable.gouv.fr,swh_gov_domains
sirh.projet.din.developpement-durable.gouv.fr,swh_gov_domains
sirh.projets.developpement-durable.gouv.fr,swh_gov_domains
sirh.support.modernisation.gouv.fr,swh_gov_domains
sirhen-fer.recette.phm.education.gouv.fr,swh_gov_domains
sirhen.recette.phm.education.gouv.fr,swh_gov_domains
sirhself.sante-sports.gouv.fr,swh_gov_domains
sis.sante.gouv.fr,swh_gov_domains
sisac-integ.sante.gouv.fr,swh_gov_domains
sisac-valid.sante.gouv.fr,swh_gov_domains
sisac.sante.gouv.fr,swh_gov_domains
sise-erp.sante.gouv.fr,swh_gov_domains
sites.beta.gouv.fr,swh_gov_domains
siv.archives-nationales.culture.gouv.fr,swh_gov_domains
siv.telepaiement.interieur.gouv.fr,swh_gov_domains
smacano.mad.diplomatie.gouv.fr,swh_gov_domains
smacano.mad.rad.diplomatie.gouv.fr,swh_gov_domains
smobi-box.defense.gouv.fr,swh_gov_domains
smobi.defense.gouv.fr,swh_gov_domains
smtp-arghos-sdli-ecis.sante.gouv.fr,swh_gov_domains
smtp-etp-ecis.sante.gouv.fr,swh_gov_domains
smtp.diplomatie.gouv.fr,swh_gov_domains
smtp.oncfs.gouv.fr,swh_gov_domains
smtp.social.gouv.fr,swh_gov_domains
smtp1.secoia-pprd.agriculture.gouv.fr,swh_gov_domains
smtp1.secoia.agriculture.gouv.fr,swh_gov_domains
smtp2.secoia-pprd.agriculture.gouv.fr,swh_gov_domains
smtp2.secoia.agriculture.gouv.fr,swh_gov_domains
sncpm.emb.terre.defense.gouv.fr,swh_gov_domains
sne.logement.gouv.fr,swh_gov_domains
snm.agriculture.gouv.fr,swh_gov_domains
socialecole-collecte.sante.gouv.fr,swh_gov_domains
sofie.finances.gouv.fr,swh_gov_domains
solen.integ.sante.gouv.fr,swh_gov_domains
solen.sante.gouv.fr,swh_gov_domains
solen.valid.sante.gouv.fr,swh_gov_domains
solstice.lorraine.gouv.fr,swh_gov_domains
solstice.moselle.gouv.fr,swh_gov_domains
soomedfez.pprod-consult.etalab.gouv.fr,swh_gov_domains
sp.ants.gouv.fr,swh_gov_domains
spdc.dgfip.finances.gouv.fr,swh_gov_domains
spi-enroleur.ca.gouv.fr,swh_gov_domains
spi-equipement.ca.gouv.fr,swh_gov_domains
spi-porteur-2etoiles.ca.gouv.fr,swh_gov_domains
spi-serveur.ca.gouv.fr,swh_gov_domains
spls.application.logement.gouv.fr,swh_gov_domains
spm.application.developpement-durable.gouv.fr,swh_gov_domains
sportsdenature.gouv.fr,swh_gov_domains
sprint.interarmees.defense.gouv.fr,swh_gov_domains
srv-cms-pwa.antai.gouv.fr,swh_gov_domains
srv-cms-pwa.pp.antai.gouv.fr,swh_gov_domains
srv1.agrispip.agriculture.gouv.fr,swh_gov_domains
srvcloud.creps-vichy.sports.gouv.fr,swh_gov_domains
srvmail.creps-vichy.sports.gouv.fr,swh_gov_domains
srvvisio.creps-vichy.sports.gouv.fr,swh_gov_domains
srvweb.creps-vichy.sports.gouv.fr,swh_gov_domains
ssiad-collecte.sante.gouv.fr,swh_gov_domains
ssiad-collecte.social.gouv.fr,swh_gov_domains
ssl.giped.gouv.fr,swh_gov_domains
ssl.premier-ministre.gouv.fr,swh_gov_domains
sso.gendarmerie.interieur.gouv.fr,swh_gov_domains
st-cyr.terre.defense.gouv.fr,swh_gov_domains
static.electiontpe.travail.gouv.fr,swh_gov_domains
static.impots.gouv.fr,swh_gov_domains
static.integration.impots.gouv.fr,swh_gov_domains
staticweb-01.etalab.gouv.fr,swh_gov_domains
staticweb-02.etalab.gouv.fr,swh_gov_domains
stats-pprd.agriculture.gouv.fr,swh_gov_domains
stats.agriculture.gouv.fr,swh_gov_domains
stats.data.gouv.fr,swh_gov_domains
stats.pprod.consultation.etalab.gouv.fr,swh_gov_domains
status.fps.antai.gouv.fr,swh_gov_domains
status.particulier.api.gouv.fr,swh_gov_domains
stendhal.diplomatie.gouv.fr,swh_gov_domains
stop-discrimination.gouv.fr,swh_gov_domains
stradaext.phm.education.gouv.fr,swh_gov_domains
subventions-web.modernisation.gouv.fr,swh_gov_domains
suivi-cni.interieur.gouv.fr,swh_gov_domains
suivi-gouvernement-ouvert.etalab.gouv.fr,swh_gov_domains
sulnoc.pprod-consult.etalab.gouv.fr,swh_gov_domains
sumo.travail.gouv.fr,swh_gov_domains
support.cartes.ants.gouv.fr,swh_gov_domains
support.modernisation.gouv.fr,swh_gov_domains
surveillance.elections.education.gouv.fr,swh_gov_domains
sve.jeunesse-sports.gouv.fr,swh_gov_domains
sve.social-sante.gouv.fr,swh_gov_domains
sve.travail-emploi.gouv.fr,swh_gov_domains
svn-forge.din.developpement-durable.gouv.fr,swh_gov_domains
svn.forge.application.developpement-durable.gouv.fr,swh_gov_domains
syfoadd.developpement-durable.gouv.fr,swh_gov_domains
syfoadd.din.developpement-durable.gouv.fr,swh_gov_domains
syfoadd.ente.developpement-durable.gouv.fr,swh_gov_domains
syfoadd.ente.din.developpement-durable.gouv.fr,swh_gov_domains
syfoadd.test.developpement-durable.gouv.fr,swh_gov_domains
synchro.developpement-durable.gouv.fr,swh_gov_domains
syncml.lfbo.aviation-civile.gouv.fr,swh_gov_domains
syncml.lfpi.aviation-civile.gouv.fr,swh_gov_domains
syncml.lfpo.aviation-civile.gouv.fr,swh_gov_domains
syncml.lfpw.aviation-civile.gouv.fr,swh_gov_domains
syplo.logement.gouv.fr,swh_gov_domains
syplo.territoires.gouv.fr,swh_gov_domains
tacle.sante.gouv.fr,swh_gov_domains
tam.ca.gouv.fr,swh_gov_domains
tam.valid.extranet.jeunesse-sports.gouv.fr,swh_gov_domains
tarifs-bancaires.gouv.fr,swh_gov_domains
tci.sante.gouv.fr,swh_gov_domains
technologies-cles-2020.entreprises.gouv.fr,swh_gov_domains
tele7.interieur.gouv.fr,swh_gov_domains
teleagrement.interieur.gouv.fr,swh_gov_domains
telecartepro.interieur.gouv.fr,swh_gov_domains
telechargement.sante.gouv.fr,swh_gov_domains
telecom.gouv.fr,swh_gov_domains
teledoeth.travail.gouv.fr,swh_gov_domains
teledt.impots.gouv.fr,swh_gov_domains
telepac.agriculture.gouv.fr,swh_gov_domains
telepaiement-siv.interieur.gouv.fr,swh_gov_domains
telepaiement.cp.finances.gouv.fr,swh_gov_domains
telepaiement.dgfip.finances.gouv.fr,swh_gov_domains
teleprocedures.agriculture.gouv.fr,swh_gov_domains
telerc.travail.gouv.fr,swh_gov_domains
telerecours.conseil-etat.ader.gouv.fr,swh_gov_domains
telerecours.juradm.ader.gouv.fr,swh_gov_domains
telescope.finances.gouv.fr,swh_gov_domains
teleservices.justice.gouv.fr,swh_gov_domains
teleservices2.justice.gouv.fr,swh_gov_domains
teletd-test.impots.gouv.fr,swh_gov_domains
teletd.impots.gouv.fr,swh_gov_domains
teletd.integration.impots.gouv.fr,swh_gov_domains
televideoprotection.interieur.gouv.fr,swh_gov_domains
terminologie.jeunesse-sports.gouv.fr,swh_gov_domains
terra.developpement-durable.gouv.fr,swh_gov_domains
territoires.gouv.fr,swh_gov_domains
territoires2040.datar.gouv.fr,swh_gov_domains
tesrst123459.pprod-consult.etalab.gouv.fr,swh_gov_domains
test-afd.consultation.etalab.gouv.fr,swh_gov_domains
test-alternance.emploi.gouv.fr,swh_gov_domains
test-production.consultation.etalab.gouv.fr,swh_gov_domains
test-sati.dpma.agriculture.gouv.fr,swh_gov_domains
test.amelie.finances.gouv.fr,swh_gov_domains
test.artemis.finances.gouv.fr,swh_gov_domains
test.back.education.gouv.fr,swh_gov_domains
test.cascade.ecologie.gouv.fr,swh_gov_domains
test.e-modus.finances.gouv.fr,swh_gov_domains
test.education.gouv.fr,swh_gov_domains
test.enseignementsup-recherche.gouv.fr,swh_gov_domains
test.indispo.itrf.education.gouv.fr,swh_gov_domains
test.itrf.education.gouv.fr,swh_gov_domains
test.media.education.gouv.fr,swh_gov_domains
test.melissa.bercy.gouv.fr,swh_gov_domains
test.melissa.finances.gouv.fr,swh_gov_domains
test.s-modus.finances.gouv.fr,swh_gov_domains
test.venus.finances.gouv.fr,swh_gov_domains
test.venus.minefi.gouv.fr,swh_gov_domains
test2.consultation.etalab.gouv.fr,swh_gov_domains
test2.tracfin.finances.gouv.fr,swh_gov_domains
test4096.igc.agriculture.gouv.fr,swh_gov_domains
testdem.pprod-consult.etalab.gouv.fr,swh_gov_domains
testdemoos.consultation.etalab.gouv.fr,swh_gov_domains
testnossh.pprod-consult.etalab.gouv.fr,swh_gov_domains
testnoww.pprod-consult.etalab.gouv.fr,swh_gov_domains
testopengov.consultation.etalab.gouv.fr,swh_gov_domains
testssl-qualif.eservices.esante.gouv.fr,swh_gov_domains
theconsul.pprod-consult.etalab.gouv.fr,swh_gov_domains
tile-a.enc-ahi.social.gouv.fr,swh_gov_domains
tile-b.enc-ahi.social.gouv.fr,swh_gov_domains
tile-c.enc-ahi.social.gouv.fr,swh_gov_domains
timbre.justice.gouv.fr,swh_gov_domains
timbres.justice.gouv.fr,swh_gov_domains
tipi-client.budget.gouv.fr,swh_gov_domains
tipi-qualif.budget.gouv.fr,swh_gov_domains
tipi-test.budget.gouv.fr,swh_gov_domains
tipi.budget.gouv.fr,swh_gov_domains
titres.dgfip.finances.gouv.fr,swh_gov_domains
tmasif.sigp.aviation-civile.gouv.fr,swh_gov_domains
tmasim.sigp.aviation-civile.gouv.fr,swh_gov_domains
to-argos.sante.gouv.fr,swh_gov_domains
toa.sante.gouv.fr,swh_gov_domains
tom-qualif.eservices.esante.gouv.fr,swh_gov_domains
tops-qualif.eservices.esante.gouv.fr,swh_gov_domains
trafic2000.application.developpement-durable.gouv.fr,swh_gov_domains
trafic2000.application.equipement.gouv.fr,swh_gov_domains
transfert.lorraine.gouv.fr,swh_gov_domains
transfert.lorraine.sit.gouv.fr,swh_gov_domains
transfert.moselle.gouv.fr,swh_gov_domains
transit.pro.douane.gouv.fr,swh_gov_domains
transport.beta.gouv.fr,swh_gov_domains
travail-collaboratif.developpement-durable.gouv.fr,swh_gov_domains
travail-collaboratif.din.developpement-durable.gouv.fr,swh_gov_domains
tresor.economie.gouv.fr,swh_gov_domains
trevi.impots.gouv.fr,swh_gov_domains
tribu.in.phm.education.gouv.fr,swh_gov_domains
tribu.phm.education.gouv.fr,swh_gov_domains
trouvermonmaster.gouv.fr,swh_gov_domains
tva.dgi.minefi.gouv.fr,swh_gov_domains
urba.api.gouv.fr,swh_gov_domains
urbaclic.beta.gouv.fr,swh_gov_domains
urbanisme.api.gouv.fr,swh_gov_domains
urgences-collecte.sante.gouv.fr,swh_gov_domains
usager-ctrl.agriculture.gouv.fr,swh_gov_domains
usager-dev.agriculture.gouv.fr,swh_gov_domains
usager-pprd.agriculture.gouv.fr,swh_gov_domains
usager.agriculture.gouv.fr,swh_gov_domains
usager.faeton.interieur.gouv.fr,swh_gov_domains
usagers.antai.gouv.fr,swh_gov_domains
usagers.pp.antai.gouv.fr,swh_gov_domains
valce.travail.gouv.fr,swh_gov_domains
valid.extranet.jeunesse-sports.gouv.fr,swh_gov_domains
valise-permanence.developpement-durable.gouv.fr,swh_gov_domains
valise-permanence.din.developpement-durable.gouv.fr,swh_gov_domains
veille-internationale-dss.sante.gouv.fr,swh_gov_domains
venus.finances.gouv.fr,swh_gov_domains
venus.minefi.gouv.fr,swh_gov_domains
verone.travail.gouv.fr,swh_gov_domains
video-test.finances.gouv.fr,swh_gov_domains
video.bercy.gouv.fr,swh_gov_domains
videos.gouv.fr,swh_gov_domains
virtualia.dgtresor.gouv.fr,swh_gov_domains
visio.lfpg.aviation-civile.gouv.fr,swh_gov_domains
vitam.agriculture.gouv.fr,swh_gov_domains
voeux.defense.gouv.fr,swh_gov_domains
vote-electiontpe.travail.gouv.fr,swh_gov_domains
vote2014.education.gouv.fr,swh_gov_domains
vote2014test.education.gouv.fr,swh_gov_domains
vp-zone-est.developpement-durable.gouv.fr,swh_gov_domains
vp-zone-ouest.developpement-durable.gouv.fr,swh_gov_domains
vp-zone-ouest.equipement.gouv.fr,swh_gov_domains
vp-zone-sud-ouest.developpement-durable.gouv.fr,swh_gov_domains
vp-zone-sud-ouest.equipement.gouv.fr,swh_gov_domains
vp-zone-sud.developpement-durable.gouv.fr,swh_gov_domains
vpnssl.dgtresor.gouv.fr,swh_gov_domains
vpnssl101.intranet.sante.gouv.fr,swh_gov_domains
vpnssl120.intranet.sante.gouv.fr,swh_gov_domains
vpnssl130.intranet.sante.gouv.fr,swh_gov_domains
vps.mes-aides.gouv.fr,swh_gov_domains
vrb.sante.gouv.fr,swh_gov_domains
vulcain.sante-sports.gouv.fr,swh_gov_domains
wam-authent-q.ssim.aviation-civile.gouv.fr,swh_gov_domains
web-agap.ants.gouv.fr,swh_gov_domains
web-armes.interieur.gouv.fr,swh_gov_domains
webchat.in.phm.education.gouv.fr,swh_gov_domains
webchat.phm.education.gouv.fr,swh_gov_domains
webconf.din.developpement-durable.gouv.fr,swh_gov_domains
webdas.aviation-civile.gouv.fr,swh_gov_domains
webdisk.stop-discrimination.gouv.fr,swh_gov_domains
webdocs.diplomatie.gouv.fr,swh_gov_domains
webixi-test.developpement-durable.gouv.fr,swh_gov_domains
webixi.developpement-durable.gouv.fr,swh_gov_domains
webmail-pprd.agricoll.agriculture.gouv.fr,swh_gov_domains
webmail.agricoll.agriculture.gouv.fr,swh_gov_domains
webmail.defense.gouv.fr,swh_gov_domains
webmail.dgtresor.gouv.fr,swh_gov_domains
webmail.franceconnect.gouv.fr,swh_gov_domains
webmail.journal-officiel.gouv.fr,swh_gov_domains
webmail.oncfs.gouv.fr,swh_gov_domains
webmail.sante.gouv.fr,swh_gov_domains
webmail.stop-discrimination.gouv.fr,swh_gov_domains
webservice-transparence.sante.gouv.fr,swh_gov_domains
webstatistics.dgtresor.gouv.fr,swh_gov_domains
webtv.agriculture.gouv.fr,swh_gov_domains
whitetest.pprod-consult.etalab.gouv.fr,swh_gov_domains
wiki.data.gouv.fr,swh_gov_domains
ws-bal.syplo.logement.gouv.fr,swh_gov_domains
ws-communes.comedec.qualif.ants.gouv.fr,swh_gov_domains
ws-dalo.formation.syplo.logement.gouv.fr,swh_gov_domains
ws-dalo.formation.syplo.territoires.gouv.fr,swh_gov_domains
ws-dalo.syplo.logement.gouv.fr,swh_gov_domains
ws-dalo.syplo.territoires.gouv.fr,swh_gov_domains
wscpf.moncompteformation.gouv.fr,swh_gov_domains
wsssyner.sante.gouv.fr,swh_gov_domains
www-test.catalogue.ifore.developpement-durable.gouv.fr,swh_gov_domains
www-valid.travail-emploi.gouv.fr,swh_gov_domains
www1.telepac.agriculture.gouv.fr,swh_gov_domains
www2.admin.prefecturedepolice.interieur.gouv.fr,swh_gov_domains
www2.prefecturedepolice.interieur.gouv.fr,swh_gov_domains
www2.telepac.agriculture.gouv.fr,swh_gov_domains
www3.amelie.finances.gouv.fr,swh_gov_domains
www3.melissa.finances.gouv.fr,swh_gov_domains
www3.telepac.agriculture.gouv.fr,swh_gov_domains
www4.telepac.agriculture.gouv.fr,swh_gov_domains
xsr.enim.gouv.fr,swh_gov_domains
xwiki.application.developpement-durable.gouv.fr,swh_gov_domains
z.developpement-durable.gouv.fr,swh_gov_domains
zero.amelie.finances.gouv.fr,swh_gov_domains
zero.e-modus.finances.gouv.fr,swh_gov_domains
zero.melissa.finances.gouv.fr,swh_gov_domains
zero.s-modus.finances.gouv.fr,swh_gov_domains
zero.venus.finances.gouv.fr,swh_gov_domains
zeus.sigp.aviation-civile.gouv.fr,swh_gov_domains
zp.developpement-durable.gouv.fr,swh_gov_domains
